table_id,origin_mode,matrix,configuration,status,nominal_seconds,expected_forecasts,missing_score_rows,counts_by_status,actual_elapsed_seconds_range,energy_score_m,position_entropy_nats,coverage
causal_prefix:NEX326-diagnostic:diagnostic/full-exact-kernel,causal_prefix,NEX326-diagnostic,diagnostic/full-exact-kernel,computed,60,230,0,"{""success"":230}","[49.0,67.0]",50.47575022264215,1.3596733058413863,"[{""coverage_rate"":0.33043478260869563,""level"":0.5,""mean_area_m2"":13161.972651083564},{""coverage_rate"":0.8869565217391304,""level"":0.8,""mean_area_m2"":30600.71371009365},{""coverage_rate"":0.9565217391304348,""level"":0.9,""mean_area_m2"":43757.58537467432},{""coverage_rate"":0.9565217391304348,""level"":0.95,""mean_area_m2"":57303.86021987387}]"
causal_prefix:NEX326-diagnostic:diagnostic/full-exact-kernel,causal_prefix,NEX326-diagnostic,diagnostic/full-exact-kernel,computed,300,230,0,"{""success"":230}","[294.0,305.0]",242.54472638943844,1.9194388140198126,"[{""coverage_rate"":0.06956521739130435,""level"":0.5,""mean_area_m2"":94450.62989259465},{""coverage_rate"":0.26521739130434785,""level"":0.8,""mean_area_m2"":209176.17512363003},{""coverage_rate"":0.3826086956521739,""level"":0.9,""mean_area_m2"":291996.25136599963},{""coverage_rate"":0.48695652173913045,""level"":0.95,""mean_area_m2"":375607.8217367924}]"
causal_prefix:NEX326-diagnostic:diagnostic/full-exact-kernel,causal_prefix,NEX326-diagnostic,diagnostic/full-exact-kernel,computed,900,230,0,"{""success"":230}","[889.0,910.0]",608.2991152832415,3.2189435335938286,"[{""coverage_rate"":0.09130434782608696,""level"":0.5,""mean_area_m2"":537520.9274160537},{""coverage_rate"":0.24347826086956523,""level"":0.8,""mean_area_m2"":1060258.2720114065},{""coverage_rate"":0.32608695652173914,""level"":0.9,""mean_area_m2"":1406916.876463262},{""coverage_rate"":0.45217391304347826,""level"":0.95,""mean_area_m2"":1753551.0210080987}]"
causal_prefix:NEX326-diagnostic:diagnostic/full-exact-kernel,causal_prefix,NEX326-diagnostic,diagnostic/full-exact-kernel,computed,1800,230,0,"{""success"":230}","[1785.0,1814.0]",1007.5706051094053,4.122182836515143,"[{""coverage_rate"":0.34347826086956523,""level"":0.5,""mean_area_m2"":1994586.5992871383},{""coverage_rate"":0.3695652173913043,""level"":0.8,""mean_area_m2"":3558613.4148278995},{""coverage_rate"":0.45652173913043476,""level"":0.9,""mean_area_m2"":4551494.726550522},{""coverage_rate"":0.5173913043478261,""level"":0.95,""mean_area_m2"":5477448.846717694}]"
causal_prefix:NEX326-methods:arm-01/full,causal_prefix,NEX326-methods,arm-01/full,computed,60,230,0,"{""success"":230}","[49.0,67.0]",50.569749444899905,1.3612956897758868,"[{""coverage_rate"":0.33043478260869563,""level"":0.5,""mean_area_m2"":13047.523707194792},{""coverage_rate"":0.8739130434782608,""level"":0.8,""mean_area_m2"":30574.998204825584},{""coverage_rate"":0.9565217391304348,""level"":0.9,""mean_area_m2"":43615.82915665533},{""coverage_rate"":0.9652173913043478,""level"":0.95,""mean_area_m2"":56974.559343916764}]"
causal_prefix:NEX326-methods:arm-01/full,causal_prefix,NEX326-methods,arm-01/full,computed,300,230,0,"{""success"":230}","[294.0,305.0]",243.228509869058,1.9187070448472194,"[{""coverage_rate"":0.06521739130434782,""level"":0.5,""mean_area_m2"":94044.06900348778},{""coverage_rate"":0.2565217391304348,""level"":0.8,""mean_area_m2"":210061.2757065879},{""coverage_rate"":0.3782608695652174,""level"":0.9,""mean_area_m2"":294242.1552486306},{""coverage_rate"":0.5043478260869565,""level"":0.95,""mean_area_m2"":377548.9627645232}]"
causal_prefix:NEX326-methods:arm-01/full,causal_prefix,NEX326-methods,arm-01/full,computed,900,230,0,"{""success"":230}","[889.0,910.0]",609.2671942332843,3.223508893978943,"[{""coverage_rate"":0.09565217391304348,""level"":0.5,""mean_area_m2"":538703.6250196926},{""coverage_rate"":0.24347826086956523,""level"":0.8,""mean_area_m2"":1061634.7094808016},{""coverage_rate"":0.3521739130434783,""level"":0.9,""mean_area_m2"":1415312.25368895},{""coverage_rate"":0.4391304347826087,""level"":0.95,""mean_area_m2"":1752518.9027769798}]"
causal_prefix:NEX326-methods:arm-01/full,causal_prefix,NEX326-methods,arm-01/full,computed,1800,230,0,"{""success"":230}","[1785.0,1814.0]",1008.349225203131,4.125728383046294,"[{""coverage_rate"":0.3347826086956522,""level"":0.5,""mean_area_m2"":2001613.1974139411},{""coverage_rate"":0.3739130434782609,""level"":0.8,""mean_area_m2"":3552234.7595854863},{""coverage_rate"":0.4652173913043478,""level"":0.9,""mean_area_m2"":4534038.789235507},{""coverage_rate"":0.5217391304347826,""level"":0.95,""mean_area_m2"":5495544.830147503}]"
causal_prefix:NEX326-methods:arm-02/pointwise,causal_prefix,NEX326-methods,arm-02/pointwise,computed,60,230,0,"{""success"":230}","[49.0,67.0]",50.365793140526385,1.3597627717815182,"[{""coverage_rate"":0.3391304347826087,""level"":0.5,""mean_area_m2"":13106.149778816713},{""coverage_rate"":0.8913043478260869,""level"":0.8,""mean_area_m2"":30375.188336452284},{""coverage_rate"":0.9565217391304348,""level"":0.9,""mean_area_m2"":43284.88203633896},{""coverage_rate"":0.9565217391304348,""level"":0.95,""mean_area_m2"":56538.383791867855}]"
causal_prefix:NEX326-methods:arm-02/pointwise,causal_prefix,NEX326-methods,arm-02/pointwise,computed,300,230,0,"{""success"":230}","[294.0,305.0]",249.10392563593734,1.7335967627826654,"[{""coverage_rate"":0.021739130434782608,""level"":0.5,""mean_area_m2"":67834.25930237329},{""coverage_rate"":0.1565217391304348,""level"":0.8,""mean_area_m2"":158732.5101441613},{""coverage_rate"":0.24782608695652175,""level"":0.9,""mean_area_m2"":226339.7554728904},{""coverage_rate"":0.391304347826087,""level"":0.95,""mean_area_m2"":296103.0731129539}]"
causal_prefix:NEX326-methods:arm-02/pointwise,causal_prefix,NEX326-methods,arm-02/pointwise,computed,900,230,0,"{""success"":230}","[889.0,910.0]",652.0912113814785,2.680380976181813,"[{""coverage_rate"":0.021739130434782608,""level"":0.5,""mean_area_m2"":217754.7553404203},{""coverage_rate"":0.06521739130434782,""level"":0.8,""mean_area_m2"":511404.57058482536},{""coverage_rate"":0.10869565217391304,""level"":0.9,""mean_area_m2"":730599.9987680922},{""coverage_rate"":0.1608695652173913,""level"":0.95,""mean_area_m2"":951229.561682905}]"
causal_prefix:NEX326-methods:arm-02/pointwise,causal_prefix,NEX326-methods,arm-02/pointwise,computed,1800,230,0,"{""success"":230}","[1785.0,1814.0]",1091.666180844744,3.3925673827038505,"[{""coverage_rate"":0.06521739130434782,""level"":0.5,""mean_area_m2"":487856.7005602502},{""coverage_rate"":0.1565217391304348,""level"":0.8,""mean_area_m2"":1140674.4990201725},{""coverage_rate"":0.21739130434782608,""level"":0.9,""mean_area_m2"":1628930.172461981},{""coverage_rate"":0.3,""level"":0.95,""mean_area_m2"":2133880.9558384586}]"
causal_prefix:NEX326-methods:arm-03/single_gaussian,causal_prefix,NEX326-methods,arm-03/single_gaussian,computed,60,230,0,"{""success"":230}","[49.0,67.0]",48.607105079728335,1.3263726526036412,"[{""coverage_rate"":0.4,""level"":0.5,""mean_area_m2"":12822.477988312954},{""coverage_rate"":0.8478260869565217,""level"":0.8,""mean_area_m2"":29710.71233864293},{""coverage_rate"":0.9565217391304348,""level"":0.9,""mean_area_m2"":42440.60798328862},{""coverage_rate"":0.9565217391304348,""level"":0.95,""mean_area_m2"":55532.052024923}]"
causal_prefix:NEX326-methods:arm-03/single_gaussian,causal_prefix,NEX326-methods,arm-03/single_gaussian,computed,300,230,0,"{""success"":230}","[294.0,305.0]",237.81055947109985,1.7223414895016014,"[{""coverage_rate"":0.030434782608695653,""level"":0.5,""mean_area_m2"":67210.65188568372},{""coverage_rate"":0.21739130434782608,""level"":0.8,""mean_area_m2"":157178.57295098176},{""coverage_rate"":0.3173913043478261,""level"":0.9,""mean_area_m2"":223989.80797667222},{""coverage_rate"":0.5130434782608696,""level"":0.95,""mean_area_m2"":292796.50189957715}]"
causal_prefix:NEX326-methods:arm-03/single_gaussian,causal_prefix,NEX326-methods,arm-03/single_gaussian,computed,900,230,0,"{""success"":230}","[889.0,910.0]",627.2290050690283,2.7185007073927077,"[{""coverage_rate"":0.021739130434782608,""level"":0.5,""mean_area_m2"":227424.45789569363},{""coverage_rate"":0.1,""level"":0.8,""mean_area_m2"":530898.7005815302},{""coverage_rate"":0.1782608695652174,""level"":0.9,""mean_area_m2"":760139.2373072209},{""coverage_rate"":0.2826086956521739,""level"":0.95,""mean_area_m2"":994098.9173857155}]"
causal_prefix:NEX326-methods:arm-03/single_gaussian,causal_prefix,NEX326-methods,arm-03/single_gaussian,computed,1800,230,0,"{""success"":230}","[1785.0,1814.0]",1085.8229664829328,3.505154955253806,"[{""coverage_rate"":0.1565217391304348,""level"":0.5,""mean_area_m2"":550984.930839094},{""coverage_rate"":0.1956521739130435,""level"":0.8,""mean_area_m2"":1290875.6120688727},{""coverage_rate"":0.32608695652173914,""level"":0.9,""mean_area_m2"":1839573.1459503728},{""coverage_rate"":0.4260869565217391,""level"":0.95,""mean_area_m2"":2419977.8548748298}]"
causal_prefix:NEX326-methods:arm-04/gmm_kernel,causal_prefix,NEX326-methods,arm-04/gmm_kernel,computed,60,230,0,"{""success"":230}","[49.0,67.0]",50.35216084765841,1.365313122160601,"[{""coverage_rate"":0.7652173913043478,""level"":0.5,""mean_area_m2"":24881.35086899709},{""coverage_rate"":0.9565217391304348,""level"":0.8,""mean_area_m2"":52126.328909589145},{""coverage_rate"":0.9695652173913043,""level"":0.9,""mean_area_m2"":71568.23336155227},{""coverage_rate"":0.9956521739130435,""level"":0.95,""mean_area_m2"":91465.09496310566}]"
causal_prefix:NEX326-methods:arm-04/gmm_kernel,causal_prefix,NEX326-methods,arm-04/gmm_kernel,computed,300,230,0,"{""success"":230}","[294.0,305.0]",228.87097461928965,2.1707958529990683,"[{""coverage_rate"":0.14782608695652175,""level"":0.5,""mean_area_m2"":121743.52249205699},{""coverage_rate"":0.41304347826086957,""level"":0.8,""mean_area_m2"":281237.3057876388},{""coverage_rate"":0.6652173913043479,""level"":0.9,""mean_area_m2"":399730.97835145995},{""coverage_rate"":0.8304347826086956,""level"":0.95,""mean_area_m2"":518244.3392215069}]"
causal_prefix:NEX326-methods:arm-04/gmm_kernel,causal_prefix,NEX326-methods,arm-04/gmm_kernel,computed,900,230,0,"{""success"":230}","[889.0,910.0]",598.6958584447951,3.2107205197104762,"[{""coverage_rate"":0.043478260869565216,""level"":0.5,""mean_area_m2"":399284.573129518},{""coverage_rate"":0.21739130434782608,""level"":0.8,""mean_area_m2"":925577.5422460972},{""coverage_rate"":0.34782608695652173,""level"":0.9,""mean_area_m2"":1320879.162240923},{""coverage_rate"":0.49130434782608695,""level"":0.95,""mean_area_m2"":1722957.944243618}]"
causal_prefix:NEX326-methods:arm-04/gmm_kernel,causal_prefix,NEX326-methods,arm-04/gmm_kernel,computed,1800,230,0,"{""success"":230}","[1785.0,1814.0]",1022.1902966049105,3.9609863362907762,"[{""coverage_rate"":0.15217391304347827,""level"":0.5,""mean_area_m2"":925611.4637216482},{""coverage_rate"":0.3565217391304348,""level"":0.8,""mean_area_m2"":2151246.982119571},{""coverage_rate"":0.45217391304347826,""level"":0.9,""mean_area_m2"":3079163.3501970354},{""coverage_rate"":0.4782608695652174,""level"":0.95,""mean_area_m2"":4027806.87179257}]"
causal_prefix:NEX326-methods:arm-05/explicit_decomp,causal_prefix,NEX326-methods,arm-05/explicit_decomp,computed,60,230,0,"{""success"":230}","[49.0,67.0]",48.21045107937237,1.2717409451102075,"[{""coverage_rate"":0.4608695652173913,""level"":0.5,""mean_area_m2"":12002.887155186163},{""coverage_rate"":0.7695652173913043,""level"":0.8,""mean_area_m2"":27899.27097252516},{""coverage_rate"":0.9130434782608695,""level"":0.9,""mean_area_m2"":39969.057504467826},{""coverage_rate"":0.9521739130434783,""level"":0.95,""mean_area_m2"":52097.59430366912}]"
causal_prefix:NEX326-methods:arm-05/explicit_decomp,causal_prefix,NEX326-methods,arm-05/explicit_decomp,computed,300,230,0,"{""success"":230}","[294.0,305.0]",239.20373005692514,1.6297606922785144,"[{""coverage_rate"":0.1,""level"":0.5,""mean_area_m2"":60331.39939654102},{""coverage_rate"":0.22608695652173913,""level"":0.8,""mean_area_m2"":140889.19180213314},{""coverage_rate"":0.3217391304347826,""level"":0.9,""mean_area_m2"":200700.0026676097},{""coverage_rate"":0.4391304347826087,""level"":0.95,""mean_area_m2"":262013.75715104755}]"
causal_prefix:NEX326-methods:arm-05/explicit_decomp,causal_prefix,NEX326-methods,arm-05/explicit_decomp,computed,900,230,0,"{""success"":230}","[889.0,910.0]",658.214529141966,2.5299527362129224,"[{""coverage_rate"":0.004347826086956522,""level"":0.5,""mean_area_m2"":183974.6942276477},{""coverage_rate"":0.10869565217391304,""level"":0.8,""mean_area_m2"":427085.59829796903},{""coverage_rate"":0.13478260869565217,""level"":0.9,""mean_area_m2"":610613.1515311389},{""coverage_rate"":0.2,""level"":0.95,""mean_area_m2"":794089.8788612452}]"
causal_prefix:NEX326-methods:arm-05/explicit_decomp,causal_prefix,NEX326-methods,arm-05/explicit_decomp,computed,1800,230,0,"{""success"":230}","[1785.0,1814.0]",1197.6152619441532,3.1618064119348497,"[{""coverage_rate"":0.06521739130434782,""level"":0.5,""mean_area_m2"":375236.00642220804},{""coverage_rate"":0.1956521739130435,""level"":0.8,""mean_area_m2"":872143.5085313872},{""coverage_rate"":0.21739130434782608,""level"":0.9,""mean_area_m2"":1247355.061807238},{""coverage_rate"":0.26521739130434785,""level"":0.95,""mean_area_m2"":1632361.9007154733}]"
causal_prefix:NEX326-methods:arm-06/dt120,causal_prefix,NEX326-methods,arm-06/dt120,computed,60,230,0,"{""success"":230}","[49.0,67.0]",51.52948009188198,1.3827575135227033,"[{""coverage_rate"":0.6434782608695652,""level"":0.5,""mean_area_m2"":23109.93125650394},{""coverage_rate"":0.9565217391304348,""level"":0.8,""mean_area_m2"":53890.867232509525},{""coverage_rate"":0.9826086956521739,""level"":0.9,""mean_area_m2"":77309.3772030845},{""coverage_rate"":1.0,""level"":0.95,""mean_area_m2"":100347.09358363705}]"
causal_prefix:NEX326-methods:arm-06/dt120,causal_prefix,NEX326-methods,arm-06/dt120,computed,300,230,0,"{""success"":230}","[294.0,305.0]",233.98347620800132,2.2962289756962107,"[{""coverage_rate"":0.16521739130434782,""level"":0.5,""mean_area_m2"":145487.3518540062},{""coverage_rate"":0.40869565217391307,""level"":0.8,""mean_area_m2"":330378.7174823383},{""coverage_rate"":0.7086956521739131,""level"":0.9,""mean_area_m2"":468901.30868506856},{""coverage_rate"":0.8565217391304348,""level"":0.95,""mean_area_m2"":603198.8662055696}]"
causal_prefix:NEX326-methods:arm-06/dt120,causal_prefix,NEX326-methods,arm-06/dt120,computed,900,230,0,"{""success"":230}","[889.0,910.0]",592.5491633325584,3.577846618753314,"[{""coverage_rate"":0.11739130434782609,""level"":0.5,""mean_area_m2"":705027.4795157232},{""coverage_rate"":0.3521739130434783,""level"":0.8,""mean_area_m2"":1479566.972857381},{""coverage_rate"":0.5478260869565217,""level"":0.9,""mean_area_m2"":2018719.3134050516},{""coverage_rate"":0.6043478260869565,""level"":0.95,""mean_area_m2"":2562214.9520558016}]"
causal_prefix:NEX326-methods:arm-06/dt120,causal_prefix,NEX326-methods,arm-06/dt120,computed,1800,230,0,"{""success"":230}","[1785.0,1814.0]",987.1236305544448,4.46779907014405,"[{""coverage_rate"":0.34782608695652173,""level"":0.5,""mean_area_m2"":2378511.3434339585},{""coverage_rate"":0.45652173913043476,""level"":0.8,""mean_area_m2"":4533039.64777084},{""coverage_rate"":0.5695652173913044,""level"":0.9,""mean_area_m2"":5969075.060412904},{""coverage_rate"":0.6086956521739131,""level"":0.95,""mean_area_m2"":7356458.743271542}]"
causal_prefix:NEX326-methods:arm-06/dt30,causal_prefix,NEX326-methods,arm-06/dt30,computed,60,230,0,"{""success"":230}","[49.0,67.0]",51.362543589523376,1.3384589968004148,"[{""coverage_rate"":0.2217391304347826,""level"":0.5,""mean_area_m2"":7522.786743819245},{""coverage_rate"":0.45652173913043476,""level"":0.8,""mean_area_m2"":17401.240231713153},{""coverage_rate"":0.7260869565217392,""level"":0.9,""mean_area_m2"":24814.286193848573},{""coverage_rate"":0.9304347826086956,""level"":0.95,""mean_area_m2"":32467.98931122546}]"
causal_prefix:NEX326-methods:arm-06/dt30,causal_prefix,NEX326-methods,arm-06/dt30,computed,300,230,0,"{""success"":230}","[294.0,305.0]",251.36089358296405,1.5855085246406004,"[{""coverage_rate"":0.021739130434782608,""level"":0.5,""mean_area_m2"":65738.09039864024},{""coverage_rate"":0.16956521739130434,""level"":0.8,""mean_area_m2"":138371.91661735185},{""coverage_rate"":0.23043478260869565,""level"":0.9,""mean_area_m2"":189811.92481005122},{""coverage_rate"":0.29130434782608694,""level"":0.95,""mean_area_m2"":240052.99900639104}]"
causal_prefix:NEX326-methods:arm-06/dt30,causal_prefix,NEX326-methods,arm-06/dt30,computed,900,230,0,"{""success"":230}","[889.0,910.0]",621.7691604400674,2.8665856857546608,"[{""coverage_rate"":0.08260869565217391,""level"":0.5,""mean_area_m2"":444309.59796497214},{""coverage_rate"":0.17391304347826086,""level"":0.8,""mean_area_m2"":809083.7552353055},{""coverage_rate"":0.24347826086956523,""level"":0.9,""mean_area_m2"":1038687.5406810791},{""coverage_rate"":0.3130434782608696,""level"":0.95,""mean_area_m2"":1261002.4197108308}]"
causal_prefix:NEX326-methods:arm-06/dt30,causal_prefix,NEX326-methods,arm-06/dt30,computed,1800,230,0,"{""success"":230}","[1785.0,1814.0]",1021.1718929317618,3.7068051784650793,"[{""coverage_rate"":0.3130434782608696,""level"":0.5,""mean_area_m2"":1775547.7851372294},{""coverage_rate"":0.3521739130434783,""level"":0.8,""mean_area_m2"":2933391.7212625104},{""coverage_rate"":0.3826086956521739,""level"":0.9,""mean_area_m2"":3619338.5111253},{""coverage_rate"":0.44782608695652176,""level"":0.95,""mean_area_m2"":4254599.942017159}]"
causal_prefix:NEX326-methods:arm-06/dt300,causal_prefix,NEX326-methods,arm-06/dt300,computed,60,230,0,"{""success"":230}","[49.0,67.0]",56.58492129508212,1.5415220391876752,"[{""coverage_rate"":0.9565217391304348,""level"":0.5,""mean_area_m2"":46202.08768702831},{""coverage_rate"":1.0,""level"":0.8,""mean_area_m2"":108009.79813237164},{""coverage_rate"":1.0,""level"":0.9,""mean_area_m2"":155027.72433826307},{""coverage_rate"":1.0,""level"":0.95,""mean_area_m2"":203571.98844083576}]"
causal_prefix:NEX326-methods:arm-06/dt300,causal_prefix,NEX326-methods,arm-06/dt300,computed,300,230,0,"{""success"":230}","[294.0,305.0]",229.27600728716814,2.8419906283840537,"[{""coverage_rate"":0.3,""level"":0.5,""mean_area_m2"":266859.8491374791},{""coverage_rate"":0.8782608695652174,""level"":0.8,""mean_area_m2"":618774.121281968},{""coverage_rate"":0.9652173913043478,""level"":0.9,""mean_area_m2"":878660.3348455776},{""coverage_rate"":0.9782608695652174,""level"":0.95,""mean_area_m2"":1145254.7954123348}]"
causal_prefix:NEX326-methods:arm-06/dt300,causal_prefix,NEX326-methods,arm-06/dt300,computed,900,230,0,"{""success"":230}","[889.0,910.0]",574.5322859342516,4.047265535105811,"[{""coverage_rate"":0.20869565217391303,""level"":0.5,""mean_area_m2"":1103258.0320244173},{""coverage_rate"":0.5869565217391305,""level"":0.8,""mean_area_m2"":2437661.217677899},{""coverage_rate"":0.717391304347826,""level"":0.9,""mean_area_m2"":3394623.545525827},{""coverage_rate"":0.8608695652173913,""level"":0.95,""mean_area_m2"":4370439.922613751}]"
causal_prefix:NEX326-methods:arm-06/dt300,causal_prefix,NEX326-methods,arm-06/dt300,computed,1800,230,0,"{""success"":230}","[1785.0,1814.0]",957.4030425382355,4.8508783342948725,"[{""coverage_rate"":0.3826086956521739,""level"":0.5,""mean_area_m2"":3231021.5938583426},{""coverage_rate"":0.6173913043478261,""level"":0.8,""mean_area_m2"":6695773.452650033},{""coverage_rate"":0.6434782608695652,""level"":0.9,""mean_area_m2"":9108883.426654615},{""coverage_rate"":0.7,""level"":0.95,""mean_area_m2"":11527729.130667504}]"
causal_prefix:NEX326-methods:arm-06/dt60,causal_prefix,NEX326-methods,arm-06/dt60,computed,60,230,0,"{""success"":230}","[49.0,67.0]",50.569749444899905,1.3612956897758868,"[{""coverage_rate"":0.33043478260869563,""level"":0.5,""mean_area_m2"":13047.523707194792},{""coverage_rate"":0.8739130434782608,""level"":0.8,""mean_area_m2"":30574.998204825584},{""coverage_rate"":0.9565217391304348,""level"":0.9,""mean_area_m2"":43615.82915665533},{""coverage_rate"":0.9652173913043478,""level"":0.95,""mean_area_m2"":56974.559343916764}]"
causal_prefix:NEX326-methods:arm-06/dt60,causal_prefix,NEX326-methods,arm-06/dt60,computed,300,230,0,"{""success"":230}","[294.0,305.0]",243.228509869058,1.9187070448472194,"[{""coverage_rate"":0.06521739130434782,""level"":0.5,""mean_area_m2"":94044.06900348778},{""coverage_rate"":0.2565217391304348,""level"":0.8,""mean_area_m2"":210061.2757065879},{""coverage_rate"":0.3782608695652174,""level"":0.9,""mean_area_m2"":294242.1552486306},{""coverage_rate"":0.5043478260869565,""level"":0.95,""mean_area_m2"":377548.9627645232}]"
causal_prefix:NEX326-methods:arm-06/dt60,causal_prefix,NEX326-methods,arm-06/dt60,computed,900,230,0,"{""success"":230}","[889.0,910.0]",609.2671942332843,3.223508893978943,"[{""coverage_rate"":0.09565217391304348,""level"":0.5,""mean_area_m2"":538703.6250196926},{""coverage_rate"":0.24347826086956523,""level"":0.8,""mean_area_m2"":1061634.7094808016},{""coverage_rate"":0.3521739130434783,""level"":0.9,""mean_area_m2"":1415312.25368895},{""coverage_rate"":0.4391304347826087,""level"":0.95,""mean_area_m2"":1752518.9027769798}]"
causal_prefix:NEX326-methods:arm-06/dt60,causal_prefix,NEX326-methods,arm-06/dt60,computed,1800,230,0,"{""success"":230}","[1785.0,1814.0]",1008.349225203131,4.125728383046294,"[{""coverage_rate"":0.3347826086956522,""level"":0.5,""mean_area_m2"":2001613.1974139411},{""coverage_rate"":0.3739130434782609,""level"":0.8,""mean_area_m2"":3552234.7595854863},{""coverage_rate"":0.4652173913043478,""level"":0.9,""mean_area_m2"":4534038.789235507},{""coverage_rate"":0.5217391304347826,""level"":0.95,""mean_area_m2"":5495544.830147503}]"
causal_prefix:NEX326-methods:arm-06/dt600,causal_prefix,NEX326-methods,arm-06/dt600,computed,60,230,0,"{""success"":230}","[49.0,67.0]",63.78395573327537,1.81410647059637,"[{""coverage_rate"":0.9782608695652174,""level"":0.5,""mean_area_m2"":75034.64490241985},{""coverage_rate"":1.0,""level"":0.8,""mean_area_m2"":175741.30743191714},{""coverage_rate"":1.0,""level"":0.9,""mean_area_m2"":251977.9318456204},{""coverage_rate"":1.0,""level"":0.95,""mean_area_m2"":330779.8823967587}]"
causal_prefix:NEX326-methods:arm-06/dt600,causal_prefix,NEX326-methods,arm-06/dt600,computed,300,230,0,"{""success"":230}","[294.0,305.0]",234.31854144507832,3.2525853478931914,"[{""coverage_rate"":0.5217391304347826,""level"":0.5,""mean_area_m2"":422469.29922808154},{""coverage_rate"":0.9782608695652174,""level"":0.8,""mean_area_m2"":974999.5519508396},{""coverage_rate"":0.991304347826087,""level"":0.9,""mean_area_m2"":1394728.8420997825},{""coverage_rate"":1.0,""level"":0.95,""mean_area_m2"":1822087.4640446533}]"
causal_prefix:NEX326-methods:arm-06/dt600,causal_prefix,NEX326-methods,arm-06/dt600,computed,900,230,0,"{""success"":230}","[889.0,910.0]",572.6531665668824,4.389313590022913,"[{""coverage_rate"":0.3826086956521739,""level"":0.5,""mean_area_m2"":1601816.8347757293},{""coverage_rate"":0.7304347826086957,""level"":0.8,""mean_area_m2"":3601815.9338199175},{""coverage_rate"":0.9260869565217391,""level"":0.9,""mean_area_m2"":5057954.876412795},{""coverage_rate"":0.9782608695652174,""level"":0.95,""mean_area_m2"":6495767.0421978915}]"
causal_prefix:NEX326-methods:arm-06/dt600,causal_prefix,NEX326-methods,arm-06/dt600,computed,1800,230,0,"{""success"":230}","[1785.0,1814.0]",941.8934482293059,5.111590603580858,"[{""coverage_rate"":0.5,""level"":0.5,""mean_area_m2"":4360400.530510369},{""coverage_rate"":0.6869565217391305,""level"":0.8,""mean_area_m2"":9219117.301609274},{""coverage_rate"":0.7913043478260869,""level"":0.9,""mean_area_m2"":12608550.310041096},{""coverage_rate"":0.8739130434782608,""level"":0.95,""mean_area_m2"":15958538.734976038}]"
causal_prefix:NEX326-methods:arm-07/full,causal_prefix,NEX326-methods,arm-07/full,computed,60,230,0,"{""success"":230}","[49.0,67.0]",50.52368791059411,1.3605868386766307,"[{""coverage_rate"":0.32608695652173914,""level"":0.5,""mean_area_m2"":13117.244159456273},{""coverage_rate"":0.8913043478260869,""level"":0.8,""mean_area_m2"":30646.41086950024},{""coverage_rate"":0.9565217391304348,""level"":0.9,""mean_area_m2"":43738.951806390985},{""coverage_rate"":0.9565217391304348,""level"":0.95,""mean_area_m2"":57012.775956942365}]"
causal_prefix:NEX326-methods:arm-07/full,causal_prefix,NEX326-methods,arm-07/full,computed,300,230,0,"{""success"":230}","[294.0,305.0]",242.2754444644496,1.9143510018040026,"[{""coverage_rate"":0.07391304347826087,""level"":0.5,""mean_area_m2"":94524.4688026374},{""coverage_rate"":0.26521739130434785,""level"":0.8,""mean_area_m2"":209059.3756748372},{""coverage_rate"":0.3782608695652174,""level"":0.9,""mean_area_m2"":290581.35120075854},{""coverage_rate"":0.49130434782608695,""level"":0.95,""mean_area_m2"":374080.290725527}]"
causal_prefix:NEX326-methods:arm-07/full,causal_prefix,NEX326-methods,arm-07/full,computed,900,230,0,"{""success"":230}","[889.0,910.0]",608.7570097663493,3.217358284472478,"[{""coverage_rate"":0.08695652173913043,""level"":0.5,""mean_area_m2"":538245.7649503557},{""coverage_rate"":0.23043478260869565,""level"":0.8,""mean_area_m2"":1057632.5667607172},{""coverage_rate"":0.3347826086956522,""level"":0.9,""mean_area_m2"":1409835.793085588},{""coverage_rate"":0.45652173913043476,""level"":0.95,""mean_area_m2"":1746040.8625337414}]"
causal_prefix:NEX326-methods:arm-07/full,causal_prefix,NEX326-methods,arm-07/full,computed,1800,230,0,"{""success"":230}","[1785.0,1814.0]",1005.1465331795281,4.119043928789531,"[{""coverage_rate"":0.3391304347826087,""level"":0.5,""mean_area_m2"":1987737.206854386},{""coverage_rate"":0.3695652173913043,""level"":0.8,""mean_area_m2"":3530468.3826230983},{""coverage_rate"":0.45652173913043476,""level"":0.9,""mean_area_m2"":4536624.159966221},{""coverage_rate"":0.5260869565217391,""level"":0.95,""mean_area_m2"":5468580.052337323}]"
causal_prefix:NEX326-methods:arm-08/qmle,causal_prefix,NEX326-methods,arm-08/qmle,computed,60,230,0,"{""success"":230}","[49.0,67.0]",50.333183639605025,1.3595676939959775,"[{""coverage_rate"":0.33043478260869563,""level"":0.5,""mean_area_m2"":13083.824789375736},{""coverage_rate"":0.8739130434782608,""level"":0.8,""mean_area_m2"":30504.058176296287},{""coverage_rate"":0.9565217391304348,""level"":0.9,""mean_area_m2"":43843.64911003375},{""coverage_rate"":0.9608695652173913,""level"":0.95,""mean_area_m2"":57074.562371761735}]"
causal_prefix:NEX326-methods:arm-08/qmle,causal_prefix,NEX326-methods,arm-08/qmle,computed,300,230,0,"{""success"":230}","[294.0,305.0]",242.1353322361886,1.9188796178794514,"[{""coverage_rate"":0.06521739130434782,""level"":0.5,""mean_area_m2"":95656.08801386521},{""coverage_rate"":0.25217391304347825,""level"":0.8,""mean_area_m2"":210783.28869501327},{""coverage_rate"":0.3869565217391304,""level"":0.9,""mean_area_m2"":293307.49442881125},{""coverage_rate"":0.5173913043478261,""level"":0.95,""mean_area_m2"":374431.76675667905}]"
causal_prefix:NEX326-methods:arm-08/qmle,causal_prefix,NEX326-methods,arm-08/qmle,computed,900,230,0,"{""success"":230}","[889.0,910.0]",608.8536821521122,3.223793273204119,"[{""coverage_rate"":0.08695652173913043,""level"":0.5,""mean_area_m2"":539783.7646792064},{""coverage_rate"":0.25217391304347825,""level"":0.8,""mean_area_m2"":1064327.0684970964},{""coverage_rate"":0.34347826086956523,""level"":0.9,""mean_area_m2"":1418423.2415590463},{""coverage_rate"":0.45217391304347826,""level"":0.95,""mean_area_m2"":1758937.4498597886}]"
causal_prefix:NEX326-methods:arm-08/qmle,causal_prefix,NEX326-methods,arm-08/qmle,computed,1800,230,0,"{""success"":230}","[1785.0,1814.0]",1006.4826865805068,4.12749354383995,"[{""coverage_rate"":0.33043478260869563,""level"":0.5,""mean_area_m2"":1995877.514051237},{""coverage_rate"":0.3695652173913043,""level"":0.8,""mean_area_m2"":3558145.659516703},{""coverage_rate"":0.4652173913043478,""level"":0.9,""mean_area_m2"":4558430.004868338},{""coverage_rate"":0.5434782608695652,""level"":0.95,""mean_area_m2"":5476454.676871288}]"
causal_prefix:NEX326-methods:arm-09/mixed,causal_prefix,NEX326-methods,arm-09/mixed,computed,60,230,0,"{""success"":230}","[49.0,67.0]",50.162857030837955,1.3535219261816176,"[{""coverage_rate"":0.32608695652173914,""level"":0.5,""mean_area_m2"":12978.700986114185},{""coverage_rate"":0.8869565217391304,""level"":0.8,""mean_area_m2"":30493.424310873917},{""coverage_rate"":0.9565217391304348,""level"":0.9,""mean_area_m2"":43681.1660392927},{""coverage_rate"":0.9565217391304348,""level"":0.95,""mean_area_m2"":57326.279236397335}]"
causal_prefix:NEX326-methods:arm-09/mixed,causal_prefix,NEX326-methods,arm-09/mixed,computed,300,230,0,"{""success"":230}","[294.0,305.0]",238.69227602787737,1.9132637716774885,"[{""coverage_rate"":0.07391304347826087,""level"":0.5,""mean_area_m2"":91767.72034471668},{""coverage_rate"":0.24347826086956523,""level"":0.8,""mean_area_m2"":205723.02440448946},{""coverage_rate"":0.4043478260869565,""level"":0.9,""mean_area_m2"":287336.0095526936},{""coverage_rate"":0.5434782608695652,""level"":0.95,""mean_area_m2"":369873.46717515006}]"
causal_prefix:NEX326-methods:arm-09/mixed,causal_prefix,NEX326-methods,arm-09/mixed,computed,900,230,0,"{""success"":230}","[889.0,910.0]",600.3572236373428,3.2441499634325264,"[{""coverage_rate"":0.06956521739130435,""level"":0.5,""mean_area_m2"":511777.4117768613},{""coverage_rate"":0.24782608695652175,""level"":0.8,""mean_area_m2"":1030089.7103067036},{""coverage_rate"":0.34782608695652173,""level"":0.9,""mean_area_m2"":1377922.2940145654},{""coverage_rate"":0.4782608695652174,""level"":0.95,""mean_area_m2"":1721384.3791573488}]"
causal_prefix:NEX326-methods:arm-09/mixed,causal_prefix,NEX326-methods,arm-09/mixed,computed,1800,230,0,"{""success"":230}","[1785.0,1814.0]",991.290149446904,4.185682820889587,"[{""coverage_rate"":0.32608695652173914,""level"":0.5,""mean_area_m2"":1893450.0990408226},{""coverage_rate"":0.40869565217391307,""level"":0.8,""mean_area_m2"":3453151.008651971},{""coverage_rate"":0.4652173913043478,""level"":0.9,""mean_area_m2"":4455106.231926939},{""coverage_rate"":0.5173913043478261,""level"":0.95,""mean_area_m2"":5387196.316761668}]"
causal_prefix:NEX326-methods:arm-09/pure_es,causal_prefix,NEX326-methods,arm-09/pure_es,computed,60,230,0,"{""success"":230}","[49.0,67.0]",50.09400309328436,1.3549444974778138,"[{""coverage_rate"":0.3391304347826087,""level"":0.5,""mean_area_m2"":12995.553750739085},{""coverage_rate"":0.8695652173913043,""level"":0.8,""mean_area_m2"":30295.01442767841},{""coverage_rate"":0.9565217391304348,""level"":0.9,""mean_area_m2"":43267.07037855296},{""coverage_rate"":0.9565217391304348,""level"":0.95,""mean_area_m2"":56738.09156017184}]"
causal_prefix:NEX326-methods:arm-09/pure_es,causal_prefix,NEX326-methods,arm-09/pure_es,computed,300,230,0,"{""success"":230}","[294.0,305.0]",238.9430097390072,1.908137153897138,"[{""coverage_rate"":0.09565217391304348,""level"":0.5,""mean_area_m2"":91033.19163941522},{""coverage_rate"":0.22608695652173913,""level"":0.8,""mean_area_m2"":205499.0709159717},{""coverage_rate"":0.391304347826087,""level"":0.9,""mean_area_m2"":287174.47594440257},{""coverage_rate"":0.5565217391304348,""level"":0.95,""mean_area_m2"":370973.17527964374}]"
causal_prefix:NEX326-methods:arm-09/pure_es,causal_prefix,NEX326-methods,arm-09/pure_es,computed,900,230,0,"{""success"":230}","[889.0,910.0]",601.7417129868413,3.2422928169008336,"[{""coverage_rate"":0.08260869565217391,""level"":0.5,""mean_area_m2"":509408.25556576176},{""coverage_rate"":0.2391304347826087,""level"":0.8,""mean_area_m2"":1028655.1256519274},{""coverage_rate"":0.3521739130434783,""level"":0.9,""mean_area_m2"":1380354.3370405317},{""coverage_rate"":0.47391304347826085,""level"":0.95,""mean_area_m2"":1719043.2749234193}]"
causal_prefix:NEX326-methods:arm-09/pure_es,causal_prefix,NEX326-methods,arm-09/pure_es,computed,1800,230,0,"{""success"":230}","[1785.0,1814.0]",994.6695728437473,4.1830399336605995,"[{""coverage_rate"":0.3391304347826087,""level"":0.5,""mean_area_m2"":1892282.1734249664},{""coverage_rate"":0.4043478260869565,""level"":0.8,""mean_area_m2"":3444429.288885375},{""coverage_rate"":0.45652173913043476,""level"":0.9,""mean_area_m2"":4429480.252394656},{""coverage_rate"":0.5173913043478261,""level"":0.95,""mean_area_m2"":5374913.589236902}]"
causal_prefix:NEX326-methods:arm-10/d2_closed,causal_prefix,NEX326-methods,arm-10/d2_closed,computed,60,230,0,"{""success"":230}","[49.0,67.0]",50.52368791059411,1.3605868386766307,"[{""coverage_rate"":0.32608695652173914,""level"":0.5,""mean_area_m2"":13117.244159456273},{""coverage_rate"":0.8913043478260869,""level"":0.8,""mean_area_m2"":30646.41086950024},{""coverage_rate"":0.9565217391304348,""level"":0.9,""mean_area_m2"":43738.951806390985},{""coverage_rate"":0.9565217391304348,""level"":0.95,""mean_area_m2"":57012.775956942365}]"
causal_prefix:NEX326-methods:arm-10/d2_closed,causal_prefix,NEX326-methods,arm-10/d2_closed,computed,300,230,0,"{""success"":230}","[294.0,305.0]",242.2754444644496,1.9143510018040026,"[{""coverage_rate"":0.07391304347826087,""level"":0.5,""mean_area_m2"":94524.4688026374},{""coverage_rate"":0.26521739130434785,""level"":0.8,""mean_area_m2"":209059.3756748372},{""coverage_rate"":0.3782608695652174,""level"":0.9,""mean_area_m2"":290581.35120075854},{""coverage_rate"":0.49130434782608695,""level"":0.95,""mean_area_m2"":374080.290725527}]"
causal_prefix:NEX326-methods:arm-10/d2_closed,causal_prefix,NEX326-methods,arm-10/d2_closed,computed,900,230,0,"{""success"":230}","[889.0,910.0]",608.7570097663493,3.217358284472478,"[{""coverage_rate"":0.08695652173913043,""level"":0.5,""mean_area_m2"":538245.7649503557},{""coverage_rate"":0.23043478260869565,""level"":0.8,""mean_area_m2"":1057632.5667607172},{""coverage_rate"":0.3347826086956522,""level"":0.9,""mean_area_m2"":1409835.793085588},{""coverage_rate"":0.45652173913043476,""level"":0.95,""mean_area_m2"":1746040.8625337414}]"
causal_prefix:NEX326-methods:arm-10/d2_closed,causal_prefix,NEX326-methods,arm-10/d2_closed,computed,1800,230,0,"{""success"":230}","[1785.0,1814.0]",1005.1465331795281,4.119043928789531,"[{""coverage_rate"":0.3391304347826087,""level"":0.5,""mean_area_m2"":1987737.206854386},{""coverage_rate"":0.3695652173913043,""level"":0.8,""mean_area_m2"":3530468.3826230983},{""coverage_rate"":0.45652173913043476,""level"":0.9,""mean_area_m2"":4536624.159966221},{""coverage_rate"":0.5260869565217391,""level"":0.95,""mean_area_m2"":5468580.052337323}]"
causal_prefix:NEX326-methods:arm-10/d2_mc,causal_prefix,NEX326-methods,arm-10/d2_mc,computed,60,230,0,"{""success"":230}","[49.0,67.0]",50.52368791059411,1.3605868386766307,"[{""coverage_rate"":0.32608695652173914,""level"":0.5,""mean_area_m2"":13117.244159456273},{""coverage_rate"":0.8913043478260869,""level"":0.8,""mean_area_m2"":30646.41086950024},{""coverage_rate"":0.9565217391304348,""level"":0.9,""mean_area_m2"":43738.951806390985},{""coverage_rate"":0.9565217391304348,""level"":0.95,""mean_area_m2"":57012.775956942365}]"
causal_prefix:NEX326-methods:arm-10/d2_mc,causal_prefix,NEX326-methods,arm-10/d2_mc,computed,300,230,0,"{""success"":230}","[294.0,305.0]",242.2754444644496,1.9143510018040026,"[{""coverage_rate"":0.07391304347826087,""level"":0.5,""mean_area_m2"":94524.4688026374},{""coverage_rate"":0.26521739130434785,""level"":0.8,""mean_area_m2"":209059.3756748372},{""coverage_rate"":0.3782608695652174,""level"":0.9,""mean_area_m2"":290581.35120075854},{""coverage_rate"":0.49130434782608695,""level"":0.95,""mean_area_m2"":374080.290725527}]"
causal_prefix:NEX326-methods:arm-10/d2_mc,causal_prefix,NEX326-methods,arm-10/d2_mc,computed,900,230,0,"{""success"":230}","[889.0,910.0]",608.7570097663493,3.217358284472478,"[{""coverage_rate"":0.08695652173913043,""level"":0.5,""mean_area_m2"":538245.7649503557},{""coverage_rate"":0.23043478260869565,""level"":0.8,""mean_area_m2"":1057632.5667607172},{""coverage_rate"":0.3347826086956522,""level"":0.9,""mean_area_m2"":1409835.793085588},{""coverage_rate"":0.45652173913043476,""level"":0.95,""mean_area_m2"":1746040.8625337414}]"
causal_prefix:NEX326-methods:arm-10/d2_mc,causal_prefix,NEX326-methods,arm-10/d2_mc,computed,1800,230,0,"{""success"":230}","[1785.0,1814.0]",1005.1465331795281,4.119043928789531,"[{""coverage_rate"":0.3391304347826087,""level"":0.5,""mean_area_m2"":1987737.206854386},{""coverage_rate"":0.3695652173913043,""level"":0.8,""mean_area_m2"":3530468.3826230983},{""coverage_rate"":0.45652173913043476,""level"":0.9,""mean_area_m2"":4536624.159966221},{""coverage_rate"":0.5260869565217391,""level"":0.95,""mean_area_m2"":5468580.052337323}]"
causal_prefix:NEX326-methods:arm-11/full,causal_prefix,NEX326-methods,arm-11/full,computed,60,230,0,"{""success"":230}","[49.0,67.0]",50.36623802787099,1.3596633239727633,"[{""coverage_rate"":0.33043478260869563,""level"":0.5,""mean_area_m2"":13152.86381145388},{""coverage_rate"":0.8826086956521739,""level"":0.8,""mean_area_m2"":30666.526240661984},{""coverage_rate"":0.9565217391304348,""level"":0.9,""mean_area_m2"":43758.51884399879},{""coverage_rate"":0.9565217391304348,""level"":0.95,""mean_area_m2"":56832.15789023374}]"
causal_prefix:NEX326-methods:arm-11/full,causal_prefix,NEX326-methods,arm-11/full,computed,300,230,0,"{""success"":230}","[294.0,305.0]",242.16667155025314,1.9192468145888113,"[{""coverage_rate"":0.08695652173913043,""level"":0.5,""mean_area_m2"":94535.260727572},{""coverage_rate"":0.24782608695652175,""level"":0.8,""mean_area_m2"":209813.2839633924},{""coverage_rate"":0.3869565217391304,""level"":0.9,""mean_area_m2"":293120.840722093},{""coverage_rate"":0.5217391304347826,""level"":0.95,""mean_area_m2"":375799.8988333415}]"
causal_prefix:NEX326-methods:arm-11/full,causal_prefix,NEX326-methods,arm-11/full,computed,900,230,0,"{""success"":230}","[889.0,910.0]",607.7282006871314,3.2197168627549426,"[{""coverage_rate"":0.09130434782608696,""level"":0.5,""mean_area_m2"":536012.6537391213},{""coverage_rate"":0.23478260869565218,""level"":0.8,""mean_area_m2"":1061002.7845862883},{""coverage_rate"":0.34782608695652173,""level"":0.9,""mean_area_m2"":1414436.4681166194},{""coverage_rate"":0.4608695652173913,""level"":0.95,""mean_area_m2"":1749817.5164202864}]"
causal_prefix:NEX326-methods:arm-11/full,causal_prefix,NEX326-methods,arm-11/full,computed,1800,230,0,"{""success"":230}","[1785.0,1814.0]",1003.6800668324009,4.118802732425581,"[{""coverage_rate"":0.3347826086956522,""level"":0.5,""mean_area_m2"":1988597.137578611},{""coverage_rate"":0.3739130434782609,""level"":0.8,""mean_area_m2"":3551245.9493673},{""coverage_rate"":0.4652173913043478,""level"":0.9,""mean_area_m2"":4534898.233491227},{""coverage_rate"":0.5260869565217391,""level"":0.95,""mean_area_m2"":5475447.440780227}]"
causal_prefix:NEX326-methods:arm-12/scratch,causal_prefix,NEX326-methods,arm-12/scratch,computed,60,230,0,"{""success"":230}","[49.0,67.0]",50.64658034345092,1.362917376985492,"[{""coverage_rate"":0.3391304347826087,""level"":0.5,""mean_area_m2"":13373.724904255883},{""coverage_rate"":0.9130434782608695,""level"":0.8,""mean_area_m2"":31217.492255181904},{""coverage_rate"":0.9565217391304348,""level"":0.9,""mean_area_m2"":44609.09426286567},{""coverage_rate"":0.9652173913043478,""level"":0.95,""mean_area_m2"":58095.40010700831}]"
causal_prefix:NEX326-methods:arm-12/scratch,causal_prefix,NEX326-methods,arm-12/scratch,computed,300,230,0,"{""success"":230}","[294.0,305.0]",242.9696901075238,1.9453023941816203,"[{""coverage_rate"":0.1,""level"":0.5,""mean_area_m2"":100954.2509775753},{""coverage_rate"":0.2782608695652174,""level"":0.8,""mean_area_m2"":220208.4084312192},{""coverage_rate"":0.4043478260869565,""level"":0.9,""mean_area_m2"":306428.8733565662},{""coverage_rate"":0.5217391304347826,""level"":0.95,""mean_area_m2"":392880.73548708373}]"
causal_prefix:NEX326-methods:arm-12/scratch,causal_prefix,NEX326-methods,arm-12/scratch,computed,900,230,0,"{""success"":230}","[889.0,910.0]",607.793654622463,3.242925985226554,"[{""coverage_rate"":0.12608695652173912,""level"":0.5,""mean_area_m2"":602841.7879688683},{""coverage_rate"":0.28695652173913044,""level"":0.8,""mean_area_m2"":1157278.1518324742},{""coverage_rate"":0.3782608695652174,""level"":0.9,""mean_area_m2"":1525399.938035327},{""coverage_rate"":0.45217391304347826,""level"":0.95,""mean_area_m2"":1886230.3939730758}]"
causal_prefix:NEX326-methods:arm-12/scratch,causal_prefix,NEX326-methods,arm-12/scratch,computed,1800,230,0,"{""success"":230}","[1785.0,1814.0]",1012.9461196592761,4.119189317341816,"[{""coverage_rate"":0.32608695652173914,""level"":0.5,""mean_area_m2"":2275510.33823079},{""coverage_rate"":0.3869565217391304,""level"":0.8,""mean_area_m2"":3967295.2355834194},{""coverage_rate"":0.4652173913043478,""level"":0.9,""mean_area_m2"":5021038.49554303},{""coverage_rate"":0.5739130434782609,""level"":0.95,""mean_area_m2"":6003210.286174475}]"
causal_prefix:NEX326-methods:arm-14/reptile,causal_prefix,NEX326-methods,arm-14/reptile,computed,60,230,0,"{""success"":230}","[49.0,67.0]",50.151177897522764,1.355898325587419,"[{""coverage_rate"":0.34782608695652173,""level"":0.5,""mean_area_m2"":13350.75554246867},{""coverage_rate"":0.8956521739130435,""level"":0.8,""mean_area_m2"":31097.026783823847},{""coverage_rate"":0.9565217391304348,""level"":0.9,""mean_area_m2"":44495.38533761885},{""coverage_rate"":0.9608695652173913,""level"":0.95,""mean_area_m2"":58274.75250521113}]"
causal_prefix:NEX326-methods:arm-14/reptile,causal_prefix,NEX326-methods,arm-14/reptile,computed,300,230,0,"{""success"":230}","[294.0,305.0]",239.45800252853806,1.8990640815017559,"[{""coverage_rate"":0.08695652173913043,""level"":0.5,""mean_area_m2"":90823.13207604419},{""coverage_rate"":0.2608695652173913,""level"":0.8,""mean_area_m2"":204059.9437465291},{""coverage_rate"":0.3739130434782609,""level"":0.9,""mean_area_m2"":285670.85903893673},{""coverage_rate"":0.5173913043478261,""level"":0.95,""mean_area_m2"":369279.5241994094}]"
causal_prefix:NEX326-methods:arm-14/reptile,causal_prefix,NEX326-methods,arm-14/reptile,computed,900,230,0,"{""success"":230}","[889.0,910.0]",602.7162323009919,3.1659126716395662,"[{""coverage_rate"":0.11739130434782609,""level"":0.5,""mean_area_m2"":490584.7743259947},{""coverage_rate"":0.27391304347826084,""level"":0.8,""mean_area_m2"":990166.4620643262},{""coverage_rate"":0.33043478260869563,""level"":0.9,""mean_area_m2"":1334316.385923143},{""coverage_rate"":0.4217391304347826,""level"":0.95,""mean_area_m2"":1659715.8546198213}]"
causal_prefix:NEX326-methods:arm-14/reptile,causal_prefix,NEX326-methods,arm-14/reptile,computed,1800,230,0,"{""success"":230}","[1785.0,1814.0]",1020.3946622582451,4.06762255738562,"[{""coverage_rate"":0.3,""level"":0.5,""mean_area_m2"":1777206.8973721028},{""coverage_rate"":0.3695652173913043,""level"":0.8,""mean_area_m2"":3264968.2363093286},{""coverage_rate"":0.41739130434782606,""level"":0.9,""mean_area_m2"":4226567.296498726},{""coverage_rate"":0.5,""level"":0.95,""mean_area_m2"":5136672.907467127}]"
causal_prefix:NEX326-methods:arm-15/drift_only,causal_prefix,NEX326-methods,arm-15/drift_only,computed,60,230,0,"{""success"":230}","[49.0,67.0]",50.5702174304467,1.3596507366913577,"[{""coverage_rate"":0.3217391304347826,""level"":0.5,""mean_area_m2"":13091.207051738002},{""coverage_rate"":0.8913043478260869,""level"":0.8,""mean_area_m2"":30474.124955754734},{""coverage_rate"":0.9565217391304348,""level"":0.9,""mean_area_m2"":43584.1577955675},{""coverage_rate"":0.9565217391304348,""level"":0.95,""mean_area_m2"":57184.97039913674}]"
causal_prefix:NEX326-methods:arm-15/drift_only,causal_prefix,NEX326-methods,arm-15/drift_only,computed,300,230,0,"{""success"":230}","[294.0,305.0]",242.57721902277092,1.9141305087417606,"[{""coverage_rate"":0.06956521739130435,""level"":0.5,""mean_area_m2"":94667.79578832242},{""coverage_rate"":0.25217391304347825,""level"":0.8,""mean_area_m2"":209493.1644223601},{""coverage_rate"":0.39565217391304347,""level"":0.9,""mean_area_m2"":292897.9772667745},{""coverage_rate"":0.5043478260869565,""level"":0.95,""mean_area_m2"":375834.19303115393}]"
causal_prefix:NEX326-methods:arm-15/drift_only,causal_prefix,NEX326-methods,arm-15/drift_only,computed,900,230,0,"{""success"":230}","[889.0,910.0]",608.6966355471386,3.2177986230740703,"[{""coverage_rate"":0.09130434782608696,""level"":0.5,""mean_area_m2"":536225.6803087582},{""coverage_rate"":0.2391304347826087,""level"":0.8,""mean_area_m2"":1061460.2807817655},{""coverage_rate"":0.34347826086956523,""level"":0.9,""mean_area_m2"":1414790.8064438084},{""coverage_rate"":0.44782608695652176,""level"":0.95,""mean_area_m2"":1759973.1724441508}]"
causal_prefix:NEX326-methods:arm-15/drift_only,causal_prefix,NEX326-methods,arm-15/drift_only,computed,1800,230,0,"{""success"":230}","[1785.0,1814.0]",1004.1164568915138,4.121356973497437,"[{""coverage_rate"":0.32608695652173914,""level"":0.5,""mean_area_m2"":1990705.9000178005},{""coverage_rate"":0.3782608695652174,""level"":0.8,""mean_area_m2"":3542927.408903103},{""coverage_rate"":0.46956521739130436,""level"":0.9,""mean_area_m2"":4534650.204445425},{""coverage_rate"":0.5260869565217391,""level"":0.95,""mean_area_m2"":5463974.348767464}]"
causal_prefix:NEX326-methods:arm-15/two_step,causal_prefix,NEX326-methods,arm-15/two_step,computed,60,230,0,"{""success"":230}","[49.0,67.0]",50.39226990313778,1.3607676449131665,"[{""coverage_rate"":0.3347826086956522,""level"":0.5,""mean_area_m2"":13147.5700371696},{""coverage_rate"":0.8826086956521739,""level"":0.8,""mean_area_m2"":30689.186446942167},{""coverage_rate"":0.9565217391304348,""level"":0.9,""mean_area_m2"":43802.68386062628},{""coverage_rate"":0.9565217391304348,""level"":0.95,""mean_area_m2"":57299.19784150382}]"
causal_prefix:NEX326-methods:arm-15/two_step,causal_prefix,NEX326-methods,arm-15/two_step,computed,300,230,0,"{""success"":230}","[294.0,305.0]",241.93406461109308,1.9187697565044004,"[{""coverage_rate"":0.0782608695652174,""level"":0.5,""mean_area_m2"":94839.2509201113},{""coverage_rate"":0.25217391304347825,""level"":0.8,""mean_area_m2"":211421.2288274827},{""coverage_rate"":0.3782608695652174,""level"":0.9,""mean_area_m2"":294357.64487934567},{""coverage_rate"":0.508695652173913,""level"":0.95,""mean_area_m2"":377623.6204645754}]"
causal_prefix:NEX326-methods:arm-15/two_step,causal_prefix,NEX326-methods,arm-15/two_step,computed,900,230,0,"{""success"":230}","[889.0,910.0]",606.7563712045276,3.2248419209920653,"[{""coverage_rate"":0.08695652173913043,""level"":0.5,""mean_area_m2"":540132.6648933566},{""coverage_rate"":0.24782608695652175,""level"":0.8,""mean_area_m2"":1065397.8991679882},{""coverage_rate"":0.3565217391304348,""level"":0.9,""mean_area_m2"":1417538.1890683544},{""coverage_rate"":0.46956521739130436,""level"":0.95,""mean_area_m2"":1763125.3409888821}]"
causal_prefix:NEX326-methods:arm-15/two_step,causal_prefix,NEX326-methods,arm-15/two_step,computed,1800,230,0,"{""success"":230}","[1785.0,1814.0]",1004.7148117306944,4.127969001717125,"[{""coverage_rate"":0.3391304347826087,""level"":0.5,""mean_area_m2"":2003131.6650388942},{""coverage_rate"":0.3739130434782609,""level"":0.8,""mean_area_m2"":3561656.926649287},{""coverage_rate"":0.46956521739130436,""level"":0.9,""mean_area_m2"":4560523.728222167},{""coverage_rate"":0.5173913043478261,""level"":0.95,""mean_area_m2"":5480136.921539415}]"
causal_prefix:NEX326-methods:arm-16/full,causal_prefix,NEX326-methods,arm-16/full,computed,60,230,0,"{""success"":230}","[49.0,67.0]",50.293285772108575,1.3613943292087363,"[{""coverage_rate"":0.3347826086956522,""level"":0.5,""mean_area_m2"":13148.454140948184},{""coverage_rate"":0.8739130434782608,""level"":0.8,""mean_area_m2"":30583.57463385182},{""coverage_rate"":0.9565217391304348,""level"":0.9,""mean_area_m2"":43698.34142939075},{""coverage_rate"":0.9565217391304348,""level"":0.95,""mean_area_m2"":56897.59862053666}]"
causal_prefix:NEX326-methods:arm-16/full,causal_prefix,NEX326-methods,arm-16/full,computed,300,230,0,"{""success"":230}","[294.0,305.0]",242.0590919527277,1.9152502975172176,"[{""coverage_rate"":0.07391304347826087,""level"":0.5,""mean_area_m2"":94313.8342507697},{""coverage_rate"":0.2608695652173913,""level"":0.8,""mean_area_m2"":209685.90042756143},{""coverage_rate"":0.3782608695652174,""level"":0.9,""mean_area_m2"":292774.8691219015},{""coverage_rate"":0.5173913043478261,""level"":0.95,""mean_area_m2"":376725.92062424216}]"
causal_prefix:NEX326-methods:arm-16/full,causal_prefix,NEX326-methods,arm-16/full,computed,900,230,0,"{""success"":230}","[889.0,910.0]",607.0956427667184,3.2204189285611107,"[{""coverage_rate"":0.08695652173913043,""level"":0.5,""mean_area_m2"":539369.1358510008},{""coverage_rate"":0.24782608695652175,""level"":0.8,""mean_area_m2"":1060742.2967199024},{""coverage_rate"":0.3347826086956522,""level"":0.9,""mean_area_m2"":1406930.3170472544},{""coverage_rate"":0.4652173913043478,""level"":0.95,""mean_area_m2"":1754039.9895371536}]"
causal_prefix:NEX326-methods:arm-16/full,causal_prefix,NEX326-methods,arm-16/full,computed,1800,230,0,"{""success"":230}","[1785.0,1814.0]",1004.1685120738202,4.117587592085249,"[{""coverage_rate"":0.3347826086956522,""level"":0.5,""mean_area_m2"":1989863.8188922075},{""coverage_rate"":0.3782608695652174,""level"":0.8,""mean_area_m2"":3534469.145828955},{""coverage_rate"":0.45652173913043476,""level"":0.9,""mean_area_m2"":4520782.13897938},{""coverage_rate"":0.5391304347826087,""level"":0.95,""mean_area_m2"":5448225.411761781}]"
causal_prefix:NEX326-methods:arm-18/full,causal_prefix,NEX326-methods,arm-18/full,computed,60,230,0,"{""success"":230}","[49.0,67.0]",50.475750271447836,1.3596733058413863,"[{""coverage_rate"":0.33043478260869563,""level"":0.5,""mean_area_m2"":13161.971764217571},{""coverage_rate"":0.8869565217391304,""level"":0.8,""mean_area_m2"":30600.711903371368},{""coverage_rate"":0.9565217391304348,""level"":0.9,""mean_area_m2"":43757.58262335927},{""coverage_rate"":0.9565217391304348,""level"":0.95,""mean_area_m2"":57303.85648446927}]"
causal_prefix:NEX326-methods:arm-18/full,causal_prefix,NEX326-methods,arm-18/full,computed,300,230,0,"{""success"":230}","[294.0,305.0]",242.5447275720755,1.9194388140198126,"[{""coverage_rate"":0.06956521739130435,""level"":0.5,""mean_area_m2"":94450.62580701894},{""coverage_rate"":0.26521739130434785,""level"":0.8,""mean_area_m2"":209176.16485484378},{""coverage_rate"":0.3826086956521739,""level"":0.9,""mean_area_m2"":291996.237536824},{""coverage_rate"":0.48695652173913045,""level"":0.95,""mean_area_m2"":375607.80293186696}]"
causal_prefix:NEX326-methods:arm-18/full,causal_prefix,NEX326-methods,arm-18/full,computed,900,230,0,"{""success"":230}","[889.0,910.0]",608.2991174231471,3.2189435335938286,"[{""coverage_rate"":0.09130434782608696,""level"":0.5,""mean_area_m2"":537520.9104491516},{""coverage_rate"":0.24347826086956523,""level"":0.8,""mean_area_m2"":1060258.2434090623},{""coverage_rate"":0.32608695652173914,""level"":0.9,""mean_area_m2"":1406916.817189766},{""coverage_rate"":0.45217391304347826,""level"":0.95,""mean_area_m2"":1753550.9611266442}]"
causal_prefix:NEX326-methods:arm-18/full,causal_prefix,NEX326-methods,arm-18/full,computed,1800,230,0,"{""success"":230}","[1785.0,1814.0]",1007.5706073515735,4.122182836515143,"[{""coverage_rate"":0.34347826086956523,""level"":0.5,""mean_area_m2"":1994586.5528303788},{""coverage_rate"":0.3695652173913043,""level"":0.8,""mean_area_m2"":3558613.334545235},{""coverage_rate"":0.45652173913043476,""level"":0.9,""mean_area_m2"":4551494.619031318},{""coverage_rate"":0.5173913043478261,""level"":0.95,""mean_area_m2"":5477448.706021515}]"
causal_prefix:NEX326-methods:arm-19/em,causal_prefix,NEX326-methods,arm-19/em,computed,60,230,0,"{""success"":230}","[49.0,67.0]",50.47740255726934,1.359688176402269,"[{""coverage_rate"":0.33043478260869563,""level"":0.5,""mean_area_m2"":13154.157644651497},{""coverage_rate"":0.8826086956521739,""level"":0.8,""mean_area_m2"":30583.295412167485},{""coverage_rate"":0.9565217391304348,""level"":0.9,""mean_area_m2"":43732.65057295475},{""coverage_rate"":0.9565217391304348,""level"":0.95,""mean_area_m2"":57271.05435698295}]"
causal_prefix:NEX326-methods:arm-19/em,causal_prefix,NEX326-methods,arm-19/em,computed,300,230,0,"{""success"":230}","[294.0,305.0]",242.5633753768498,1.9190581116345282,"[{""coverage_rate"":0.06956521739130435,""level"":0.5,""mean_area_m2"":94398.37235526134},{""coverage_rate"":0.26521739130434785,""level"":0.8,""mean_area_m2"":209059.04764222956},{""coverage_rate"":0.3826086956521739,""level"":0.9,""mean_area_m2"":291836.1280827427},{""coverage_rate"":0.48695652173913045,""level"":0.95,""mean_area_m2"":375403.336259739}]"
causal_prefix:NEX326-methods:arm-19/em,causal_prefix,NEX326-methods,arm-19/em,computed,900,230,0,"{""success"":230}","[889.0,910.0]",608.3449466006512,3.2184261845802253,"[{""coverage_rate"":0.09130434782608696,""level"":0.5,""mean_area_m2"":537212.5266150193},{""coverage_rate"":0.24347826086956523,""level"":0.8,""mean_area_m2"":1059699.9923106565},{""coverage_rate"":0.32608695652173914,""level"":0.9,""mean_area_m2"":1406094.068686262},{""coverage_rate"":0.45217391304347826,""level"":0.95,""mean_area_m2"":1752598.335877547}]"
causal_prefix:NEX326-methods:arm-19/em,causal_prefix,NEX326-methods,arm-19/em,computed,1800,230,0,"{""success"":230}","[1785.0,1814.0]",1007.6062892918404,4.121631924222603,"[{""coverage_rate"":0.34347826086956523,""level"":0.5,""mean_area_m2"":1993376.0427616085},{""coverage_rate"":0.3695652173913043,""level"":0.8,""mean_area_m2"":3556562.5916495915},{""coverage_rate"":0.45652173913043476,""level"":0.9,""mean_area_m2"":4548944.630525154},{""coverage_rate"":0.5173913043478261,""level"":0.95,""mean_area_m2"":5474260.717475412}]"
causal_prefix:NEX326-methods:arm-19/euler,causal_prefix,NEX326-methods,arm-19/euler,computed,60,230,0,"{""success"":230}","[49.0,67.0]",50.47740255726934,1.359688176402269,"[{""coverage_rate"":0.33043478260869563,""level"":0.5,""mean_area_m2"":13154.157644651497},{""coverage_rate"":0.8826086956521739,""level"":0.8,""mean_area_m2"":30583.295412167485},{""coverage_rate"":0.9565217391304348,""level"":0.9,""mean_area_m2"":43732.65057295475},{""coverage_rate"":0.9565217391304348,""level"":0.95,""mean_area_m2"":57271.05435698295}]"
causal_prefix:NEX326-methods:arm-19/euler,causal_prefix,NEX326-methods,arm-19/euler,computed,300,230,0,"{""success"":230}","[294.0,305.0]",242.5633753768498,1.9190581116345282,"[{""coverage_rate"":0.06956521739130435,""level"":0.5,""mean_area_m2"":94398.37235526134},{""coverage_rate"":0.26521739130434785,""level"":0.8,""mean_area_m2"":209059.04764222956},{""coverage_rate"":0.3826086956521739,""level"":0.9,""mean_area_m2"":291836.1280827427},{""coverage_rate"":0.48695652173913045,""level"":0.95,""mean_area_m2"":375403.336259739}]"
causal_prefix:NEX326-methods:arm-19/euler,causal_prefix,NEX326-methods,arm-19/euler,computed,900,230,0,"{""success"":230}","[889.0,910.0]",608.3449466006512,3.2184261845802253,"[{""coverage_rate"":0.09130434782608696,""level"":0.5,""mean_area_m2"":537212.5266150193},{""coverage_rate"":0.24347826086956523,""level"":0.8,""mean_area_m2"":1059699.9923106565},{""coverage_rate"":0.32608695652173914,""level"":0.9,""mean_area_m2"":1406094.068686262},{""coverage_rate"":0.45217391304347826,""level"":0.95,""mean_area_m2"":1752598.335877547}]"
causal_prefix:NEX326-methods:arm-19/euler,causal_prefix,NEX326-methods,arm-19/euler,computed,1800,230,0,"{""success"":230}","[1785.0,1814.0]",1007.6062892918404,4.121631924222603,"[{""coverage_rate"":0.34347826086956523,""level"":0.5,""mean_area_m2"":1993376.0427616085},{""coverage_rate"":0.3695652173913043,""level"":0.8,""mean_area_m2"":3556562.5916495915},{""coverage_rate"":0.45652173913043476,""level"":0.9,""mean_area_m2"":4548944.630525154},{""coverage_rate"":0.5173913043478261,""level"":0.95,""mean_area_m2"":5474260.717475412}]"
causal_prefix:NEX326-methods:arm-20/full,causal_prefix,NEX326-methods,arm-20/full,computed,60,230,0,"{""success"":230}","[49.0,67.0]",50.459334323163134,1.361796111868126,"[{""coverage_rate"":0.3347826086956522,""level"":0.5,""mean_area_m2"":13292.904302732995},{""coverage_rate"":0.8913043478260869,""level"":0.8,""mean_area_m2"":30686.806326003865},{""coverage_rate"":0.9565217391304348,""level"":0.9,""mean_area_m2"":43737.6454182715},{""coverage_rate"":0.9608695652173913,""level"":0.95,""mean_area_m2"":57290.38978137356}]"
causal_prefix:NEX326-methods:arm-20/full,causal_prefix,NEX326-methods,arm-20/full,computed,300,230,0,"{""success"":230}","[294.0,305.0]",242.38875898322468,1.9205916607210225,"[{""coverage_rate"":0.0782608695652174,""level"":0.5,""mean_area_m2"":94664.62257980909},{""coverage_rate"":0.26521739130434785,""level"":0.8,""mean_area_m2"":210603.8183449528},{""coverage_rate"":0.3782608695652174,""level"":0.9,""mean_area_m2"":294892.2438110379},{""coverage_rate"":0.5260869565217391,""level"":0.95,""mean_area_m2"":378043.24406303535}]"
causal_prefix:NEX326-methods:arm-20/full,causal_prefix,NEX326-methods,arm-20/full,computed,900,230,0,"{""success"":230}","[889.0,910.0]",607.8524903642123,3.223325360579771,"[{""coverage_rate"":0.08695652173913043,""level"":0.5,""mean_area_m2"":539887.6531250458},{""coverage_rate"":0.23478260869565218,""level"":0.8,""mean_area_m2"":1060717.6380588664},{""coverage_rate"":0.3347826086956522,""level"":0.9,""mean_area_m2"":1415444.6144144898},{""coverage_rate"":0.45217391304347826,""level"":0.95,""mean_area_m2"":1763800.7698551926}]"
causal_prefix:NEX326-methods:arm-20/full,causal_prefix,NEX326-methods,arm-20/full,computed,1800,230,0,"{""success"":230}","[1785.0,1814.0]",1004.4436401152578,4.122322824920948,"[{""coverage_rate"":0.3391304347826087,""level"":0.5,""mean_area_m2"":1991718.4731089217},{""coverage_rate"":0.3695652173913043,""level"":0.8,""mean_area_m2"":3553984.1486875443},{""coverage_rate"":0.46956521739130436,""level"":0.9,""mean_area_m2"":4553418.607086459},{""coverage_rate"":0.5217391304347826,""level"":0.95,""mean_area_m2"":5481318.448804495}]"
causal_prefix:NEX326-methods:arm-21/crn,causal_prefix,NEX326-methods,arm-21/crn,computed,60,230,0,"{""success"":230}","[49.0,67.0]",50.45933384231455,1.361796111868126,"[{""coverage_rate"":0.3347826086956522,""level"":0.5,""mean_area_m2"":13292.905788747852},{""coverage_rate"":0.8913043478260869,""level"":0.8,""mean_area_m2"":30686.80639077663},{""coverage_rate"":0.9565217391304348,""level"":0.9,""mean_area_m2"":43737.64284883558},{""coverage_rate"":0.9608695652173913,""level"":0.95,""mean_area_m2"":57290.39625091758}]"
causal_prefix:NEX326-methods:arm-21/crn,causal_prefix,NEX326-methods,arm-21/crn,computed,300,230,0,"{""success"":230}","[294.0,305.0]",242.38874285227314,1.9205916607210225,"[{""coverage_rate"":0.0782608695652174,""level"":0.5,""mean_area_m2"":94664.61964168963},{""coverage_rate"":0.26521739130434785,""level"":0.8,""mean_area_m2"":210603.92009160746},{""coverage_rate"":0.3782608695652174,""level"":0.9,""mean_area_m2"":294892.2536930424},{""coverage_rate"":0.5260869565217391,""level"":0.95,""mean_area_m2"":378043.1783116443}]"
causal_prefix:NEX326-methods:arm-21/crn,causal_prefix,NEX326-methods,arm-21/crn,computed,900,230,0,"{""success"":230}","[889.0,910.0]",607.8524029888481,3.2233223333698735,"[{""coverage_rate"":0.08695652173913043,""level"":0.5,""mean_area_m2"":539888.7868495504},{""coverage_rate"":0.23478260869565218,""level"":0.8,""mean_area_m2"":1060717.8265993032},{""coverage_rate"":0.3347826086956522,""level"":0.9,""mean_area_m2"":1415444.7560529134},{""coverage_rate"":0.45217391304347826,""level"":0.95,""mean_area_m2"":1763800.5073936656}]"
causal_prefix:NEX326-methods:arm-21/crn,causal_prefix,NEX326-methods,arm-21/crn,computed,1800,230,0,"{""success"":230}","[1785.0,1814.0]",1004.4435186977792,4.122340407477267,"[{""coverage_rate"":0.3391304347826087,""level"":0.5,""mean_area_m2"":1991726.531587573},{""coverage_rate"":0.3695652173913043,""level"":0.8,""mean_area_m2"":3553989.258060052},{""coverage_rate"":0.46956521739130436,""level"":0.9,""mean_area_m2"":4553420.301605909},{""coverage_rate"":0.5217391304347826,""level"":0.95,""mean_area_m2"":5481302.993702687}]"
causal_prefix:NEX326-methods:arm-21/mc,causal_prefix,NEX326-methods,arm-21/mc,computed,60,230,0,"{""success"":230}","[49.0,67.0]",50.48077617625286,1.360314679550115,"[{""coverage_rate"":0.3391304347826087,""level"":0.5,""mean_area_m2"":13125.766457550984},{""coverage_rate"":0.8826086956521739,""level"":0.8,""mean_area_m2"":30634.835576669775},{""coverage_rate"":0.9565217391304348,""level"":0.9,""mean_area_m2"":43611.4514338505},{""coverage_rate"":0.9608695652173913,""level"":0.95,""mean_area_m2"":57259.579313508}]"
causal_prefix:NEX326-methods:arm-21/mc,causal_prefix,NEX326-methods,arm-21/mc,computed,300,230,0,"{""success"":230}","[294.0,305.0]",242.04652024799984,1.9117060622973594,"[{""coverage_rate"":0.06956521739130435,""level"":0.5,""mean_area_m2"":93851.3626306722},{""coverage_rate"":0.26521739130434785,""level"":0.8,""mean_area_m2"":209038.57105908278},{""coverage_rate"":0.3652173913043478,""level"":0.9,""mean_area_m2"":291304.1307531327},{""coverage_rate"":0.5260869565217391,""level"":0.95,""mean_area_m2"":376099.2618520348}]"
causal_prefix:NEX326-methods:arm-21/mc,causal_prefix,NEX326-methods,arm-21/mc,computed,900,230,0,"{""success"":230}","[889.0,910.0]",607.0405716314185,3.217015506257578,"[{""coverage_rate"":0.09130434782608696,""level"":0.5,""mean_area_m2"":538081.2614734712},{""coverage_rate"":0.2391304347826087,""level"":0.8,""mean_area_m2"":1055502.3577144942},{""coverage_rate"":0.34347826086956523,""level"":0.9,""mean_area_m2"":1407446.2139591114},{""coverage_rate"":0.46956521739130436,""level"":0.95,""mean_area_m2"":1744623.0554995313}]"
causal_prefix:NEX326-methods:arm-21/mc,causal_prefix,NEX326-methods,arm-21/mc,computed,1800,230,0,"{""success"":230}","[1785.0,1814.0]",1002.4591009484125,4.118677554696574,"[{""coverage_rate"":0.3391304347826087,""level"":0.5,""mean_area_m2"":1986002.3699873167},{""coverage_rate"":0.3695652173913043,""level"":0.8,""mean_area_m2"":3534252.4623541934},{""coverage_rate"":0.4608695652173913,""level"":0.9,""mean_area_m2"":4526337.719620772},{""coverage_rate"":0.5391304347826087,""level"":0.95,""mean_area_m2"":5452693.52496732}]"
causal_prefix:inertial:all,causal_prefix,inertial,all,computed,60,46,0,"{""success"":46}","[49.0,67.0]",31.172460629641932,0.0,"[{""coverage_rate"":0.0,""level"":0.5,""mean_area_m2"":0.0},{""coverage_rate"":0.0,""level"":0.8,""mean_area_m2"":0.0},{""coverage_rate"":0.0,""level"":0.9,""mean_area_m2"":0.0},{""coverage_rate"":0.0,""level"":0.95,""mean_area_m2"":0.0}]"
causal_prefix:inertial:all,causal_prefix,inertial,all,computed,300,46,0,"{""success"":46}","[294.0,305.0]",237.92713645422208,0.0,"[{""coverage_rate"":0.0,""level"":0.5,""mean_area_m2"":0.0},{""coverage_rate"":0.0,""level"":0.8,""mean_area_m2"":0.0},{""coverage_rate"":0.0,""level"":0.9,""mean_area_m2"":0.0},{""coverage_rate"":0.0,""level"":0.95,""mean_area_m2"":0.0}]"
causal_prefix:inertial:all,causal_prefix,inertial,all,computed,900,46,0,"{""success"":46}","[889.0,910.0]",934.0285580844752,0.0,"[{""coverage_rate"":0.0,""level"":0.5,""mean_area_m2"":0.0},{""coverage_rate"":0.0,""level"":0.8,""mean_area_m2"":0.0},{""coverage_rate"":0.0,""level"":0.9,""mean_area_m2"":0.0},{""coverage_rate"":0.0,""level"":0.95,""mean_area_m2"":0.0}]"
causal_prefix:inertial:all,causal_prefix,inertial,all,computed,1800,46,0,"{""success"":46}","[1785.0,1814.0]",2095.7834901174965,0.0,"[{""coverage_rate"":0.0,""level"":0.5,""mean_area_m2"":0.0},{""coverage_rate"":0.0,""level"":0.8,""mean_area_m2"":0.0},{""coverage_rate"":0.0,""level"":0.9,""mean_area_m2"":0.0},{""coverage_rate"":0.0,""level"":0.95,""mean_area_m2"":0.0}]"
causal_prefix:terrain:all-terrain,causal_prefix,terrain,all-terrain,unavailable,60,230,0,"{""failed"":1,""success"":229}",,,,
causal_prefix:terrain:all-terrain,causal_prefix,terrain,all-terrain,unavailable,300,230,0,"{""failed"":1,""success"":229}",,,,
causal_prefix:terrain:all-terrain,causal_prefix,terrain,all-terrain,unavailable,900,230,0,"{""failed"":1,""success"":229}",,,,
causal_prefix:terrain:all-terrain,causal_prefix,terrain,all-terrain,unavailable,1800,230,0,"{""failed"":1,""success"":229}",,,,
causal_prefix:terrain:base,causal_prefix,terrain,base,computed,60,230,0,"{""success"":230}","[49.0,67.0]",23.58107978625003,0.8184284163237175,"[{""coverage_rate"":0.7521739130434782,""level"":0.5,""mean_area_m2"":5736.610142567147},{""coverage_rate"":0.9608695652173913,""level"":0.8,""mean_area_m2"":13233.696002547977},{""coverage_rate"":0.9782608695652174,""level"":0.9,""mean_area_m2"":18935.976536949594},{""coverage_rate"":0.991304347826087,""level"":0.95,""mean_area_m2"":24765.565428367994}]"
causal_prefix:terrain:base,causal_prefix,terrain,base,computed,300,230,0,"{""success"":230}","[294.0,305.0]",176.76343029169914,2.346444253861946,"[{""coverage_rate"":0.4434782608695652,""level"":0.5,""mean_area_m2"":194116.7659149617},{""coverage_rate"":0.782608695652174,""level"":0.8,""mean_area_m2"":362009.310001286},{""coverage_rate"":0.9304347826086956,""level"":0.9,""mean_area_m2"":480524.2123649041},{""coverage_rate"":0.9652173913043478,""level"":0.95,""mean_area_m2"":599350.4411249206}]"
causal_prefix:terrain:base,causal_prefix,terrain,base,computed,900,230,0,"{""success"":230}","[889.0,910.0]",554.5618004676373,3.7244259705180935,"[{""coverage_rate"":0.2608695652173913,""level"":0.5,""mean_area_m2"":811201.2846609032},{""coverage_rate"":0.43043478260869567,""level"":0.8,""mean_area_m2"":1768362.7194594652},{""coverage_rate"":0.5782608695652174,""level"":0.9,""mean_area_m2"":2422293.5227529416},{""coverage_rate"":0.7347826086956522,""level"":0.95,""mean_area_m2"":3049187.7283430244}]"
causal_prefix:terrain:base,causal_prefix,terrain,base,computed,1800,230,0,"{""success"":230}","[1785.0,1814.0]",1046.0663935687955,4.41122902478407,"[{""coverage_rate"":0.13478260869565217,""level"":0.5,""mean_area_m2"":1673279.2984284137},{""coverage_rate"":0.3391304347826087,""level"":0.8,""mean_area_m2"":3866170.5650923224},{""coverage_rate"":0.4826086956521739,""level"":0.9,""mean_area_m2"":5505910.4290865185},{""coverage_rate"":0.5956521739130435,""level"":0.95,""mean_area_m2"":7137821.704635855}]"
causal_prefix:terrain:lio-river,causal_prefix,terrain,lio-river,unavailable,60,230,0,"{""failed"":1,""success"":229}",,,,
causal_prefix:terrain:lio-river,causal_prefix,terrain,lio-river,unavailable,300,230,0,"{""failed"":1,""success"":229}",,,,
causal_prefix:terrain:lio-river,causal_prefix,terrain,lio-river,unavailable,900,230,0,"{""failed"":1,""success"":229}",,,,
causal_prefix:terrain:lio-river,causal_prefix,terrain,lio-river,unavailable,1800,230,0,"{""failed"":1,""success"":229}",,,,
causal_prefix:terrain:lio-road,causal_prefix,terrain,lio-road,unavailable,60,230,0,"{""failed"":1,""success"":229}",,,,
causal_prefix:terrain:lio-road,causal_prefix,terrain,lio-road,unavailable,300,230,0,"{""failed"":1,""success"":229}",,,,
causal_prefix:terrain:lio-road,causal_prefix,terrain,lio-road,unavailable,900,230,0,"{""failed"":1,""success"":229}",,,,
causal_prefix:terrain:lio-road,causal_prefix,terrain,lio-road,unavailable,1800,230,0,"{""failed"":1,""success"":229}",,,,
causal_prefix:terrain:lio-surface,causal_prefix,terrain,lio-surface,computed,60,230,0,"{""success"":230}","[49.0,67.0]",24.196935795712935,0.7896614608669443,"[{""coverage_rate"":0.6565217391304348,""level"":0.5,""mean_area_m2"":5479.177076633315},{""coverage_rate"":0.9478260869565217,""level"":0.8,""mean_area_m2"":12691.519526128934},{""coverage_rate"":0.9782608695652174,""level"":0.9,""mean_area_m2"":18421.827410714086},{""coverage_rate"":0.991304347826087,""level"":0.95,""mean_area_m2"":24279.48492554919}]"
causal_prefix:terrain:lio-surface,causal_prefix,terrain,lio-surface,computed,300,230,0,"{""success"":230}","[294.0,305.0]",183.48834115260257,2.2858053679453545,"[{""coverage_rate"":0.3652173913043478,""level"":0.5,""mean_area_m2"":180459.10235488135},{""coverage_rate"":0.7782608695652173,""level"":0.8,""mean_area_m2"":348475.8111294619},{""coverage_rate"":0.8521739130434782,""level"":0.9,""mean_area_m2"":474211.6866164184},{""coverage_rate"":0.9260869565217391,""level"":0.95,""mean_area_m2"":605374.7526187048}]"
causal_prefix:terrain:lio-surface,causal_prefix,terrain,lio-surface,computed,900,230,0,"{""success"":230}","[889.0,910.0]",572.5768583452099,3.6804729369715594,"[{""coverage_rate"":0.1608695652173913,""level"":0.5,""mean_area_m2"":796254.4213873757},{""coverage_rate"":0.45652173913043476,""level"":0.8,""mean_area_m2"":1755205.2247316786},{""coverage_rate"":0.6130434782608696,""level"":0.9,""mean_area_m2"":2420241.9112448515},{""coverage_rate"":0.7652173913043478,""level"":0.95,""mean_area_m2"":3087418.250600141}]"
causal_prefix:terrain:lio-surface,causal_prefix,terrain,lio-surface,computed,1800,230,0,"{""success"":230}","[1785.0,1814.0]",1039.9112449488819,4.374219399161231,"[{""coverage_rate"":0.2,""level"":0.5,""mean_area_m2"":1723992.8812683257},{""coverage_rate"":0.47391304347826085,""level"":0.8,""mean_area_m2"":3978406.8329432923},{""coverage_rate"":0.48695652173913045,""level"":0.9,""mean_area_m2"":5671631.59811524},{""coverage_rate"":0.5521739130434783,""level"":0.95,""mean_area_m2"":7376221.274391293}]"
causal_prefix:terrain:lio-worldcover,causal_prefix,terrain,lio-worldcover,computed,60,230,0,"{""success"":230}","[49.0,67.0]",24.002643741145558,0.8146868364201818,"[{""coverage_rate"":0.7086956521739131,""level"":0.5,""mean_area_m2"":5700.8366106154235},{""coverage_rate"":0.9521739130434783,""level"":0.8,""mean_area_m2"":13169.406080053122},{""coverage_rate"":0.9782608695652174,""level"":0.9,""mean_area_m2"":18846.005080026436},{""coverage_rate"":0.9956521739130435,""level"":0.95,""mean_area_m2"":24624.93537185538}]"
causal_prefix:terrain:lio-worldcover,causal_prefix,terrain,lio-worldcover,computed,300,230,0,"{""success"":230}","[294.0,305.0]",178.64713150449617,2.3241474852076136,"[{""coverage_rate"":0.40869565217391307,""level"":0.5,""mean_area_m2"":189672.80328380316},{""coverage_rate"":0.7260869565217392,""level"":0.8,""mean_area_m2"":357174.1946189104},{""coverage_rate"":0.9130434782608695,""level"":0.9,""mean_area_m2"":477427.0959080632},{""coverage_rate"":0.9782608695652174,""level"":0.95,""mean_area_m2"":598519.0710860862}]"
causal_prefix:terrain:lio-worldcover,causal_prefix,terrain,lio-worldcover,computed,900,230,0,"{""success"":230}","[889.0,910.0]",548.2434856222434,3.684306974327935,"[{""coverage_rate"":0.2391304347826087,""level"":0.5,""mean_area_m2"":799217.6712993525},{""coverage_rate"":0.48695652173913045,""level"":0.8,""mean_area_m2"":1790562.782450797},{""coverage_rate"":0.6434782608695652,""level"":0.9,""mean_area_m2"":2467296.7485894132},{""coverage_rate"":0.7521739130434782,""level"":0.95,""mean_area_m2"":3115036.2370794285}]"
causal_prefix:terrain:lio-worldcover,causal_prefix,terrain,lio-worldcover,computed,1800,230,0,"{""success"":230}","[1785.0,1814.0]",1034.842015866969,4.356782026682536,"[{""coverage_rate"":0.1608695652173913,""level"":0.5,""mean_area_m2"":1689132.4868799914},{""coverage_rate"":0.34782608695652173,""level"":0.8,""mean_area_m2"":3921519.4846938215},{""coverage_rate"":0.5304347826086957,""level"":0.9,""mean_area_m2"":5640038.374012448},{""coverage_rate"":0.6173913043478261,""level"":0.95,""mean_area_m2"":7315853.472260988}]"
causal_prefix:terrain:loo-river,causal_prefix,terrain,loo-river,computed,60,230,0,"{""success"":230}","[49.0,67.0]",27.278607959947713,0.7680654689398307,"[{""coverage_rate"":0.5434782608695652,""level"":0.5,""mean_area_m2"":5321.450864192407},{""coverage_rate"":0.8869565217391304,""level"":0.8,""mean_area_m2"":12229.138557317052},{""coverage_rate"":0.9391304347826087,""level"":0.9,""mean_area_m2"":17653.918978746184},{""coverage_rate"":0.9739130434782609,""level"":0.95,""mean_area_m2"":23367.317727320904}]"
causal_prefix:terrain:loo-river,causal_prefix,terrain,loo-river,computed,300,230,0,"{""success"":230}","[294.0,305.0]",205.4877409378653,2.156721709601106,"[{""coverage_rate"":0.3695652173913043,""level"":0.5,""mean_area_m2"":163634.98387918784},{""coverage_rate"":0.591304347826087,""level"":0.8,""mean_area_m2"":331202.1633407357},{""coverage_rate"":0.7521739130434782,""level"":0.9,""mean_area_m2"":463905.06226074294},{""coverage_rate"":0.8826086956521739,""level"":0.95,""mean_area_m2"":604160.2638096701}]"
causal_prefix:terrain:loo-river,causal_prefix,terrain,loo-river,computed,900,230,0,"{""success"":230}","[889.0,910.0]",617.7293801983684,3.466580669888707,"[{""coverage_rate"":0.19130434782608696,""level"":0.5,""mean_area_m2"":754623.5805684834},{""coverage_rate"":0.47391304347826085,""level"":0.8,""mean_area_m2"":1737815.9074961399},{""coverage_rate"":0.6739130434782609,""level"":0.9,""mean_area_m2"":2443317.6466583004},{""coverage_rate"":0.7347826086956522,""level"":0.95,""mean_area_m2"":3190861.1803804236}]"
causal_prefix:terrain:loo-river,causal_prefix,terrain,loo-river,computed,1800,230,0,"{""success"":230}","[1785.0,1814.0]",1101.0428648001755,4.127569891241691,"[{""coverage_rate"":0.20869565217391303,""level"":0.5,""mean_area_m2"":1606915.3591009623},{""coverage_rate"":0.3695652173913043,""level"":0.8,""mean_area_m2"":3909396.242340543},{""coverage_rate"":0.5130434782608696,""level"":0.9,""mean_area_m2"":5684944.815302103},{""coverage_rate"":0.6086956521739131,""level"":0.95,""mean_area_m2"":7555591.352485681}]"
causal_prefix:terrain:loo-road,causal_prefix,terrain,loo-road,computed,60,230,0,"{""success"":230}","[49.0,67.0]",24.20871203814738,0.7401907797961879,"[{""coverage_rate"":0.6043478260869565,""level"":0.5,""mean_area_m2"":5104.551286105434},{""coverage_rate"":0.9521739130434783,""level"":0.8,""mean_area_m2"":11914.721374185463},{""coverage_rate"":0.9565217391304348,""level"":0.9,""mean_area_m2"":17378.225191518337},{""coverage_rate"":0.9652173913043478,""level"":0.95,""mean_area_m2"":23091.4386366218}]"
causal_prefix:terrain:loo-road,causal_prefix,terrain,loo-road,computed,300,230,0,"{""success"":230}","[294.0,305.0]",173.92576160745043,2.165382849712599,"[{""coverage_rate"":0.4434782608695652,""level"":0.5,""mean_area_m2"":155099.55427928347},{""coverage_rate"":0.6956521739130435,""level"":0.8,""mean_area_m2"":319874.1321425382},{""coverage_rate"":0.8695652173913043,""level"":0.9,""mean_area_m2"":454145.94958296354},{""coverage_rate"":0.9347826086956522,""level"":0.95,""mean_area_m2"":596808.133299166}]"
causal_prefix:terrain:loo-road,causal_prefix,terrain,loo-road,computed,900,230,0,"{""success"":230}","[889.0,910.0]",524.5729879723002,3.496642999359485,"[{""coverage_rate"":0.2565217391304348,""level"":0.5,""mean_area_m2"":714478.2119641972},{""coverage_rate"":0.6086956521739131,""level"":0.8,""mean_area_m2"":1608191.558947972},{""coverage_rate"":0.717391304347826,""level"":0.9,""mean_area_m2"":2295637.4178840276},{""coverage_rate"":0.7521739130434782,""level"":0.95,""mean_area_m2"":3063038.353677703}]"
causal_prefix:terrain:loo-road,causal_prefix,terrain,loo-road,computed,1800,230,0,"{""success"":230}","[1785.0,1814.0]",1083.456438668447,4.167447341417663,"[{""coverage_rate"":0.13478260869565217,""level"":0.5,""mean_area_m2"":1542999.5654582486},{""coverage_rate"":0.28695652173913044,""level"":0.8,""mean_area_m2"":3841159.031260937},{""coverage_rate"":0.4826086956521739,""level"":0.9,""mean_area_m2"":5685098.965933545},{""coverage_rate"":0.6478260869565218,""level"":0.95,""mean_area_m2"":7696152.9613534985}]"
causal_prefix:terrain:loo-surface,causal_prefix,terrain,loo-surface,computed,60,230,0,"{""success"":230}","[49.0,67.0]",26.118726968938965,0.7483704003342356,"[{""coverage_rate"":0.591304347826087,""level"":0.5,""mean_area_m2"":5300.628264244712},{""coverage_rate"":0.8956521739130435,""level"":0.8,""mean_area_m2"":12254.695444815654},{""coverage_rate"":0.9565217391304348,""level"":0.9,""mean_area_m2"":17611.611719338107},{""coverage_rate"":0.9695652173913043,""level"":0.95,""mean_area_m2"":23079.703198696243}]"
causal_prefix:terrain:loo-surface,causal_prefix,terrain,loo-surface,computed,300,230,0,"{""success"":230}","[294.0,305.0]",188.94655991237505,2.155424856945566,"[{""coverage_rate"":0.33043478260869563,""level"":0.5,""mean_area_m2"":158669.24744480127},{""coverage_rate"":0.6869565217391305,""level"":0.8,""mean_area_m2"":326937.64827842213},{""coverage_rate"":0.8434782608695652,""level"":0.9,""mean_area_m2"":460232.9614655213},{""coverage_rate"":0.9304347826086956,""level"":0.95,""mean_area_m2"":599295.2761222556}]"
causal_prefix:terrain:loo-surface,causal_prefix,terrain,loo-surface,computed,900,230,0,"{""success"":230}","[889.0,910.0]",550.1553522367045,3.4657363348681676,"[{""coverage_rate"":0.3,""level"":0.5,""mean_area_m2"":776707.8727949358},{""coverage_rate"":0.5173913043478261,""level"":0.8,""mean_area_m2"":1736867.1457529005},{""coverage_rate"":0.6826086956521739,""level"":0.9,""mean_area_m2"":2469676.322120587},{""coverage_rate"":0.7521739130434782,""level"":0.95,""mean_area_m2"":3259525.191774309}]"
causal_prefix:terrain:loo-surface,causal_prefix,terrain,loo-surface,computed,1800,230,0,"{""success"":230}","[1785.0,1814.0]",1102.7965030074915,4.142266638381865,"[{""coverage_rate"":0.15217391304347827,""level"":0.5,""mean_area_m2"":1659465.560382677},{""coverage_rate"":0.32608695652173914,""level"":0.8,""mean_area_m2"":4148921.704561924},{""coverage_rate"":0.4782608695652174,""level"":0.9,""mean_area_m2"":6087257.612368164},{""coverage_rate"":0.5608695652173913,""level"":0.95,""mean_area_m2"":8201559.504512485}]"
causal_prefix:terrain:loo-worldcover,causal_prefix,terrain,loo-worldcover,computed,60,230,0,"{""success"":230}","[49.0,67.0]",25.985473504360993,0.7195424184588357,"[{""coverage_rate"":0.5434782608695652,""level"":0.5,""mean_area_m2"":5080.4315667081755},{""coverage_rate"":0.8869565217391304,""level"":0.8,""mean_area_m2"":11784.605337649886},{""coverage_rate"":0.9521739130434783,""level"":0.9,""mean_area_m2"":17150.38783920063},{""coverage_rate"":1.0,""level"":0.95,""mean_area_m2"":22839.73164186866}]"
causal_prefix:terrain:loo-worldcover,causal_prefix,terrain,loo-worldcover,computed,300,230,0,"{""success"":230}","[294.0,305.0]",188.772899249897,2.1476162951535644,"[{""coverage_rate"":0.4260869565217391,""level"":0.5,""mean_area_m2"":160093.66329969978},{""coverage_rate"":0.7434782608695653,""level"":0.8,""mean_area_m2"":332747.46998818027},{""coverage_rate"":0.8391304347826087,""level"":0.9,""mean_area_m2"":471796.017176078},{""coverage_rate"":0.8913043478260869,""level"":0.95,""mean_area_m2"":612020.1237069726}]"
causal_prefix:terrain:loo-worldcover,causal_prefix,terrain,loo-worldcover,computed,900,230,0,"{""success"":230}","[889.0,910.0]",558.5109104612508,3.470695705245865,"[{""coverage_rate"":0.20434782608695654,""level"":0.5,""mean_area_m2"":732932.9496438686},{""coverage_rate"":0.5608695652173913,""level"":0.8,""mean_area_m2"":1677083.0297721326},{""coverage_rate"":0.6826086956521739,""level"":0.9,""mean_area_m2"":2418025.488938422},{""coverage_rate"":0.7565217391304347,""level"":0.95,""mean_area_m2"":3234006.1260676044}]"
causal_prefix:terrain:loo-worldcover,causal_prefix,terrain,loo-worldcover,computed,1800,230,0,"{""success"":230}","[1785.0,1814.0]",1104.9772798979193,4.131619120464062,"[{""coverage_rate"":0.1608695652173913,""level"":0.5,""mean_area_m2"":1560430.3214099284},{""coverage_rate"":0.34782608695652173,""level"":0.8,""mean_area_m2"":3892259.448892187},{""coverage_rate"":0.43043478260869567,""level"":0.9,""mean_area_m2"":5815012.331012333},{""coverage_rate"":0.5956521739130435,""level"":0.95,""mean_area_m2"":8094390.305296543}]"
known_velocity:NEX326-diagnostic:diagnostic/full-exact-kernel,known_velocity,NEX326-diagnostic,diagnostic/full-exact-kernel,computed,60,30,0,"{""success"":30}","[50.0,67.0]",51.43680360395158,1.383050131391021,"[{""coverage_rate"":0.3333333333333333,""level"":0.5,""mean_area_m2"":12842.47711862562},{""coverage_rate"":0.7666666666666667,""level"":0.8,""mean_area_m2"":30255.103545539234},{""coverage_rate"":1.0,""level"":0.9,""mean_area_m2"":43131.87625733162},{""coverage_rate"":1.0,""level"":0.95,""mean_area_m2"":56319.111673988155}]"
known_velocity:NEX326-diagnostic:diagnostic/full-exact-kernel,known_velocity,NEX326-diagnostic,diagnostic/full-exact-kernel,computed,300,30,0,"{""success"":30}","[297.0,305.0]",248.08720524357668,1.9332354431257166,"[{""coverage_rate"":0.0,""level"":0.5,""mean_area_m2"":96262.72325264828},{""coverage_rate"":0.03333333333333333,""level"":0.8,""mean_area_m2"":212360.1150222882},{""coverage_rate"":0.4,""level"":0.9,""mean_area_m2"":295818.3680749374},{""coverage_rate"":0.6666666666666666,""level"":0.95,""mean_area_m2"":379394.6299880597}]"
known_velocity:NEX326-diagnostic:diagnostic/full-exact-kernel,known_velocity,NEX326-diagnostic,diagnostic/full-exact-kernel,computed,900,30,0,"{""success"":30}","[899.0,910.0]",593.3693187475153,3.2846507390543054,"[{""coverage_rate"":0.0,""level"":0.5,""mean_area_m2"":539947.53432846},{""coverage_rate"":0.0,""level"":0.8,""mean_area_m2"":1060670.3489131622},{""coverage_rate"":0.0,""level"":0.9,""mean_area_m2"":1407784.3459913472},{""coverage_rate"":0.16666666666666666,""level"":0.95,""mean_area_m2"":1732949.5338118873}]"
known_velocity:NEX326-diagnostic:diagnostic/full-exact-kernel,known_velocity,NEX326-diagnostic,diagnostic/full-exact-kernel,computed,1800,30,0,"{""success"":30}","[1792.0,1805.0]",831.3009369670721,4.203905699159981,"[{""coverage_rate"":0.06666666666666667,""level"":0.5,""mean_area_m2"":1958637.554600513},{""coverage_rate"":0.43333333333333335,""level"":0.8,""mean_area_m2"":3399718.3676445344},{""coverage_rate"":0.5,""level"":0.9,""mean_area_m2"":4317192.388479319},{""coverage_rate"":0.5333333333333333,""level"":0.95,""mean_area_m2"":5218754.906905434}]"
known_velocity:NEX326-methods:arm-01/full,known_velocity,NEX326-methods,arm-01/full,computed,60,30,0,"{""success"":30}","[50.0,67.0]",50.90450288444015,1.3820696749973307,"[{""coverage_rate"":0.3333333333333333,""level"":0.5,""mean_area_m2"":12820.190415245106},{""coverage_rate"":0.8666666666666667,""level"":0.8,""mean_area_m2"":29415.443154114608},{""coverage_rate"":1.0,""level"":0.9,""mean_area_m2"":42454.956683347555},{""coverage_rate"":1.0,""level"":0.95,""mean_area_m2"":55240.90009970858}]"
known_velocity:NEX326-methods:arm-01/full,known_velocity,NEX326-methods,arm-01/full,computed,300,30,0,"{""success"":30}","[297.0,305.0]",250.14961543356418,1.9376179466625483,"[{""coverage_rate"":0.0,""level"":0.5,""mean_area_m2"":96256.14936479338},{""coverage_rate"":0.0,""level"":0.8,""mean_area_m2"":213404.1250041322},{""coverage_rate"":0.3333333333333333,""level"":0.9,""mean_area_m2"":296021.53298460855},{""coverage_rate"":0.6666666666666666,""level"":0.95,""mean_area_m2"":376169.9287315693}]"
known_velocity:NEX326-methods:arm-01/full,known_velocity,NEX326-methods,arm-01/full,computed,900,30,0,"{""success"":30}","[899.0,910.0]",595.3645284797009,3.280194897221317,"[{""coverage_rate"":0.0,""level"":0.5,""mean_area_m2"":544589.8884298416},{""coverage_rate"":0.0,""level"":0.8,""mean_area_m2"":1045307.849511054},{""coverage_rate"":0.0,""level"":0.9,""mean_area_m2"":1388068.780324741},{""coverage_rate"":0.26666666666666666,""level"":0.95,""mean_area_m2"":1741550.3698318894}]"
known_velocity:NEX326-methods:arm-01/full,known_velocity,NEX326-methods,arm-01/full,computed,1800,30,0,"{""success"":30}","[1792.0,1805.0]",831.1219627362137,4.197826418577422,"[{""coverage_rate"":0.1,""level"":0.5,""mean_area_m2"":1946486.7555454965},{""coverage_rate"":0.4666666666666667,""level"":0.8,""mean_area_m2"":3394975.3908535233},{""coverage_rate"":0.5,""level"":0.9,""mean_area_m2"":4364444.839291276},{""coverage_rate"":0.6,""level"":0.95,""mean_area_m2"":5271030.239020318}]"
known_velocity:NEX326-methods:arm-02/pointwise,known_velocity,NEX326-methods,arm-02/pointwise,computed,60,30,0,"{""success"":30}","[50.0,67.0]",51.64462592357675,1.3835115763203742,"[{""coverage_rate"":0.3333333333333333,""level"":0.5,""mean_area_m2"":12747.56126327853},{""coverage_rate"":0.7333333333333333,""level"":0.8,""mean_area_m2"":29721.14580524376},{""coverage_rate"":1.0,""level"":0.9,""mean_area_m2"":42472.87994443163},{""coverage_rate"":1.0,""level"":0.95,""mean_area_m2"":55287.770962799346}]"
known_velocity:NEX326-methods:arm-02/pointwise,known_velocity,NEX326-methods,arm-02/pointwise,computed,300,30,0,"{""success"":30}","[297.0,305.0]",258.760585098945,1.737839590166388,"[{""coverage_rate"":0.0,""level"":0.5,""mean_area_m2"":67436.58082029062},{""coverage_rate"":0.0,""level"":0.8,""mean_area_m2"":156292.43187934448},{""coverage_rate"":0.0,""level"":0.9,""mean_area_m2"":225054.93506113807},{""coverage_rate"":0.3,""level"":0.95,""mean_area_m2"":293188.7911764497}]"
known_velocity:NEX326-methods:arm-02/pointwise,known_velocity,NEX326-methods,arm-02/pointwise,computed,900,30,0,"{""success"":30}","[899.0,910.0]",656.7172201980035,2.6655740791449754,"[{""coverage_rate"":0.0,""level"":0.5,""mean_area_m2"":214253.15383379636},{""coverage_rate"":0.0,""level"":0.8,""mean_area_m2"":499723.74961651984},{""coverage_rate"":0.0,""level"":0.9,""mean_area_m2"":718680.9535604751},{""coverage_rate"":0.0,""level"":0.95,""mean_area_m2"":943377.5066408685}]"
known_velocity:NEX326-methods:arm-02/pointwise,known_velocity,NEX326-methods,arm-02/pointwise,computed,1800,30,0,"{""success"":30}","[1792.0,1805.0]",953.5665321455325,3.3859456109905266,"[{""coverage_rate"":0.0,""level"":0.5,""mean_area_m2"":486462.1173202418},{""coverage_rate"":0.0,""level"":0.8,""mean_area_m2"":1121660.0322882163},{""coverage_rate"":0.0,""level"":0.9,""mean_area_m2"":1602966.9795871854},{""coverage_rate"":0.26666666666666666,""level"":0.95,""mean_area_m2"":2104741.777834974}]"
known_velocity:NEX326-methods:arm-03/single_gaussian,known_velocity,NEX326-methods,arm-03/single_gaussian,unavailable,60,30,0,"{""failed"":1,""success"":29}",,,,
known_velocity:NEX326-methods:arm-03/single_gaussian,known_velocity,NEX326-methods,arm-03/single_gaussian,unavailable,300,30,0,"{""failed"":1,""success"":29}",,,,
known_velocity:NEX326-methods:arm-03/single_gaussian,known_velocity,NEX326-methods,arm-03/single_gaussian,unavailable,900,30,0,"{""failed"":1,""success"":29}",,,,
known_velocity:NEX326-methods:arm-03/single_gaussian,known_velocity,NEX326-methods,arm-03/single_gaussian,unavailable,1800,30,0,"{""failed"":1,""success"":29}",,,,
known_velocity:NEX326-methods:arm-04/gmm_kernel,known_velocity,NEX326-methods,arm-04/gmm_kernel,computed,60,30,0,"{""success"":30}","[50.0,67.0]",51.68241853241521,1.38611812289622,"[{""coverage_rate"":0.5666666666666667,""level"":0.5,""mean_area_m2"":24491.899442600752},{""coverage_rate"":1.0,""level"":0.8,""mean_area_m2"":50820.505316768045},{""coverage_rate"":1.0,""level"":0.9,""mean_area_m2"":70557.84124398352},{""coverage_rate"":1.0,""level"":0.95,""mean_area_m2"":90484.84361998703}]"
known_velocity:NEX326-methods:arm-04/gmm_kernel,known_velocity,NEX326-methods,arm-04/gmm_kernel,computed,300,30,0,"{""success"":30}","[297.0,305.0]",240.31973915937064,2.1697883843053947,"[{""coverage_rate"":0.0,""level"":0.5,""mean_area_m2"":122444.95643428755},{""coverage_rate"":0.36666666666666664,""level"":0.8,""mean_area_m2"":277997.65908465435},{""coverage_rate"":0.6333333333333333,""level"":0.9,""mean_area_m2"":400937.4613101156},{""coverage_rate"":0.8,""level"":0.95,""mean_area_m2"":518164.5605763016}]"
known_velocity:NEX326-methods:arm-04/gmm_kernel,known_velocity,NEX326-methods,arm-04/gmm_kernel,computed,900,30,0,"{""success"":30}","[899.0,910.0]",603.4237235598974,3.2222562754424477,"[{""coverage_rate"":0.0,""level"":0.5,""mean_area_m2"":408439.96904883545},{""coverage_rate"":0.0,""level"":0.8,""mean_area_m2"":940583.6035251667},{""coverage_rate"":0.13333333333333333,""level"":0.9,""mean_area_m2"":1351441.427513788},{""coverage_rate"":0.26666666666666666,""level"":0.95,""mean_area_m2"":1759332.0829239378}]"
known_velocity:NEX326-methods:arm-04/gmm_kernel,known_velocity,NEX326-methods,arm-04/gmm_kernel,computed,1800,30,0,"{""success"":30}","[1792.0,1805.0]",882.3015257612071,3.967312350609801,"[{""coverage_rate"":0.0,""level"":0.5,""mean_area_m2"":948468.7069700932},{""coverage_rate"":0.3,""level"":0.8,""mean_area_m2"":2147960.5298319976},{""coverage_rate"":0.5,""level"":0.9,""mean_area_m2"":3121966.553266747},{""coverage_rate"":0.5,""level"":0.95,""mean_area_m2"":4081277.390878159}]"
known_velocity:NEX326-methods:arm-05/explicit_decomp,known_velocity,NEX326-methods,arm-05/explicit_decomp,computed,60,30,0,"{""success"":30}","[50.0,67.0]",52.2640213738711,1.2774276062921035,"[{""coverage_rate"":0.36666666666666664,""level"":0.5,""mean_area_m2"":11704.895789928583},{""coverage_rate"":0.6666666666666666,""level"":0.8,""mean_area_m2"":27593.815060757195},{""coverage_rate"":0.8333333333333334,""level"":0.9,""mean_area_m2"":38819.589834465834},{""coverage_rate"":1.0,""level"":0.95,""mean_area_m2"":51004.823368098194}]"
known_velocity:NEX326-methods:arm-05/explicit_decomp,known_velocity,NEX326-methods,arm-05/explicit_decomp,computed,300,30,0,"{""success"":30}","[297.0,305.0]",267.9609502068026,1.6335542476389946,"[{""coverage_rate"":0.16666666666666666,""level"":0.5,""mean_area_m2"":61014.856347401816},{""coverage_rate"":0.16666666666666666,""level"":0.8,""mean_area_m2"":140867.04521251973},{""coverage_rate"":0.16666666666666666,""level"":0.9,""mean_area_m2"":202227.08002297964},{""coverage_rate"":0.16666666666666666,""level"":0.95,""mean_area_m2"":265162.6015798245}]"
known_velocity:NEX326-methods:arm-05/explicit_decomp,known_velocity,NEX326-methods,arm-05/explicit_decomp,computed,900,30,0,"{""success"":30}","[899.0,910.0]",672.2873165291992,2.5308329568939714,"[{""coverage_rate"":0.0,""level"":0.5,""mean_area_m2"":185020.68560946872},{""coverage_rate"":0.2,""level"":0.8,""mean_area_m2"":429298.43762605067},{""coverage_rate"":0.3333333333333333,""level"":0.9,""mean_area_m2"":602157.8149516399},{""coverage_rate"":0.5,""level"":0.95,""mean_area_m2"":782717.0187278369}]"
known_velocity:NEX326-methods:arm-05/explicit_decomp,known_velocity,NEX326-methods,arm-05/explicit_decomp,computed,1800,30,0,"{""success"":30}","[1792.0,1805.0]",1352.3667637565513,3.1579119704062366,"[{""coverage_rate"":0.0,""level"":0.5,""mean_area_m2"":367411.49625940516},{""coverage_rate"":0.03333333333333333,""level"":0.8,""mean_area_m2"":876962.2409513101},{""coverage_rate"":0.16666666666666666,""level"":0.9,""mean_area_m2"":1250656.672252617},{""coverage_rate"":0.16666666666666666,""level"":0.95,""mean_area_m2"":1638542.3987786805}]"
known_velocity:NEX326-methods:arm-06/dt120,known_velocity,NEX326-methods,arm-06/dt120,computed,60,30,0,"{""success"":30}","[50.0,67.0]",50.69241267761575,1.3912470806107538,"[{""coverage_rate"":0.5,""level"":0.5,""mean_area_m2"":22891.867396893445},{""coverage_rate"":1.0,""level"":0.8,""mean_area_m2"":52384.51011117109},{""coverage_rate"":1.0,""level"":0.9,""mean_area_m2"":75140.95034799348},{""coverage_rate"":1.0,""level"":0.95,""mean_area_m2"":98757.57636825318}]"
known_velocity:NEX326-methods:arm-06/dt120,known_velocity,NEX326-methods,arm-06/dt120,computed,300,30,0,"{""success"":30}","[297.0,305.0]",236.97328989806937,2.314300894496557,"[{""coverage_rate"":0.0,""level"":0.5,""mean_area_m2"":145961.84962735168},{""coverage_rate"":0.5,""level"":0.8,""mean_area_m2"":337869.89702366636},{""coverage_rate"":0.6666666666666666,""level"":0.9,""mean_area_m2"":474506.026020851},{""coverage_rate"":0.8333333333333334,""level"":0.95,""mean_area_m2"":616830.9334294044}]"
known_velocity:NEX326-methods:arm-06/dt120,known_velocity,NEX326-methods,arm-06/dt120,computed,900,30,0,"{""success"":30}","[899.0,910.0]",573.5593517189238,3.615185362121304,"[{""coverage_rate"":0.0,""level"":0.5,""mean_area_m2"":700887.8299180067},{""coverage_rate"":0.0,""level"":0.8,""mean_area_m2"":1481593.4494424234},{""coverage_rate"":0.5333333333333333,""level"":0.9,""mean_area_m2"":2015020.2438197883},{""coverage_rate"":0.8333333333333334,""level"":0.95,""mean_area_m2"":2546710.49625652}]"
known_velocity:NEX326-methods:arm-06/dt120,known_velocity,NEX326-methods,arm-06/dt120,computed,1800,30,0,"{""success"":30}","[1792.0,1805.0]",822.264543534242,4.530899513528551,"[{""coverage_rate"":0.3,""level"":0.5,""mean_area_m2"":2322914.84483813},{""coverage_rate"":0.5,""level"":0.8,""mean_area_m2"":4405544.640448975},{""coverage_rate"":0.6666666666666666,""level"":0.9,""mean_area_m2"":5781712.341691768},{""coverage_rate"":0.8333333333333334,""level"":0.95,""mean_area_m2"":7219114.62651923}]"
known_velocity:NEX326-methods:arm-06/dt30,known_velocity,NEX326-methods,arm-06/dt30,unavailable,60,30,0,"{""failed"":1,""success"":29}",,,,
known_velocity:NEX326-methods:arm-06/dt30,known_velocity,NEX326-methods,arm-06/dt30,unavailable,300,30,0,"{""failed"":1,""success"":29}",,,,
known_velocity:NEX326-methods:arm-06/dt30,known_velocity,NEX326-methods,arm-06/dt30,unavailable,900,30,0,"{""failed"":1,""success"":29}",,,,
known_velocity:NEX326-methods:arm-06/dt30,known_velocity,NEX326-methods,arm-06/dt30,unavailable,1800,30,0,"{""failed"":1,""success"":29}",,,,
known_velocity:NEX326-methods:arm-06/dt300,known_velocity,NEX326-methods,arm-06/dt300,computed,60,30,0,"{""success"":30}","[50.0,67.0]",55.922132263091356,1.5293799420095704,"[{""coverage_rate"":1.0,""level"":0.5,""mean_area_m2"":44075.55416008925},{""coverage_rate"":1.0,""level"":0.8,""mean_area_m2"":105710.87850956849},{""coverage_rate"":1.0,""level"":0.9,""mean_area_m2"":151657.3610678419},{""coverage_rate"":1.0,""level"":0.95,""mean_area_m2"":197224.42724162844}]"
known_velocity:NEX326-methods:arm-06/dt300,known_velocity,NEX326-methods,arm-06/dt300,computed,300,30,0,"{""success"":30}","[297.0,305.0]",229.29484430544562,2.8352473434381706,"[{""coverage_rate"":0.26666666666666666,""level"":0.5,""mean_area_m2"":263859.8804368774},{""coverage_rate"":0.8333333333333334,""level"":0.8,""mean_area_m2"":611604.3226837779},{""coverage_rate"":1.0,""level"":0.9,""mean_area_m2"":876310.3125397018},{""coverage_rate"":1.0,""level"":0.95,""mean_area_m2"":1146480.590585984}]"
known_velocity:NEX326-methods:arm-06/dt300,known_velocity,NEX326-methods,arm-06/dt300,computed,900,30,0,"{""success"":30}","[899.0,910.0]",554.2792367354342,4.055566305604595,"[{""coverage_rate"":0.0,""level"":0.5,""mean_area_m2"":1088339.908965075},{""coverage_rate"":0.7333333333333333,""level"":0.8,""mean_area_m2"":2424991.821469129},{""coverage_rate"":0.9,""level"":0.9,""mean_area_m2"":3417857.092038384},{""coverage_rate"":1.0,""level"":0.95,""mean_area_m2"":4376713.569892711}]"
known_velocity:NEX326-methods:arm-06/dt300,known_velocity,NEX326-methods,arm-06/dt300,computed,1800,30,0,"{""success"":30}","[1792.0,1805.0]",805.388246416121,4.8837805323384,"[{""coverage_rate"":0.43333333333333335,""level"":0.5,""mean_area_m2"":3217871.436318655},{""coverage_rate"":0.8333333333333334,""level"":0.8,""mean_area_m2"":6610051.378897118},{""coverage_rate"":0.8333333333333334,""level"":0.9,""mean_area_m2"":8961600.608953595},{""coverage_rate"":0.9333333333333333,""level"":0.95,""mean_area_m2"":11177776.359007088}]"
known_velocity:NEX326-methods:arm-06/dt60,known_velocity,NEX326-methods,arm-06/dt60,computed,60,30,0,"{""success"":30}","[50.0,67.0]",50.90450288444015,1.3820696749973307,"[{""coverage_rate"":0.3333333333333333,""level"":0.5,""mean_area_m2"":12820.190415245106},{""coverage_rate"":0.8666666666666667,""level"":0.8,""mean_area_m2"":29415.443154114608},{""coverage_rate"":1.0,""level"":0.9,""mean_area_m2"":42454.956683347555},{""coverage_rate"":1.0,""level"":0.95,""mean_area_m2"":55240.90009970858}]"
known_velocity:NEX326-methods:arm-06/dt60,known_velocity,NEX326-methods,arm-06/dt60,computed,300,30,0,"{""success"":30}","[297.0,305.0]",250.14961543356418,1.9376179466625483,"[{""coverage_rate"":0.0,""level"":0.5,""mean_area_m2"":96256.14936479338},{""coverage_rate"":0.0,""level"":0.8,""mean_area_m2"":213404.1250041322},{""coverage_rate"":0.3333333333333333,""level"":0.9,""mean_area_m2"":296021.53298460855},{""coverage_rate"":0.6666666666666666,""level"":0.95,""mean_area_m2"":376169.9287315693}]"
known_velocity:NEX326-methods:arm-06/dt60,known_velocity,NEX326-methods,arm-06/dt60,computed,900,30,0,"{""success"":30}","[899.0,910.0]",595.3645284797009,3.280194897221317,"[{""coverage_rate"":0.0,""level"":0.5,""mean_area_m2"":544589.8884298416},{""coverage_rate"":0.0,""level"":0.8,""mean_area_m2"":1045307.849511054},{""coverage_rate"":0.0,""level"":0.9,""mean_area_m2"":1388068.780324741},{""coverage_rate"":0.26666666666666666,""level"":0.95,""mean_area_m2"":1741550.3698318894}]"
known_velocity:NEX326-methods:arm-06/dt60,known_velocity,NEX326-methods,arm-06/dt60,computed,1800,30,0,"{""success"":30}","[1792.0,1805.0]",831.1219627362137,4.197826418577422,"[{""coverage_rate"":0.1,""level"":0.5,""mean_area_m2"":1946486.7555454965},{""coverage_rate"":0.4666666666666667,""level"":0.8,""mean_area_m2"":3394975.3908535233},{""coverage_rate"":0.5,""level"":0.9,""mean_area_m2"":4364444.839291276},{""coverage_rate"":0.6,""level"":0.95,""mean_area_m2"":5271030.239020318}]"
known_velocity:NEX326-methods:arm-06/dt600,known_velocity,NEX326-methods,arm-06/dt600,computed,60,30,0,"{""success"":30}","[50.0,67.0]",62.02076341074054,1.794973004171367,"[{""coverage_rate"":1.0,""level"":0.5,""mean_area_m2"":73314.12666400711},{""coverage_rate"":1.0,""level"":0.8,""mean_area_m2"":169634.7619176517},{""coverage_rate"":1.0,""level"":0.9,""mean_area_m2"":246336.8583096364},{""coverage_rate"":1.0,""level"":0.95,""mean_area_m2"":331332.21449815325}]"
known_velocity:NEX326-methods:arm-06/dt600,known_velocity,NEX326-methods,arm-06/dt600,computed,300,30,0,"{""success"":30}","[297.0,305.0]",224.23098838031828,3.2771753419902216,"[{""coverage_rate"":0.6333333333333333,""level"":0.5,""mean_area_m2"":431167.92243086133},{""coverage_rate"":1.0,""level"":0.8,""mean_area_m2"":991880.299370075},{""coverage_rate"":1.0,""level"":0.9,""mean_area_m2"":1407610.5147620747},{""coverage_rate"":1.0,""level"":0.95,""mean_area_m2"":1868700.513695474}]"
known_velocity:NEX326-methods:arm-06/dt600,known_velocity,NEX326-methods,arm-06/dt600,computed,900,30,0,"{""success"":30}","[899.0,910.0]",529.020823859176,4.40316002474189,"[{""coverage_rate"":0.3,""level"":0.5,""mean_area_m2"":1633992.3050025858},{""coverage_rate"":1.0,""level"":0.8,""mean_area_m2"":3663156.522664399},{""coverage_rate"":1.0,""level"":0.9,""mean_area_m2"":5192322.80213757},{""coverage_rate"":1.0,""level"":0.95,""mean_area_m2"":6666613.645381483}]"
known_velocity:NEX326-methods:arm-06/dt600,known_velocity,NEX326-methods,arm-06/dt600,computed,1800,30,0,"{""success"":30}","[1792.0,1805.0]",787.3801449738361,5.147744749513902,"[{""coverage_rate"":0.5,""level"":0.5,""mean_area_m2"":4549970.814453277},{""coverage_rate"":0.8333333333333334,""level"":0.8,""mean_area_m2"":9439387.04334024},{""coverage_rate"":1.0,""level"":0.9,""mean_area_m2"":12884929.124854263},{""coverage_rate"":1.0,""level"":0.95,""mean_area_m2"":16258569.030112607}]"
known_velocity:NEX326-methods:arm-07/full,known_velocity,NEX326-methods,arm-07/full,computed,60,30,0,"{""success"":30}","[50.0,67.0]",52.201845369034295,1.3826001122062288,"[{""coverage_rate"":0.3333333333333333,""level"":0.5,""mean_area_m2"":12757.281146914507},{""coverage_rate"":0.6666666666666666,""level"":0.8,""mean_area_m2"":29822.97572546348},{""coverage_rate"":1.0,""level"":0.9,""mean_area_m2"":42977.06030551201},{""coverage_rate"":1.0,""level"":0.95,""mean_area_m2"":56625.127769956525}]"
known_velocity:NEX326-methods:arm-07/full,known_velocity,NEX326-methods,arm-07/full,computed,300,30,0,"{""success"":30}","[297.0,305.0]",250.90037699292583,1.919798627009901,"[{""coverage_rate"":0.0,""level"":0.5,""mean_area_m2"":94580.45087519391},{""coverage_rate"":0.0,""level"":0.8,""mean_area_m2"":207071.26544655274},{""coverage_rate"":0.26666666666666666,""level"":0.9,""mean_area_m2"":287825.19513736287},{""coverage_rate"":0.6333333333333333,""level"":0.95,""mean_area_m2"":371970.70023578027}]"
known_velocity:NEX326-methods:arm-07/full,known_velocity,NEX326-methods,arm-07/full,computed,900,30,0,"{""success"":30}","[899.0,910.0]",599.6534943481787,3.2774708414402456,"[{""coverage_rate"":0.0,""level"":0.5,""mean_area_m2"":538411.9406346821},{""coverage_rate"":0.0,""level"":0.8,""mean_area_m2"":1052076.2852832237},{""coverage_rate"":0.0,""level"":0.9,""mean_area_m2"":1385187.2479809115},{""coverage_rate"":0.16666666666666666,""level"":0.95,""mean_area_m2"":1706971.8644582268}]"
known_velocity:NEX326-methods:arm-07/full,known_velocity,NEX326-methods,arm-07/full,computed,1800,30,0,"{""success"":30}","[1792.0,1805.0]",837.9150431445299,4.184261213053924,"[{""coverage_rate"":0.06666666666666667,""level"":0.5,""mean_area_m2"":1973430.8835034515},{""coverage_rate"":0.43333333333333335,""level"":0.8,""mean_area_m2"":3373241.7678988962},{""coverage_rate"":0.5,""level"":0.9,""mean_area_m2"":4310908.943092809},{""coverage_rate"":0.5,""level"":0.95,""mean_area_m2"":5162536.968657101}]"
known_velocity:NEX326-methods:arm-08/qmle,known_velocity,NEX326-methods,arm-08/qmle,computed,60,30,0,"{""success"":30}","[50.0,67.0]",51.09172420808803,1.3829915412277252,"[{""coverage_rate"":0.3333333333333333,""level"":0.5,""mean_area_m2"":12895.811770869464},{""coverage_rate"":0.8,""level"":0.8,""mean_area_m2"":29728.96691484466},{""coverage_rate"":1.0,""level"":0.9,""mean_area_m2"":42777.28004058913},{""coverage_rate"":1.0,""level"":0.95,""mean_area_m2"":57312.28223189865}]"
known_velocity:NEX326-methods:arm-08/qmle,known_velocity,NEX326-methods,arm-08/qmle,computed,300,30,0,"{""success"":30}","[297.0,305.0]",250.2340769196011,1.9333166044012666,"[{""coverage_rate"":0.0,""level"":0.5,""mean_area_m2"":95636.0315960089},{""coverage_rate"":0.0,""level"":0.8,""mean_area_m2"":210838.26101981048},{""coverage_rate"":0.3,""level"":0.9,""mean_area_m2"":291075.45028913126},{""coverage_rate"":0.6333333333333333,""level"":0.95,""mean_area_m2"":376827.52541567624}]"
known_velocity:NEX326-methods:arm-08/qmle,known_velocity,NEX326-methods,arm-08/qmle,computed,900,30,0,"{""success"":30}","[899.0,910.0]",596.0799259951497,3.2810206906035613,"[{""coverage_rate"":0.0,""level"":0.5,""mean_area_m2"":538676.4626137378},{""coverage_rate"":0.0,""level"":0.8,""mean_area_m2"":1042651.8964799757},{""coverage_rate"":0.0,""level"":0.9,""mean_area_m2"":1401617.6857646394},{""coverage_rate"":0.2,""level"":0.95,""mean_area_m2"":1741879.6142658712}]"
known_velocity:NEX326-methods:arm-08/qmle,known_velocity,NEX326-methods,arm-08/qmle,computed,1800,30,0,"{""success"":30}","[1792.0,1805.0]",832.9676572322866,4.196602204646658,"[{""coverage_rate"":0.0,""level"":0.5,""mean_area_m2"":1940913.5783803256},{""coverage_rate"":0.5,""level"":0.8,""mean_area_m2"":3406329.0359654767},{""coverage_rate"":0.5,""level"":0.9,""mean_area_m2"":4332357.858558783},{""coverage_rate"":0.5,""level"":0.95,""mean_area_m2"":5201442.106140089}]"
known_velocity:NEX326-methods:arm-09/mixed,known_velocity,NEX326-methods,arm-09/mixed,computed,60,30,0,"{""success"":30}","[50.0,67.0]",51.689085808969224,1.3828345409820477,"[{""coverage_rate"":0.3333333333333333,""level"":0.5,""mean_area_m2"":12613.86708284064},{""coverage_rate"":0.7333333333333333,""level"":0.8,""mean_area_m2"":29605.243230294214},{""coverage_rate"":1.0,""level"":0.9,""mean_area_m2"":42380.1442054837},{""coverage_rate"":1.0,""level"":0.95,""mean_area_m2"":55307.688222420016}]"
known_velocity:NEX326-methods:arm-09/mixed,known_velocity,NEX326-methods,arm-09/mixed,computed,300,30,0,"{""success"":30}","[297.0,305.0]",252.57801971810534,1.9216343296321234,"[{""coverage_rate"":0.0,""level"":0.5,""mean_area_m2"":93118.21935346289},{""coverage_rate"":0.0,""level"":0.8,""mean_area_m2"":207004.3759718902},{""coverage_rate"":0.3,""level"":0.9,""mean_area_m2"":288655.3802677157},{""coverage_rate"":0.6,""level"":0.95,""mean_area_m2"":370097.13579381065}]"
known_velocity:NEX326-methods:arm-09/mixed,known_velocity,NEX326-methods,arm-09/mixed,computed,900,30,0,"{""success"":30}","[899.0,910.0]",604.2252469055707,3.2593516127828916,"[{""coverage_rate"":0.0,""level"":0.5,""mean_area_m2"":510805.37624270725},{""coverage_rate"":0.0,""level"":0.8,""mean_area_m2"":993669.5291232303},{""coverage_rate"":0.0,""level"":0.9,""mean_area_m2"":1343077.8196149168},{""coverage_rate"":0.2,""level"":0.95,""mean_area_m2"":1673341.0990140801}]"
known_velocity:NEX326-methods:arm-09/mixed,known_velocity,NEX326-methods,arm-09/mixed,computed,1800,30,0,"{""success"":30}","[1792.0,1805.0]",854.9852986842177,4.2111524034481,"[{""coverage_rate"":0.13333333333333333,""level"":0.5,""mean_area_m2"":1854145.6447144977},{""coverage_rate"":0.4666666666666667,""level"":0.8,""mean_area_m2"":3263679.6144906054},{""coverage_rate"":0.5,""level"":0.9,""mean_area_m2"":4162141.6603839397},{""coverage_rate"":0.5,""level"":0.95,""mean_area_m2"":5116420.479420865}]"
known_velocity:NEX326-methods:arm-09/pure_es,known_velocity,NEX326-methods,arm-09/pure_es,computed,60,30,0,"{""success"":30}","[50.0,67.0]",51.51233291839443,1.3840666710653375,"[{""coverage_rate"":0.3333333333333333,""level"":0.5,""mean_area_m2"":12608.115811431897},{""coverage_rate"":0.8,""level"":0.8,""mean_area_m2"":29483.254553635557},{""coverage_rate"":1.0,""level"":0.9,""mean_area_m2"":42097.85858145784},{""coverage_rate"":1.0,""level"":0.95,""mean_area_m2"":55905.755966360935}]"
known_velocity:NEX326-methods:arm-09/pure_es,known_velocity,NEX326-methods,arm-09/pure_es,computed,300,30,0,"{""success"":30}","[297.0,305.0]",250.6827230621965,1.9161901329222484,"[{""coverage_rate"":0.0,""level"":0.5,""mean_area_m2"":91305.8735918278},{""coverage_rate"":0.0,""level"":0.8,""mean_area_m2"":204955.31286722986},{""coverage_rate"":0.3333333333333333,""level"":0.9,""mean_area_m2"":286515.3932916611},{""coverage_rate"":0.6333333333333333,""level"":0.95,""mean_area_m2"":370942.75415761245}]"
known_velocity:NEX326-methods:arm-09/pure_es,known_velocity,NEX326-methods,arm-09/pure_es,computed,900,30,0,"{""success"":30}","[899.0,910.0]",601.7113966399504,3.268315738296035,"[{""coverage_rate"":0.0,""level"":0.5,""mean_area_m2"":510704.7630166877},{""coverage_rate"":0.0,""level"":0.8,""mean_area_m2"":1015521.4572153302},{""coverage_rate"":0.0,""level"":0.9,""mean_area_m2"":1348266.014549378},{""coverage_rate"":0.2,""level"":0.95,""mean_area_m2"":1688950.940563516}]"
known_velocity:NEX326-methods:arm-09/pure_es,known_velocity,NEX326-methods,arm-09/pure_es,computed,1800,30,0,"{""success"":30}","[1792.0,1805.0]",853.2299313035712,4.216403909291521,"[{""coverage_rate"":0.16666666666666666,""level"":0.5,""mean_area_m2"":1871945.2890184927},{""coverage_rate"":0.5,""level"":0.8,""mean_area_m2"":3288402.650825928},{""coverage_rate"":0.5,""level"":0.9,""mean_area_m2"":4210122.417303492},{""coverage_rate"":0.5,""level"":0.95,""mean_area_m2"":5118285.554863496}]"
known_velocity:NEX326-methods:arm-10/d2_closed,known_velocity,NEX326-methods,arm-10/d2_closed,computed,60,30,0,"{""success"":30}","[50.0,67.0]",52.201845369034295,1.3826001122062288,"[{""coverage_rate"":0.3333333333333333,""level"":0.5,""mean_area_m2"":12757.281146914507},{""coverage_rate"":0.6666666666666666,""level"":0.8,""mean_area_m2"":29822.97572546348},{""coverage_rate"":1.0,""level"":0.9,""mean_area_m2"":42977.06030551201},{""coverage_rate"":1.0,""level"":0.95,""mean_area_m2"":56625.127769956525}]"
known_velocity:NEX326-methods:arm-10/d2_closed,known_velocity,NEX326-methods,arm-10/d2_closed,computed,300,30,0,"{""success"":30}","[297.0,305.0]",250.90037699292583,1.919798627009901,"[{""coverage_rate"":0.0,""level"":0.5,""mean_area_m2"":94580.45087519391},{""coverage_rate"":0.0,""level"":0.8,""mean_area_m2"":207071.26544655274},{""coverage_rate"":0.26666666666666666,""level"":0.9,""mean_area_m2"":287825.19513736287},{""coverage_rate"":0.6333333333333333,""level"":0.95,""mean_area_m2"":371970.70023578027}]"
known_velocity:NEX326-methods:arm-10/d2_closed,known_velocity,NEX326-methods,arm-10/d2_closed,computed,900,30,0,"{""success"":30}","[899.0,910.0]",599.6534943481787,3.2774708414402456,"[{""coverage_rate"":0.0,""level"":0.5,""mean_area_m2"":538411.9406346821},{""coverage_rate"":0.0,""level"":0.8,""mean_area_m2"":1052076.2852832237},{""coverage_rate"":0.0,""level"":0.9,""mean_area_m2"":1385187.2479809115},{""coverage_rate"":0.16666666666666666,""level"":0.95,""mean_area_m2"":1706971.8644582268}]"
known_velocity:NEX326-methods:arm-10/d2_closed,known_velocity,NEX326-methods,arm-10/d2_closed,computed,1800,30,0,"{""success"":30}","[1792.0,1805.0]",837.9150431445299,4.184261213053924,"[{""coverage_rate"":0.06666666666666667,""level"":0.5,""mean_area_m2"":1973430.8835034515},{""coverage_rate"":0.43333333333333335,""level"":0.8,""mean_area_m2"":3373241.7678988962},{""coverage_rate"":0.5,""level"":0.9,""mean_area_m2"":4310908.943092809},{""coverage_rate"":0.5,""level"":0.95,""mean_area_m2"":5162536.968657101}]"
known_velocity:NEX326-methods:arm-10/d2_mc,known_velocity,NEX326-methods,arm-10/d2_mc,computed,60,30,0,"{""success"":30}","[50.0,67.0]",52.201845369034295,1.3826001122062288,"[{""coverage_rate"":0.3333333333333333,""level"":0.5,""mean_area_m2"":12757.281146914507},{""coverage_rate"":0.6666666666666666,""level"":0.8,""mean_area_m2"":29822.97572546348},{""coverage_rate"":1.0,""level"":0.9,""mean_area_m2"":42977.06030551201},{""coverage_rate"":1.0,""level"":0.95,""mean_area_m2"":56625.127769956525}]"
known_velocity:NEX326-methods:arm-10/d2_mc,known_velocity,NEX326-methods,arm-10/d2_mc,computed,300,30,0,"{""success"":30}","[297.0,305.0]",250.90037699292583,1.919798627009901,"[{""coverage_rate"":0.0,""level"":0.5,""mean_area_m2"":94580.45087519391},{""coverage_rate"":0.0,""level"":0.8,""mean_area_m2"":207071.26544655274},{""coverage_rate"":0.26666666666666666,""level"":0.9,""mean_area_m2"":287825.19513736287},{""coverage_rate"":0.6333333333333333,""level"":0.95,""mean_area_m2"":371970.70023578027}]"
known_velocity:NEX326-methods:arm-10/d2_mc,known_velocity,NEX326-methods,arm-10/d2_mc,computed,900,30,0,"{""success"":30}","[899.0,910.0]",599.6534943481787,3.2774708414402456,"[{""coverage_rate"":0.0,""level"":0.5,""mean_area_m2"":538411.9406346821},{""coverage_rate"":0.0,""level"":0.8,""mean_area_m2"":1052076.2852832237},{""coverage_rate"":0.0,""level"":0.9,""mean_area_m2"":1385187.2479809115},{""coverage_rate"":0.16666666666666666,""level"":0.95,""mean_area_m2"":1706971.8644582268}]"
known_velocity:NEX326-methods:arm-10/d2_mc,known_velocity,NEX326-methods,arm-10/d2_mc,computed,1800,30,0,"{""success"":30}","[1792.0,1805.0]",837.9150431445299,4.184261213053924,"[{""coverage_rate"":0.06666666666666667,""level"":0.5,""mean_area_m2"":1973430.8835034515},{""coverage_rate"":0.43333333333333335,""level"":0.8,""mean_area_m2"":3373241.7678988962},{""coverage_rate"":0.5,""level"":0.9,""mean_area_m2"":4310908.943092809},{""coverage_rate"":0.5,""level"":0.95,""mean_area_m2"":5162536.968657101}]"
known_velocity:NEX326-methods:arm-11/full,known_velocity,NEX326-methods,arm-11/full,computed,60,30,0,"{""success"":30}","[50.0,67.0]",51.809644886344735,1.3836592665419607,"[{""coverage_rate"":0.3333333333333333,""level"":0.5,""mean_area_m2"":12918.271966601742},{""coverage_rate"":0.8,""level"":0.8,""mean_area_m2"":30261.457925728915},{""coverage_rate"":1.0,""level"":0.9,""mean_area_m2"":42650.76530682345},{""coverage_rate"":1.0,""level"":0.95,""mean_area_m2"":55782.62017740026}]"
known_velocity:NEX326-methods:arm-11/full,known_velocity,NEX326-methods,arm-11/full,computed,300,30,0,"{""success"":30}","[297.0,305.0]",252.1499021751251,1.9329414201656983,"[{""coverage_rate"":0.0,""level"":0.5,""mean_area_m2"":93596.66704374203},{""coverage_rate"":0.0,""level"":0.8,""mean_area_m2"":209659.6398648853},{""coverage_rate"":0.3,""level"":0.9,""mean_area_m2"":290860.01096516236},{""coverage_rate"":0.6,""level"":0.95,""mean_area_m2"":375843.8263403525}]"
known_velocity:NEX326-methods:arm-11/full,known_velocity,NEX326-methods,arm-11/full,computed,900,30,0,"{""success"":30}","[899.0,910.0]",599.2105446398018,3.2815828642135214,"[{""coverage_rate"":0.0,""level"":0.5,""mean_area_m2"":539247.3507633164},{""coverage_rate"":0.0,""level"":0.8,""mean_area_m2"":1046913.6821360321},{""coverage_rate"":0.0,""level"":0.9,""mean_area_m2"":1382680.7227983573},{""coverage_rate"":0.16666666666666666,""level"":0.95,""mean_area_m2"":1731353.5259347276}]"
known_velocity:NEX326-methods:arm-11/full,known_velocity,NEX326-methods,arm-11/full,computed,1800,30,0,"{""success"":30}","[1792.0,1805.0]",840.912958531033,4.208194185549518,"[{""coverage_rate"":0.13333333333333333,""level"":0.5,""mean_area_m2"":1950234.5792679586},{""coverage_rate"":0.43333333333333335,""level"":0.8,""mean_area_m2"":3413967.7705561994},{""coverage_rate"":0.5,""level"":0.9,""mean_area_m2"":4380857.428077045},{""coverage_rate"":0.5666666666666667,""level"":0.95,""mean_area_m2"":5334593.397018933}]"
known_velocity:NEX326-methods:arm-12/scratch,known_velocity,NEX326-methods,arm-12/scratch,computed,60,30,0,"{""success"":30}","[50.0,67.0]",51.75724890361812,1.3822902736298726,"[{""coverage_rate"":0.3333333333333333,""level"":0.5,""mean_area_m2"":13000.907279805739},{""coverage_rate"":0.8,""level"":0.8,""mean_area_m2"":30339.016840271324},{""coverage_rate"":1.0,""level"":0.9,""mean_area_m2"":43706.67334413508},{""coverage_rate"":1.0,""level"":0.95,""mean_area_m2"":56568.07204243831}]"
known_velocity:NEX326-methods:arm-12/scratch,known_velocity,NEX326-methods,arm-12/scratch,computed,300,30,0,"{""success"":30}","[297.0,305.0]",251.19350103429306,1.9584976726760301,"[{""coverage_rate"":0.0,""level"":0.5,""mean_area_m2"":100788.85517427095},{""coverage_rate"":0.0,""level"":0.8,""mean_area_m2"":218692.6992358455},{""coverage_rate"":0.4,""level"":0.9,""mean_area_m2"":307192.8172790536},{""coverage_rate"":0.6666666666666666,""level"":0.95,""mean_area_m2"":391513.3806579307}]"
known_velocity:NEX326-methods:arm-12/scratch,known_velocity,NEX326-methods,arm-12/scratch,computed,900,30,0,"{""success"":30}","[899.0,910.0]",601.1557038801768,3.32242033427041,"[{""coverage_rate"":0.0,""level"":0.5,""mean_area_m2"":581687.9832137064},{""coverage_rate"":0.0,""level"":0.8,""mean_area_m2"":1107112.1414624557},{""coverage_rate"":0.0,""level"":0.9,""mean_area_m2"":1460743.1304981986},{""coverage_rate"":0.26666666666666666,""level"":0.95,""mean_area_m2"":1813122.2723938716}]"
known_velocity:NEX326-methods:arm-12/scratch,known_velocity,NEX326-methods,arm-12/scratch,computed,1800,30,0,"{""success"":30}","[1792.0,1805.0]",856.3504838480642,4.21947633030853,"[{""coverage_rate"":0.03333333333333333,""level"":0.5,""mean_area_m2"":2085566.8673040175},{""coverage_rate"":0.5,""level"":0.8,""mean_area_m2"":3659495.47847217},{""coverage_rate"":0.5,""level"":0.9,""mean_area_m2"":4614212.719654362},{""coverage_rate"":0.5666666666666667,""level"":0.95,""mean_area_m2"":5516690.023037974}]"
known_velocity:NEX326-methods:arm-14/reptile,known_velocity,NEX326-methods,arm-14/reptile,computed,60,30,0,"{""success"":30}","[50.0,67.0]",51.82010448818706,1.3842979218776472,"[{""coverage_rate"":0.3333333333333333,""level"":0.5,""mean_area_m2"":12778.062984463202},{""coverage_rate"":0.6333333333333333,""level"":0.8,""mean_area_m2"":29642.954449868605},{""coverage_rate"":1.0,""level"":0.9,""mean_area_m2"":42062.67444052356},{""coverage_rate"":1.0,""level"":0.95,""mean_area_m2"":55693.13109450814}]"
known_velocity:NEX326-methods:arm-14/reptile,known_velocity,NEX326-methods,arm-14/reptile,computed,300,30,0,"{""success"":30}","[297.0,305.0]",253.92851995083677,1.9068146533816517,"[{""coverage_rate"":0.0,""level"":0.5,""mean_area_m2"":90150.96746138336},{""coverage_rate"":0.0,""level"":0.8,""mean_area_m2"":202751.18734929856},{""coverage_rate"":0.36666666666666664,""level"":0.9,""mean_area_m2"":283921.4130298133},{""coverage_rate"":0.6666666666666666,""level"":0.95,""mean_area_m2"":368123.53879773966}]"
known_velocity:NEX326-methods:arm-14/reptile,known_velocity,NEX326-methods,arm-14/reptile,computed,900,30,0,"{""success"":30}","[899.0,910.0]",611.6427388028499,3.2194114689618405,"[{""coverage_rate"":0.0,""level"":0.5,""mean_area_m2"":484302.60313590453},{""coverage_rate"":0.0,""level"":0.8,""mean_area_m2"":972019.2709667261},{""coverage_rate"":0.0,""level"":0.9,""mean_area_m2"":1308754.0799351807},{""coverage_rate"":0.13333333333333333,""level"":0.95,""mean_area_m2"":1659679.8951004643}]"
known_velocity:NEX326-methods:arm-14/reptile,known_velocity,NEX326-methods,arm-14/reptile,computed,1800,30,0,"{""success"":30}","[1792.0,1805.0]",860.9905354067652,4.16187226712139,"[{""coverage_rate"":0.0,""level"":0.5,""mean_area_m2"":1732034.8715943897},{""coverage_rate"":0.3333333333333333,""level"":0.8,""mean_area_m2"":3126397.0143913496},{""coverage_rate"":0.4666666666666667,""level"":0.9,""mean_area_m2"":4046013.979558697},{""coverage_rate"":0.6,""level"":0.95,""mean_area_m2"":4944075.079146026}]"
known_velocity:NEX326-methods:arm-15/drift_only,known_velocity,NEX326-methods,arm-15/drift_only,computed,60,30,0,"{""success"":30}","[50.0,67.0]",51.581310717497296,1.3821925808937439,"[{""coverage_rate"":0.3333333333333333,""level"":0.5,""mean_area_m2"":12768.90536318605},{""coverage_rate"":0.7666666666666667,""level"":0.8,""mean_area_m2"":29834.603419451883},{""coverage_rate"":1.0,""level"":0.9,""mean_area_m2"":42397.35335487298},{""coverage_rate"":1.0,""level"":0.95,""mean_area_m2"":55031.49484962291}]"
known_velocity:NEX326-methods:arm-15/drift_only,known_velocity,NEX326-methods,arm-15/drift_only,computed,300,30,0,"{""success"":30}","[297.0,305.0]",252.91317826505806,1.9213584340928682,"[{""coverage_rate"":0.0,""level"":0.5,""mean_area_m2"":92483.51907802955},{""coverage_rate"":0.0,""level"":0.8,""mean_area_m2"":208140.92130635068},{""coverage_rate"":0.36666666666666664,""level"":0.9,""mean_area_m2"":290403.83269358013},{""coverage_rate"":0.5666666666666667,""level"":0.95,""mean_area_m2"":369516.4659165026}]"
known_velocity:NEX326-methods:arm-15/drift_only,known_velocity,NEX326-methods,arm-15/drift_only,computed,900,30,0,"{""success"":30}","[899.0,910.0]",602.876690290168,3.267169462214001,"[{""coverage_rate"":0.0,""level"":0.5,""mean_area_m2"":530729.5371512177},{""coverage_rate"":0.0,""level"":0.8,""mean_area_m2"":1032617.7082945976},{""coverage_rate"":0.0,""level"":0.9,""mean_area_m2"":1367255.5996381163},{""coverage_rate"":0.03333333333333333,""level"":0.95,""mean_area_m2"":1671566.9251022318}]"
known_velocity:NEX326-methods:arm-15/drift_only,known_velocity,NEX326-methods,arm-15/drift_only,computed,1800,30,0,"{""success"":30}","[1792.0,1805.0]",845.7679878650977,4.180935435087998,"[{""coverage_rate"":0.03333333333333333,""level"":0.5,""mean_area_m2"":1959450.315970101},{""coverage_rate"":0.4666666666666667,""level"":0.8,""mean_area_m2"":3355375.8894526954},{""coverage_rate"":0.5,""level"":0.9,""mean_area_m2"":4279963.4452207405},{""coverage_rate"":0.5333333333333333,""level"":0.95,""mean_area_m2"":5158515.0802704105}]"
known_velocity:NEX326-methods:arm-15/two_step,known_velocity,NEX326-methods,arm-15/two_step,computed,60,30,0,"{""success"":30}","[50.0,67.0]",51.412562489893325,1.383165232229028,"[{""coverage_rate"":0.3333333333333333,""level"":0.5,""mean_area_m2"":12824.72806632666},{""coverage_rate"":0.8,""level"":0.8,""mean_area_m2"":30252.385420139213},{""coverage_rate"":1.0,""level"":0.9,""mean_area_m2"":42745.900976345474},{""coverage_rate"":1.0,""level"":0.95,""mean_area_m2"":55743.94409547419}]"
known_velocity:NEX326-methods:arm-15/two_step,known_velocity,NEX326-methods,arm-15/two_step,computed,300,30,0,"{""success"":30}","[297.0,305.0]",249.96101620374858,1.924713998984302,"[{""coverage_rate"":0.0,""level"":0.5,""mean_area_m2"":95884.31164912242},{""coverage_rate"":0.0,""level"":0.8,""mean_area_m2"":206994.18318751693},{""coverage_rate"":0.3333333333333333,""level"":0.9,""mean_area_m2"":289734.4897805281},{""coverage_rate"":0.6666666666666666,""level"":0.95,""mean_area_m2"":372751.69791177544}]"
known_velocity:NEX326-methods:arm-15/two_step,known_velocity,NEX326-methods,arm-15/two_step,computed,900,30,0,"{""success"":30}","[899.0,910.0]",598.1620378671158,3.283213651423392,"[{""coverage_rate"":0.0,""level"":0.5,""mean_area_m2"":532490.8123177367},{""coverage_rate"":0.0,""level"":0.8,""mean_area_m2"":1050243.526556523},{""coverage_rate"":0.0,""level"":0.9,""mean_area_m2"":1391530.9659158431},{""coverage_rate"":0.2,""level"":0.95,""mean_area_m2"":1723425.8730867736}]"
known_velocity:NEX326-methods:arm-15/two_step,known_velocity,NEX326-methods,arm-15/two_step,computed,1800,30,0,"{""success"":30}","[1792.0,1805.0]",835.2270693166231,4.200496634346122,"[{""coverage_rate"":0.06666666666666667,""level"":0.5,""mean_area_m2"":1945609.1037524943},{""coverage_rate"":0.4666666666666667,""level"":0.8,""mean_area_m2"":3409774.298705042},{""coverage_rate"":0.5,""level"":0.9,""mean_area_m2"":4342843.177242721},{""coverage_rate"":0.5666666666666667,""level"":0.95,""mean_area_m2"":5217070.364410178}]"
known_velocity:NEX326-methods:arm-16/full,known_velocity,NEX326-methods,arm-16/full,computed,60,30,0,"{""success"":30}","[50.0,67.0]",51.328463903849325,1.3835377179439492,"[{""coverage_rate"":0.3333333333333333,""level"":0.5,""mean_area_m2"":13001.42952070473},{""coverage_rate"":0.7666666666666667,""level"":0.8,""mean_area_m2"":29908.96406939136},{""coverage_rate"":1.0,""level"":0.9,""mean_area_m2"":42647.93869320135},{""coverage_rate"":1.0,""level"":0.95,""mean_area_m2"":55737.23781598555}]"
known_velocity:NEX326-methods:arm-16/full,known_velocity,NEX326-methods,arm-16/full,computed,300,30,0,"{""success"":30}","[297.0,305.0]",250.93212569127783,1.9383924930985212,"[{""coverage_rate"":0.0,""level"":0.5,""mean_area_m2"":94853.66143585913},{""coverage_rate"":0.0,""level"":0.8,""mean_area_m2"":212641.05128131332},{""coverage_rate"":0.3,""level"":0.9,""mean_area_m2"":294105.0094359737},{""coverage_rate"":0.6666666666666666,""level"":0.95,""mean_area_m2"":382336.17400396516}]"
known_velocity:NEX326-methods:arm-16/full,known_velocity,NEX326-methods,arm-16/full,computed,900,30,0,"{""success"":30}","[899.0,910.0]",595.9856936685542,3.293489002377747,"[{""coverage_rate"":0.0,""level"":0.5,""mean_area_m2"":544056.5561873795},{""coverage_rate"":0.0,""level"":0.8,""mean_area_m2"":1058879.9642197494},{""coverage_rate"":0.0,""level"":0.9,""mean_area_m2"":1412118.28871738},{""coverage_rate"":0.3,""level"":0.95,""mean_area_m2"":1764953.2391368232}]"
known_velocity:NEX326-methods:arm-16/full,known_velocity,NEX326-methods,arm-16/full,computed,1800,30,0,"{""success"":30}","[1792.0,1805.0]",834.3323659491525,4.210180258936052,"[{""coverage_rate"":0.1,""level"":0.5,""mean_area_m2"":1944177.3180812174},{""coverage_rate"":0.4666666666666667,""level"":0.8,""mean_area_m2"":3408556.4138706485},{""coverage_rate"":0.5,""level"":0.9,""mean_area_m2"":4362596.4368571425},{""coverage_rate"":0.5333333333333333,""level"":0.95,""mean_area_m2"":5247431.9980791025}]"
known_velocity:NEX326-methods:arm-18/full,known_velocity,NEX326-methods,arm-18/full,computed,60,30,0,"{""success"":30}","[50.0,67.0]",51.436803794049574,1.383050131391021,"[{""coverage_rate"":0.3333333333333333,""level"":0.5,""mean_area_m2"":12842.476400864396},{""coverage_rate"":0.7666666666666667,""level"":0.8,""mean_area_m2"":30255.10165647373},{""coverage_rate"":1.0,""level"":0.9,""mean_area_m2"":43131.87386217339},{""coverage_rate"":1.0,""level"":0.95,""mean_area_m2"":56319.10790905906}]"
known_velocity:NEX326-methods:arm-18/full,known_velocity,NEX326-methods,arm-18/full,computed,300,30,0,"{""success"":30}","[297.0,305.0]",248.0872069165652,1.9332354431257166,"[{""coverage_rate"":0.0,""level"":0.5,""mean_area_m2"":96262.71801242216},{""coverage_rate"":0.03333333333333333,""level"":0.8,""mean_area_m2"":212360.1054298999},{""coverage_rate"":0.4,""level"":0.9,""mean_area_m2"":295818.3546790683},{""coverage_rate"":0.6666666666666666,""level"":0.95,""mean_area_m2"":379394.6076549832}]"
known_velocity:NEX326-methods:arm-18/full,known_velocity,NEX326-methods,arm-18/full,computed,900,30,0,"{""success"":30}","[899.0,910.0]",593.369321591889,3.2846507390543054,"[{""coverage_rate"":0.0,""level"":0.5,""mean_area_m2"":539947.5168052696},{""coverage_rate"":0.0,""level"":0.8,""mean_area_m2"":1060670.3193266396},{""coverage_rate"":0.0,""level"":0.9,""mean_area_m2"":1407784.3054461146},{""coverage_rate"":0.16666666666666666,""level"":0.95,""mean_area_m2"":1732949.4678046175}]"
known_velocity:NEX326-methods:arm-18/full,known_velocity,NEX326-methods,arm-18/full,computed,1800,30,0,"{""success"":30}","[1792.0,1805.0]",831.3009395262998,4.203905699159981,"[{""coverage_rate"":0.06666666666666667,""level"":0.5,""mean_area_m2"":1958637.5123879442},{""coverage_rate"":0.43333333333333335,""level"":0.8,""mean_area_m2"":3399718.2968890863},{""coverage_rate"":0.5,""level"":0.9,""mean_area_m2"":4317192.209852016},{""coverage_rate"":0.5333333333333333,""level"":0.95,""mean_area_m2"":5218754.736680308}]"
known_velocity:NEX326-methods:arm-19/em,known_velocity,NEX326-methods,arm-19/em,computed,60,30,0,"{""success"":30}","[50.0,67.0]",51.438231642276556,1.3830331456678204,"[{""coverage_rate"":0.3333333333333333,""level"":0.5,""mean_area_m2"":12835.290701511618},{""coverage_rate"":0.7666666666666667,""level"":0.8,""mean_area_m2"":30238.822983794027},{""coverage_rate"":1.0,""level"":0.9,""mean_area_m2"":43108.52915393408},{""coverage_rate"":1.0,""level"":0.95,""mean_area_m2"":56286.73121002117}]"
known_velocity:NEX326-methods:arm-19/em,known_velocity,NEX326-methods,arm-19/em,computed,300,30,0,"{""success"":30}","[297.0,305.0]",248.10477713399325,1.9328974019072196,"[{""coverage_rate"":0.0,""level"":0.5,""mean_area_m2"":96204.79630271903},{""coverage_rate"":0.03333333333333333,""level"":0.8,""mean_area_m2"":212244.74350903154},{""coverage_rate"":0.4,""level"":0.9,""mean_area_m2"":295661.5146204118},{""coverage_rate"":0.6666666666666666,""level"":0.95,""mean_area_m2"":379175.5385463242}]"
known_velocity:NEX326-methods:arm-19/em,known_velocity,NEX326-methods,arm-19/em,computed,900,30,0,"{""success"":30}","[899.0,910.0]",593.4119088435317,3.2839346850365043,"[{""coverage_rate"":0.0,""level"":0.5,""mean_area_m2"":539682.7693501095},{""coverage_rate"":0.0,""level"":0.8,""mean_area_m2"":1060208.9637705344},{""coverage_rate"":0.0,""level"":0.9,""mean_area_m2"":1407081.5741582254},{""coverage_rate"":0.16666666666666666,""level"":0.95,""mean_area_m2"":1732105.5177099667}]"
known_velocity:NEX326-methods:arm-19/em,known_velocity,NEX326-methods,arm-19/em,computed,1800,30,0,"{""success"":30}","[1792.0,1805.0]",831.3496364474771,4.202994901374479,"[{""coverage_rate"":0.06666666666666667,""level"":0.5,""mean_area_m2"":1957716.3435990051},{""coverage_rate"":0.43333333333333335,""level"":0.8,""mean_area_m2"":3398136.3388109705},{""coverage_rate"":0.5,""level"":0.9,""mean_area_m2"":4314822.372945051},{""coverage_rate"":0.5333333333333333,""level"":0.95,""mean_area_m2"":5216124.799492536}]"
known_velocity:NEX326-methods:arm-19/euler,known_velocity,NEX326-methods,arm-19/euler,computed,60,30,0,"{""success"":30}","[50.0,67.0]",51.438231642276556,1.3830331456678204,"[{""coverage_rate"":0.3333333333333333,""level"":0.5,""mean_area_m2"":12835.290701511618},{""coverage_rate"":0.7666666666666667,""level"":0.8,""mean_area_m2"":30238.822983794027},{""coverage_rate"":1.0,""level"":0.9,""mean_area_m2"":43108.52915393408},{""coverage_rate"":1.0,""level"":0.95,""mean_area_m2"":56286.73121002117}]"
known_velocity:NEX326-methods:arm-19/euler,known_velocity,NEX326-methods,arm-19/euler,computed,300,30,0,"{""success"":30}","[297.0,305.0]",248.10477713399325,1.9328974019072196,"[{""coverage_rate"":0.0,""level"":0.5,""mean_area_m2"":96204.79630271903},{""coverage_rate"":0.03333333333333333,""level"":0.8,""mean_area_m2"":212244.74350903154},{""coverage_rate"":0.4,""level"":0.9,""mean_area_m2"":295661.5146204118},{""coverage_rate"":0.6666666666666666,""level"":0.95,""mean_area_m2"":379175.5385463242}]"
known_velocity:NEX326-methods:arm-19/euler,known_velocity,NEX326-methods,arm-19/euler,computed,900,30,0,"{""success"":30}","[899.0,910.0]",593.4119088435317,3.2839346850365043,"[{""coverage_rate"":0.0,""level"":0.5,""mean_area_m2"":539682.7693501095},{""coverage_rate"":0.0,""level"":0.8,""mean_area_m2"":1060208.9637705344},{""coverage_rate"":0.0,""level"":0.9,""mean_area_m2"":1407081.5741582254},{""coverage_rate"":0.16666666666666666,""level"":0.95,""mean_area_m2"":1732105.5177099667}]"
known_velocity:NEX326-methods:arm-19/euler,known_velocity,NEX326-methods,arm-19/euler,computed,1800,30,0,"{""success"":30}","[1792.0,1805.0]",831.3496364474771,4.202994901374479,"[{""coverage_rate"":0.06666666666666667,""level"":0.5,""mean_area_m2"":1957716.3435990051},{""coverage_rate"":0.43333333333333335,""level"":0.8,""mean_area_m2"":3398136.3388109705},{""coverage_rate"":0.5,""level"":0.9,""mean_area_m2"":4314822.372945051},{""coverage_rate"":0.5333333333333333,""level"":0.95,""mean_area_m2"":5216124.799492536}]"
known_velocity:NEX326-methods:arm-20/full,known_velocity,NEX326-methods,arm-20/full,computed,60,30,0,"{""success"":30}","[50.0,67.0]",51.74022400783011,1.3827080415495319,"[{""coverage_rate"":0.3333333333333333,""level"":0.5,""mean_area_m2"":12755.905262152075},{""coverage_rate"":0.7666666666666667,""level"":0.8,""mean_area_m2"":29996.18596199075},{""coverage_rate"":1.0,""level"":0.9,""mean_area_m2"":43159.70867836119},{""coverage_rate"":1.0,""level"":0.95,""mean_area_m2"":56497.22599575424}]"
known_velocity:NEX326-methods:arm-20/full,known_velocity,NEX326-methods,arm-20/full,computed,300,30,0,"{""success"":30}","[297.0,305.0]",250.56122921801176,1.920310678074621,"[{""coverage_rate"":0.0,""level"":0.5,""mean_area_m2"":93593.52910530256},{""coverage_rate"":0.0,""level"":0.8,""mean_area_m2"":207083.9972374092},{""coverage_rate"":0.3,""level"":0.9,""mean_area_m2"":286035.48918700777},{""coverage_rate"":0.6,""level"":0.95,""mean_area_m2"":367271.08664094197}]"
known_velocity:NEX326-methods:arm-20/full,known_velocity,NEX326-methods,arm-20/full,computed,900,30,0,"{""success"":30}","[899.0,910.0]",595.9882049087003,3.2726013794403768,"[{""coverage_rate"":0.0,""level"":0.5,""mean_area_m2"":531163.6587903453},{""coverage_rate"":0.0,""level"":0.8,""mean_area_m2"":1047267.9276174768},{""coverage_rate"":0.0,""level"":0.9,""mean_area_m2"":1372800.703949594},{""coverage_rate"":0.23333333333333334,""level"":0.95,""mean_area_m2"":1719865.3641635366}]"
known_velocity:NEX326-methods:arm-20/full,known_velocity,NEX326-methods,arm-20/full,computed,1800,30,0,"{""success"":30}","[1792.0,1805.0]",836.999177893729,4.186341375695906,"[{""coverage_rate"":0.06666666666666667,""level"":0.5,""mean_area_m2"":1946927.849362796},{""coverage_rate"":0.43333333333333335,""level"":0.8,""mean_area_m2"":3372924.363073322},{""coverage_rate"":0.5,""level"":0.9,""mean_area_m2"":4273982.051294702},{""coverage_rate"":0.5333333333333333,""level"":0.95,""mean_area_m2"":5130964.147771846}]"
known_velocity:NEX326-methods:arm-21/crn,known_velocity,NEX326-methods,arm-21/crn,computed,60,30,0,"{""success"":30}","[50.0,67.0]",51.74022379689894,1.3827080415495319,"[{""coverage_rate"":0.3333333333333333,""level"":0.5,""mean_area_m2"":12755.90743469138},{""coverage_rate"":0.7666666666666667,""level"":0.8,""mean_area_m2"":29996.191498348802},{""coverage_rate"":1.0,""level"":0.9,""mean_area_m2"":43159.704087256636},{""coverage_rate"":1.0,""level"":0.95,""mean_area_m2"":56497.22944742542}]"
known_velocity:NEX326-methods:arm-21/crn,known_velocity,NEX326-methods,arm-21/crn,computed,300,30,0,"{""success"":30}","[297.0,305.0]",250.56121778768784,1.920310678074621,"[{""coverage_rate"":0.0,""level"":0.5,""mean_area_m2"":93593.4824155364},{""coverage_rate"":0.0,""level"":0.8,""mean_area_m2"":207084.0244298076},{""coverage_rate"":0.3,""level"":0.9,""mean_area_m2"":286035.8382630747},{""coverage_rate"":0.6,""level"":0.95,""mean_area_m2"":367270.5034923122}]"
known_velocity:NEX326-methods:arm-21/crn,known_velocity,NEX326-methods,arm-21/crn,computed,900,30,0,"{""success"":30}","[899.0,910.0]",595.9881665451234,3.2726013794403768,"[{""coverage_rate"":0.0,""level"":0.5,""mean_area_m2"":531163.6881712633},{""coverage_rate"":0.0,""level"":0.8,""mean_area_m2"":1047266.8450393089},{""coverage_rate"":0.0,""level"":0.9,""mean_area_m2"":1372802.7556801878},{""coverage_rate"":0.23333333333333334,""level"":0.95,""mean_area_m2"":1719871.26358783}]"
known_velocity:NEX326-methods:arm-21/crn,known_velocity,NEX326-methods,arm-21/crn,computed,1800,30,0,"{""success"":30}","[1792.0,1805.0]",836.9992012427305,4.186340460249017,"[{""coverage_rate"":0.06666666666666667,""level"":0.5,""mean_area_m2"":1946928.064117881},{""coverage_rate"":0.43333333333333335,""level"":0.8,""mean_area_m2"":3372928.221042168},{""coverage_rate"":0.5,""level"":0.9,""mean_area_m2"":4273985.790115611},{""coverage_rate"":0.5333333333333333,""level"":0.95,""mean_area_m2"":5130960.928713506}]"
known_velocity:NEX326-methods:arm-21/mc,known_velocity,NEX326-methods,arm-21/mc,computed,60,30,0,"{""success"":30}","[50.0,67.0]",51.146327270363365,1.3830112023411578,"[{""coverage_rate"":0.3333333333333333,""level"":0.5,""mean_area_m2"":12943.129808601949},{""coverage_rate"":0.7666666666666667,""level"":0.8,""mean_area_m2"":29717.657041205308},{""coverage_rate"":1.0,""level"":0.9,""mean_area_m2"":42241.93248765847},{""coverage_rate"":1.0,""level"":0.95,""mean_area_m2"":55168.539906064165}]"
known_velocity:NEX326-methods:arm-21/mc,known_velocity,NEX326-methods,arm-21/mc,computed,300,30,0,"{""success"":30}","[297.0,305.0]",250.0397728332237,1.9405248172529326,"[{""coverage_rate"":0.0,""level"":0.5,""mean_area_m2"":94597.81786733192},{""coverage_rate"":0.0,""level"":0.8,""mean_area_m2"":211825.55978909208},{""coverage_rate"":0.4,""level"":0.9,""mean_area_m2"":293452.0747616499},{""coverage_rate"":0.6,""level"":0.95,""mean_area_m2"":376215.3456960489}]"
known_velocity:NEX326-methods:arm-21/mc,known_velocity,NEX326-methods,arm-21/mc,computed,900,30,0,"{""success"":30}","[899.0,910.0]",598.9777060137832,3.2668593292822306,"[{""coverage_rate"":0.0,""level"":0.5,""mean_area_m2"":528748.916446251},{""coverage_rate"":0.0,""level"":0.8,""mean_area_m2"":1033377.2645820956},{""coverage_rate"":0.0,""level"":0.9,""mean_area_m2"":1389485.1302129326},{""coverage_rate"":0.2,""level"":0.95,""mean_area_m2"":1702956.2352123254}]"
known_velocity:NEX326-methods:arm-21/mc,known_velocity,NEX326-methods,arm-21/mc,computed,1800,30,0,"{""success"":30}","[1792.0,1805.0]",834.1388712936825,4.194859667467577,"[{""coverage_rate"":0.06666666666666667,""level"":0.5,""mean_area_m2"":1939252.771895101},{""coverage_rate"":0.43333333333333335,""level"":0.8,""mean_area_m2"":3381394.9015584276},{""coverage_rate"":0.5,""level"":0.9,""mean_area_m2"":4324103.032347088},{""coverage_rate"":0.5,""level"":0.95,""mean_area_m2"":5219509.830530005}]"
known_velocity:inertial:all,known_velocity,inertial,all,computed,60,6,0,"{""success"":6}","[50.0,67.0]",16.510889189577522,0.0,"[{""coverage_rate"":0.0,""level"":0.5,""mean_area_m2"":0.0},{""coverage_rate"":0.0,""level"":0.8,""mean_area_m2"":0.0},{""coverage_rate"":0.0,""level"":0.9,""mean_area_m2"":0.0},{""coverage_rate"":0.0,""level"":0.95,""mean_area_m2"":0.0}]"
known_velocity:inertial:all,known_velocity,inertial,all,computed,300,6,0,"{""success"":6}","[297.0,305.0]",127.94293698817727,0.0,"[{""coverage_rate"":0.0,""level"":0.5,""mean_area_m2"":0.0},{""coverage_rate"":0.0,""level"":0.8,""mean_area_m2"":0.0},{""coverage_rate"":0.0,""level"":0.9,""mean_area_m2"":0.0},{""coverage_rate"":0.0,""level"":0.95,""mean_area_m2"":0.0}]"
known_velocity:inertial:all,known_velocity,inertial,all,computed,900,6,0,"{""success"":6}","[899.0,910.0]",556.5683707890012,0.0,"[{""coverage_rate"":0.0,""level"":0.5,""mean_area_m2"":0.0},{""coverage_rate"":0.0,""level"":0.8,""mean_area_m2"":0.0},{""coverage_rate"":0.0,""level"":0.9,""mean_area_m2"":0.0},{""coverage_rate"":0.0,""level"":0.95,""mean_area_m2"":0.0}]"
known_velocity:inertial:all,known_velocity,inertial,all,computed,1800,6,0,"{""success"":6}","[1792.0,1805.0]",1598.6254312355652,0.0,"[{""coverage_rate"":0.0,""level"":0.5,""mean_area_m2"":0.0},{""coverage_rate"":0.0,""level"":0.8,""mean_area_m2"":0.0},{""coverage_rate"":0.0,""level"":0.9,""mean_area_m2"":0.0},{""coverage_rate"":0.0,""level"":0.95,""mean_area_m2"":0.0}]"
known_velocity:terrain:all-terrain,known_velocity,terrain,all-terrain,computed,60,30,0,"{""success"":30}","[50.0,67.0]",20.842113974789825,0.8066529439595302,"[{""coverage_rate"":0.6666666666666666,""level"":0.5,""mean_area_m2"":4895.007357068874},{""coverage_rate"":1.0,""level"":0.8,""mean_area_m2"":11590.338573820369},{""coverage_rate"":1.0,""level"":0.9,""mean_area_m2"":17068.934882567944},{""coverage_rate"":1.0,""level"":0.95,""mean_area_m2"":22763.419555568555}]"
known_velocity:terrain:all-terrain,known_velocity,terrain,all-terrain,computed,300,30,0,"{""success"":30}","[297.0,305.0]",155.68736225446165,2.0785090753982773,"[{""coverage_rate"":0.43333333333333335,""level"":0.5,""mean_area_m2"":148246.21341990077},{""coverage_rate"":0.8333333333333334,""level"":0.8,""mean_area_m2"":287459.4047777486},{""coverage_rate"":0.9666666666666667,""level"":0.9,""mean_area_m2"":417107.01671343984},{""coverage_rate"":1.0,""level"":0.95,""mean_area_m2"":583077.2216107275}]"
known_velocity:terrain:all-terrain,known_velocity,terrain,all-terrain,computed,900,30,0,"{""success"":30}","[899.0,910.0]",440.53010556897374,3.479880646966302,"[{""coverage_rate"":0.3333333333333333,""level"":0.5,""mean_area_m2"":738774.8566288475},{""coverage_rate"":0.7,""level"":0.8,""mean_area_m2"":1693756.4172768781},{""coverage_rate"":0.8333333333333334,""level"":0.9,""mean_area_m2"":2339748.1614655466},{""coverage_rate"":0.8333333333333334,""level"":0.95,""mean_area_m2"":3015061.5467101345}]"
known_velocity:terrain:all-terrain,known_velocity,terrain,all-terrain,computed,1800,30,0,"{""success"":30}","[1792.0,1805.0]",803.6713302787823,4.179845782061301,"[{""coverage_rate"":0.16666666666666666,""level"":0.5,""mean_area_m2"":1638769.9538482348},{""coverage_rate"":0.6333333333333333,""level"":0.8,""mean_area_m2"":3789279.47316468},{""coverage_rate"":0.6666666666666666,""level"":0.9,""mean_area_m2"":5537552.84893299},{""coverage_rate"":0.8333333333333334,""level"":0.95,""mean_area_m2"":7248758.069609236}]"
known_velocity:terrain:base,known_velocity,terrain,base,computed,60,30,0,"{""success"":30}","[50.0,67.0]",19.357514053355597,0.8562894575268929,"[{""coverage_rate"":0.9666666666666667,""level"":0.5,""mean_area_m2"":5834.653574944123},{""coverage_rate"":1.0,""level"":0.8,""mean_area_m2"":13799.687609442793},{""coverage_rate"":1.0,""level"":0.9,""mean_area_m2"":20146.785475120065},{""coverage_rate"":1.0,""level"":0.95,""mean_area_m2"":26550.623017983224}]"
known_velocity:terrain:base,known_velocity,terrain,base,computed,300,30,0,"{""success"":30}","[297.0,305.0]",153.0687981727908,2.3540214327599522,"[{""coverage_rate"":0.6666666666666666,""level"":0.5,""mean_area_m2"":193327.5112885963},{""coverage_rate"":0.9333333333333333,""level"":0.8,""mean_area_m2"":363033.9479166416},{""coverage_rate"":1.0,""level"":0.9,""mean_area_m2"":488131.8497306478},{""coverage_rate"":1.0,""level"":0.95,""mean_area_m2"":613762.6343244278}]"
known_velocity:terrain:base,known_velocity,terrain,base,computed,900,30,0,"{""success"":30}","[899.0,910.0]",500.64922567845235,3.7253959182309164,"[{""coverage_rate"":0.23333333333333334,""level"":0.5,""mean_area_m2"":807632.7252992727},{""coverage_rate"":0.5,""level"":0.8,""mean_area_m2"":1776658.1741834772},{""coverage_rate"":0.6666666666666666,""level"":0.9,""mean_area_m2"":2419691.2282462716},{""coverage_rate"":0.8333333333333334,""level"":0.95,""mean_area_m2"":3055599.301106157}]"
known_velocity:terrain:base,known_velocity,terrain,base,computed,1800,30,0,"{""success"":30}","[1792.0,1805.0]",961.5836218690031,4.416040828132751,"[{""coverage_rate"":0.16666666666666666,""level"":0.5,""mean_area_m2"":1658423.2791354095},{""coverage_rate"":0.3333333333333333,""level"":0.8,""mean_area_m2"":3894300.5648463047},{""coverage_rate"":0.6,""level"":0.9,""mean_area_m2"":5486729.795387632},{""coverage_rate"":0.6666666666666666,""level"":0.95,""mean_area_m2"":7084917.384357913}]"
known_velocity:terrain:lio-river,known_velocity,terrain,lio-river,computed,60,30,0,"{""success"":30}","[50.0,67.0]",17.930380392573493,0.8364304514542248,"[{""coverage_rate"":0.8333333333333334,""level"":0.5,""mean_area_m2"":5514.7639467604195},{""coverage_rate"":1.0,""level"":0.8,""mean_area_m2"":13180.597180324792},{""coverage_rate"":1.0,""level"":0.9,""mean_area_m2"":19326.71189797363},{""coverage_rate"":1.0,""level"":0.95,""mean_area_m2"":25690.195452753538}]"
known_velocity:terrain:lio-river,known_velocity,terrain,lio-river,computed,300,30,0,"{""success"":30}","[297.0,305.0]",145.55964622864443,2.289647854699083,"[{""coverage_rate"":0.5,""level"":0.5,""mean_area_m2"":178853.08141764367},{""coverage_rate"":0.8333333333333334,""level"":0.8,""mean_area_m2"":345391.80496694427},{""coverage_rate"":0.9333333333333333,""level"":0.9,""mean_area_m2"":478808.32377105136},{""coverage_rate"":1.0,""level"":0.95,""mean_area_m2"":618679.9654053855}]"
known_velocity:terrain:lio-river,known_velocity,terrain,lio-river,computed,900,30,0,"{""success"":30}","[899.0,910.0]",438.23686879760345,3.6802294627890353,"[{""coverage_rate"":0.5,""level"":0.5,""mean_area_m2"":800347.2291630585},{""coverage_rate"":0.6666666666666666,""level"":0.8,""mean_area_m2"":1782921.9318683706},{""coverage_rate"":0.8333333333333334,""level"":0.9,""mean_area_m2"":2469444.623261646},{""coverage_rate"":0.8333333333333334,""level"":0.95,""mean_area_m2"":3196045.554089273}]"
known_velocity:terrain:lio-river,known_velocity,terrain,lio-river,computed,1800,30,0,"{""success"":30}","[1792.0,1805.0]",849.8953723350401,4.326177064300895,"[{""coverage_rate"":0.3,""level"":0.5,""mean_area_m2"":1663157.8414774195},{""coverage_rate"":0.3333333333333333,""level"":0.8,""mean_area_m2"":3982087.6745487573},{""coverage_rate"":0.5333333333333333,""level"":0.9,""mean_area_m2"":5769556.432455774},{""coverage_rate"":0.8333333333333334,""level"":0.95,""mean_area_m2"":7672944.71504897}]"
known_velocity:terrain:lio-road,known_velocity,terrain,lio-road,computed,60,30,0,"{""success"":30}","[50.0,67.0]",23.039054589746026,0.8567427741638863,"[{""coverage_rate"":0.7666666666666667,""level"":0.5,""mean_area_m2"":5714.3908106844965},{""coverage_rate"":1.0,""level"":0.8,""mean_area_m2"":13478.80560735526},{""coverage_rate"":1.0,""level"":0.9,""mean_area_m2"":19681.883390270603},{""coverage_rate"":1.0,""level"":0.95,""mean_area_m2"":26115.611369077218}]"
known_velocity:terrain:lio-road,known_velocity,terrain,lio-road,computed,300,30,0,"{""success"":30}","[297.0,305.0]",169.19652795481286,2.2492742742750464,"[{""coverage_rate"":0.5,""level"":0.5,""mean_area_m2"":174344.96003952558},{""coverage_rate"":0.8,""level"":0.8,""mean_area_m2"":350740.0095425154},{""coverage_rate"":0.8333333333333334,""level"":0.9,""mean_area_m2"":488756.9350329198},{""coverage_rate"":1.0,""level"":0.95,""mean_area_m2"":639766.3986347922}]"
known_velocity:terrain:lio-road,known_velocity,terrain,lio-road,computed,900,30,0,"{""success"":30}","[899.0,910.0]",558.9138219478832,3.5264019598481084,"[{""coverage_rate"":0.16666666666666666,""level"":0.5,""mean_area_m2"":768528.6824227739},{""coverage_rate"":0.5666666666666667,""level"":0.8,""mean_area_m2"":1714828.819682916},{""coverage_rate"":0.8333333333333334,""level"":0.9,""mean_area_m2"":2376258.775298779},{""coverage_rate"":0.8333333333333334,""level"":0.95,""mean_area_m2"":3039386.514149234}]"
known_velocity:terrain:lio-road,known_velocity,terrain,lio-road,computed,1800,30,0,"{""success"":30}","[1792.0,1805.0]",1007.015029137391,4.210312915166566,"[{""coverage_rate"":0.13333333333333333,""level"":0.5,""mean_area_m2"":1484681.0626203674},{""coverage_rate"":0.36666666666666664,""level"":0.8,""mean_area_m2"":3737765.8205592935},{""coverage_rate"":0.6666666666666666,""level"":0.9,""mean_area_m2"":5550034.947395788},{""coverage_rate"":0.7666666666666667,""level"":0.95,""mean_area_m2"":7352967.554286148}]"
known_velocity:terrain:lio-surface,known_velocity,terrain,lio-surface,computed,60,30,0,"{""success"":30}","[50.0,67.0]",19.225730872230816,0.8361920013656007,"[{""coverage_rate"":1.0,""level"":0.5,""mean_area_m2"":5482.516705326137},{""coverage_rate"":1.0,""level"":0.8,""mean_area_m2"":12995.543477478775},{""coverage_rate"":1.0,""level"":0.9,""mean_area_m2"":18908.064962594424},{""coverage_rate"":1.0,""level"":0.95,""mean_area_m2"":25385.540028679297}]"
known_velocity:terrain:lio-surface,known_velocity,terrain,lio-surface,computed,300,30,0,"{""success"":30}","[297.0,305.0]",142.47696492453625,2.30159731820572,"[{""coverage_rate"":0.6666666666666666,""level"":0.5,""mean_area_m2"":180223.54504116584},{""coverage_rate"":1.0,""level"":0.8,""mean_area_m2"":342209.9688502431},{""coverage_rate"":1.0,""level"":0.9,""mean_area_m2"":468080.4498038123},{""coverage_rate"":1.0,""level"":0.95,""mean_area_m2"":596885.6929703826}]"
known_velocity:terrain:lio-surface,known_velocity,terrain,lio-surface,computed,900,30,0,"{""success"":30}","[899.0,910.0]",465.6986139537761,3.6818006698800767,"[{""coverage_rate"":0.03333333333333333,""level"":0.5,""mean_area_m2"":775240.6430986439},{""coverage_rate"":0.6666666666666666,""level"":0.8,""mean_area_m2"":1698559.2652967097},{""coverage_rate"":0.7333333333333333,""level"":0.9,""mean_area_m2"":2297607.1051310496},{""coverage_rate"":0.8666666666666667,""level"":0.95,""mean_area_m2"":2915795.378004315}]"
known_velocity:terrain:lio-surface,known_velocity,terrain,lio-surface,computed,1800,30,0,"{""success"":30}","[1792.0,1805.0]",824.9830586253867,4.405050231349236,"[{""coverage_rate"":0.3333333333333333,""level"":0.5,""mean_area_m2"":1747698.8296677938},{""coverage_rate"":0.6333333333333333,""level"":0.8,""mean_area_m2"":3961119.913176485},{""coverage_rate"":0.6666666666666666,""level"":0.9,""mean_area_m2"":5568855.135660147},{""coverage_rate"":0.6666666666666666,""level"":0.95,""mean_area_m2"":7063676.83449419}]"
known_velocity:terrain:lio-worldcover,known_velocity,terrain,lio-worldcover,computed,60,30,0,"{""success"":30}","[50.0,67.0]",18.875609686117855,0.8600356013456714,"[{""coverage_rate"":0.9666666666666667,""level"":0.5,""mean_area_m2"":5750.655108142675},{""coverage_rate"":1.0,""level"":0.8,""mean_area_m2"":13595.357979815686},{""coverage_rate"":1.0,""level"":0.9,""mean_area_m2"":19828.0561803778},{""coverage_rate"":1.0,""level"":0.95,""mean_area_m2"":26256.7774161496}]"
known_velocity:terrain:lio-worldcover,known_velocity,terrain,lio-worldcover,computed,300,30,0,"{""success"":30}","[297.0,305.0]",158.62489222277705,2.3209373137423643,"[{""coverage_rate"":0.6333333333333333,""level"":0.5,""mean_area_m2"":191354.64642639938},{""coverage_rate"":0.7333333333333333,""level"":0.8,""mean_area_m2"":358937.37432192656},{""coverage_rate"":1.0,""level"":0.9,""mean_area_m2"":489045.3605819872},{""coverage_rate"":1.0,""level"":0.95,""mean_area_m2"":621263.7556445037}]"
known_velocity:terrain:lio-worldcover,known_velocity,terrain,lio-worldcover,computed,900,30,0,"{""success"":30}","[899.0,910.0]",504.07577999662243,3.6892126337994617,"[{""coverage_rate"":0.3333333333333333,""level"":0.5,""mean_area_m2"":787154.759051013},{""coverage_rate"":0.5333333333333333,""level"":0.8,""mean_area_m2"":1782774.783374182},{""coverage_rate"":0.6666666666666666,""level"":0.9,""mean_area_m2"":2457591.495299957},{""coverage_rate"":0.7333333333333333,""level"":0.95,""mean_area_m2"":3091535.806841418}]"
known_velocity:terrain:lio-worldcover,known_velocity,terrain,lio-worldcover,computed,1800,30,0,"{""success"":30}","[1792.0,1805.0]",969.5114301557303,4.358487839911476,"[{""coverage_rate"":0.16666666666666666,""level"":0.5,""mean_area_m2"":1600375.2432805682},{""coverage_rate"":0.2,""level"":0.8,""mean_area_m2"":3768868.602817388},{""coverage_rate"":0.6666666666666666,""level"":0.9,""mean_area_m2"":5422716.661680532},{""coverage_rate"":0.6666666666666666,""level"":0.95,""mean_area_m2"":7176899.636116933}]"
known_velocity:terrain:loo-river,known_velocity,terrain,loo-river,computed,60,30,0,"{""success"":30}","[50.0,67.0]",22.79886886041834,0.8181902672181065,"[{""coverage_rate"":0.6666666666666666,""level"":0.5,""mean_area_m2"":5103.833744590549},{""coverage_rate"":1.0,""level"":0.8,""mean_area_m2"":12142.01361586505},{""coverage_rate"":1.0,""level"":0.9,""mean_area_m2"":17744.417944317764},{""coverage_rate"":1.0,""level"":0.95,""mean_area_m2"":23862.401881137106}]"
known_velocity:terrain:loo-river,known_velocity,terrain,loo-river,computed,300,30,0,"{""success"":30}","[297.0,305.0]",161.6039438419824,2.1192861045137072,"[{""coverage_rate"":0.36666666666666664,""level"":0.5,""mean_area_m2"":145693.45010554217},{""coverage_rate"":0.7333333333333333,""level"":0.8,""mean_area_m2"":297151.1602000829},{""coverage_rate"":0.8333333333333334,""level"":0.9,""mean_area_m2"":428074.83258519095},{""coverage_rate"":0.8333333333333334,""level"":0.95,""mean_area_m2"":587416.2462649817}]"
known_velocity:terrain:loo-river,known_velocity,terrain,loo-river,computed,900,30,0,"{""success"":30}","[899.0,910.0]",526.7301360062578,3.4495577814867975,"[{""coverage_rate"":0.03333333333333333,""level"":0.5,""mean_area_m2"":696162.2057384421},{""coverage_rate"":0.8333333333333334,""level"":0.8,""mean_area_m2"":1607357.3347000726},{""coverage_rate"":0.8333333333333334,""level"":0.9,""mean_area_m2"":2254113.6073718313},{""coverage_rate"":0.8333333333333334,""level"":0.95,""mean_area_m2"":3002423.698654868}]"
known_velocity:terrain:loo-river,known_velocity,terrain,loo-river,computed,1800,30,0,"{""success"":30}","[1792.0,1805.0]",945.1252513654055,4.160062433281109,"[{""coverage_rate"":0.16666666666666666,""level"":0.5,""mean_area_m2"":1574403.3161016607},{""coverage_rate"":0.3333333333333333,""level"":0.8,""mean_area_m2"":3861473.3245979496},{""coverage_rate"":0.6666666666666666,""level"":0.9,""mean_area_m2"":5430423.25371652},{""coverage_rate"":0.8,""level"":0.95,""mean_area_m2"":7127172.379992474}]"
known_velocity:terrain:loo-road,known_velocity,terrain,loo-road,computed,60,30,0,"{""success"":30}","[50.0,67.0]",17.98381762264947,0.8292353038485718,"[{""coverage_rate"":0.8333333333333334,""level"":0.5,""mean_area_m2"":5197.214845087729},{""coverage_rate"":1.0,""level"":0.8,""mean_area_m2"":12239.71414306886},{""coverage_rate"":1.0,""level"":0.9,""mean_area_m2"":17853.700481022526},{""coverage_rate"":1.0,""level"":0.95,""mean_area_m2"":23777.801982667963}]"
known_velocity:terrain:loo-road,known_velocity,terrain,loo-road,computed,300,30,0,"{""success"":30}","[297.0,305.0]",157.40912965763027,2.1640734984856578,"[{""coverage_rate"":0.5,""level"":0.5,""mean_area_m2"":158270.8155811889},{""coverage_rate"":0.8333333333333334,""level"":0.8,""mean_area_m2"":303764.8624464619},{""coverage_rate"":0.9666666666666667,""level"":0.9,""mean_area_m2"":430160.6009579152},{""coverage_rate"":1.0,""level"":0.95,""mean_area_m2"":567253.7313964403}]"
known_velocity:terrain:loo-road,known_velocity,terrain,loo-road,computed,900,30,0,"{""success"":30}","[899.0,910.0]",435.80384038273326,3.527823267388263,"[{""coverage_rate"":0.16666666666666666,""level"":0.5,""mean_area_m2"":685815.5693843252},{""coverage_rate"":0.6666666666666666,""level"":0.8,""mean_area_m2"":1532195.0378164672},{""coverage_rate"":0.8333333333333334,""level"":0.9,""mean_area_m2"":2205629.6848633066},{""coverage_rate"":0.9666666666666667,""level"":0.95,""mean_area_m2"":2831777.562083764}]"
known_velocity:terrain:loo-road,known_velocity,terrain,loo-road,computed,1800,30,0,"{""success"":30}","[1792.0,1805.0]",755.0337125864879,4.190014094044914,"[{""coverage_rate"":0.16666666666666666,""level"":0.5,""mean_area_m2"":1453393.6258359693},{""coverage_rate"":0.5,""level"":0.8,""mean_area_m2"":3686803.60152392},{""coverage_rate"":0.6333333333333333,""level"":0.9,""mean_area_m2"":5457252.572431874},{""coverage_rate"":0.8666666666666667,""level"":0.95,""mean_area_m2"":7196222.500783784}]"
known_velocity:terrain:loo-surface,known_velocity,terrain,loo-surface,computed,60,30,0,"{""success"":30}","[50.0,67.0]",21.132240934635725,0.8398813724416292,"[{""coverage_rate"":0.8333333333333334,""level"":0.5,""mean_area_m2"":5203.255153309876},{""coverage_rate"":1.0,""level"":0.8,""mean_area_m2"":12311.322921432764},{""coverage_rate"":1.0,""level"":0.9,""mean_area_m2"":18081.773665685967},{""coverage_rate"":1.0,""level"":0.95,""mean_area_m2"":24334.443907397646}]"
known_velocity:terrain:loo-surface,known_velocity,terrain,loo-surface,computed,300,30,0,"{""success"":30}","[297.0,305.0]",162.86952263563464,2.153440139652585,"[{""coverage_rate"":0.5,""level"":0.5,""mean_area_m2"":160392.37235565286},{""coverage_rate"":0.7666666666666667,""level"":0.8,""mean_area_m2"":322665.88452887273},{""coverage_rate"":0.9,""level"":0.9,""mean_area_m2"":464007.4948037072},{""coverage_rate"":1.0,""level"":0.95,""mean_area_m2"":620525.9165106035}]"
known_velocity:terrain:loo-surface,known_velocity,terrain,loo-surface,computed,900,30,0,"{""success"":30}","[899.0,910.0]",489.273869016568,3.4919288973978797,"[{""coverage_rate"":0.23333333333333334,""level"":0.5,""mean_area_m2"":776308.5010839232},{""coverage_rate"":0.5,""level"":0.8,""mean_area_m2"":1797595.6812135996},{""coverage_rate"":0.8,""level"":0.9,""mean_area_m2"":2491555.0594406496},{""coverage_rate"":0.8333333333333334,""level"":0.95,""mean_area_m2"":3192562.959203421}]"
known_velocity:terrain:loo-surface,known_velocity,terrain,loo-surface,computed,1800,30,0,"{""success"":30}","[1792.0,1805.0]",918.8073687498945,4.153102031782865,"[{""coverage_rate"":0.13333333333333333,""level"":0.5,""mean_area_m2"":1534114.4254146768},{""coverage_rate"":0.4,""level"":0.8,""mean_area_m2"":3777516.948531264},{""coverage_rate"":0.5333333333333333,""level"":0.9,""mean_area_m2"":5573307.669724753},{""coverage_rate"":0.6666666666666666,""level"":0.95,""mean_area_m2"":7694197.277928579}]"
known_velocity:terrain:loo-worldcover,known_velocity,terrain,loo-worldcover,computed,60,30,0,"{""success"":30}","[50.0,67.0]",20.58979977767591,0.7997522473200829,"[{""coverage_rate"":0.6666666666666666,""level"":0.5,""mean_area_m2"":5060.537721182985},{""coverage_rate"":1.0,""level"":0.8,""mean_area_m2"":12094.600893205496},{""coverage_rate"":1.0,""level"":0.9,""mean_area_m2"":17765.30828235992},{""coverage_rate"":1.0,""level"":0.95,""mean_area_m2"":23989.878177929557}]"
known_velocity:terrain:loo-worldcover,known_velocity,terrain,loo-worldcover,computed,300,30,0,"{""success"":30}","[297.0,305.0]",146.774762744838,2.15010454191678,"[{""coverage_rate"":0.5,""level"":0.5,""mean_area_m2"":156566.40795539686},{""coverage_rate"":0.9,""level"":0.8,""mean_area_m2"":310522.97244401847},{""coverage_rate"":1.0,""level"":0.9,""mean_area_m2"":448599.8995277927},{""coverage_rate"":1.0,""level"":0.95,""mean_area_m2"":619927.053102344}]"
known_velocity:terrain:loo-worldcover,known_velocity,terrain,loo-worldcover,computed,900,30,0,"{""success"":30}","[899.0,910.0]",447.79045986564984,3.470543403671095,"[{""coverage_rate"":0.3,""level"":0.5,""mean_area_m2"":736907.2996182623},{""coverage_rate"":0.8,""level"":0.8,""mean_area_m2"":1689728.0502037862},{""coverage_rate"":0.8333333333333334,""level"":0.9,""mean_area_m2"":2330176.576524279},{""coverage_rate"":0.8333333333333334,""level"":0.95,""mean_area_m2"":2991398.0942914314}]"
known_velocity:terrain:loo-worldcover,known_velocity,terrain,loo-worldcover,computed,1800,30,0,"{""success"":30}","[1792.0,1805.0]",831.2648200348419,4.177275060868939,"[{""coverage_rate"":0.2,""level"":0.5,""mean_area_m2"":1627649.1314871395},{""coverage_rate"":0.5,""level"":0.8,""mean_area_m2"":3917206.4249066412},{""coverage_rate"":0.6666666666666666,""level"":0.9,""mean_area_m2"":5693972.567767272},{""coverage_rate"":0.7333333333333333,""level"":0.95,""mean_area_m2"":7344538.985604076}]"
point_only:NEX326-diagnostic:diagnostic/full-exact-kernel,point_only,NEX326-diagnostic,diagnostic/full-exact-kernel,computed,60,30,0,"{""success"":30}","[50.0,67.0]",51.976005341130914,1.382873524955322,"[{""coverage_rate"":0.3333333333333333,""level"":0.5,""mean_area_m2"":12678.347875563903},{""coverage_rate"":0.7333333333333333,""level"":0.8,""mean_area_m2"":29586.15515359577},{""coverage_rate"":1.0,""level"":0.9,""mean_area_m2"":42887.86492566411},{""coverage_rate"":1.0,""level"":0.95,""mean_area_m2"":55629.16478142069}]"
point_only:NEX326-diagnostic:diagnostic/full-exact-kernel,point_only,NEX326-diagnostic,diagnostic/full-exact-kernel,computed,300,30,0,"{""success"":30}","[297.0,305.0]",249.96850906738933,1.9312270169452412,"[{""coverage_rate"":0.0,""level"":0.5,""mean_area_m2"":94010.560935555},{""coverage_rate"":0.03333333333333333,""level"":0.8,""mean_area_m2"":210262.5576296631},{""coverage_rate"":0.36666666666666664,""level"":0.9,""mean_area_m2"":295505.6947658171},{""coverage_rate"":0.6333333333333333,""level"":0.95,""mean_area_m2"":379683.8666008546}]"
point_only:NEX326-diagnostic:diagnostic/full-exact-kernel,point_only,NEX326-diagnostic,diagnostic/full-exact-kernel,computed,900,30,0,"{""success"":30}","[899.0,910.0]",596.1005074091863,3.277862940282034,"[{""coverage_rate"":0.0,""level"":0.5,""mean_area_m2"":535729.9389784794},{""coverage_rate"":0.0,""level"":0.8,""mean_area_m2"":1049620.3610153734},{""coverage_rate"":0.0,""level"":0.9,""mean_area_m2"":1377446.529295499},{""coverage_rate"":0.23333333333333334,""level"":0.95,""mean_area_m2"":1720426.1392660043}]"
point_only:NEX326-diagnostic:diagnostic/full-exact-kernel,point_only,NEX326-diagnostic,diagnostic/full-exact-kernel,computed,1800,30,0,"{""success"":30}","[1792.0,1805.0]",833.2347896234431,4.191836914405099,"[{""coverage_rate"":0.06666666666666667,""level"":0.5,""mean_area_m2"":1954780.9093519005},{""coverage_rate"":0.43333333333333335,""level"":0.8,""mean_area_m2"":3397689.4634785135},{""coverage_rate"":0.5,""level"":0.9,""mean_area_m2"":4327971.841250878},{""coverage_rate"":0.5,""level"":0.95,""mean_area_m2"":5160651.525908963}]"
point_only:NEX326-methods:arm-01/full,point_only,NEX326-methods,arm-01/full,computed,60,30,0,"{""success"":30}","[50.0,67.0]",51.28183893385937,1.381885062612811,"[{""coverage_rate"":0.3333333333333333,""level"":0.5,""mean_area_m2"":12991.788653523254},{""coverage_rate"":0.8333333333333334,""level"":0.8,""mean_area_m2"":30223.14146277683},{""coverage_rate"":1.0,""level"":0.9,""mean_area_m2"":43734.276802481014},{""coverage_rate"":1.0,""level"":0.95,""mean_area_m2"":57752.522433280414}]"
point_only:NEX326-methods:arm-01/full,point_only,NEX326-methods,arm-01/full,computed,300,30,0,"{""success"":30}","[297.0,305.0]",250.47399107458313,1.9408591898096907,"[{""coverage_rate"":0.0,""level"":0.5,""mean_area_m2"":95333.64919215134},{""coverage_rate"":0.0,""level"":0.8,""mean_area_m2"":210433.8077520911},{""coverage_rate"":0.3,""level"":0.9,""mean_area_m2"":296049.1529034492},{""coverage_rate"":0.6,""level"":0.95,""mean_area_m2"":379347.7344042472}]"
point_only:NEX326-methods:arm-01/full,point_only,NEX326-methods,arm-01/full,computed,900,30,0,"{""success"":30}","[899.0,910.0]",594.953098685891,3.2883285456061073,"[{""coverage_rate"":0.0,""level"":0.5,""mean_area_m2"":536087.5453199706},{""coverage_rate"":0.0,""level"":0.8,""mean_area_m2"":1058415.0614117389},{""coverage_rate"":0.0,""level"":0.9,""mean_area_m2"":1405048.9956075805},{""coverage_rate"":0.26666666666666666,""level"":0.95,""mean_area_m2"":1737463.7036675848}]"
point_only:NEX326-methods:arm-01/full,point_only,NEX326-methods,arm-01/full,computed,1800,30,0,"{""success"":30}","[1792.0,1805.0]",836.5632346292615,4.2031000868860495,"[{""coverage_rate"":0.1,""level"":0.5,""mean_area_m2"":1952083.6950065373},{""coverage_rate"":0.4666666666666667,""level"":0.8,""mean_area_m2"":3413768.4937087535},{""coverage_rate"":0.5,""level"":0.9,""mean_area_m2"":4350086.666338684},{""coverage_rate"":0.5333333333333333,""level"":0.95,""mean_area_m2"":5273812.969443128}]"
point_only:NEX326-methods:arm-02/pointwise,point_only,NEX326-methods,arm-02/pointwise,computed,60,30,0,"{""success"":30}","[50.0,67.0]",51.36808304678951,1.383082312227633,"[{""coverage_rate"":0.3333333333333333,""level"":0.5,""mean_area_m2"":13038.56496142986},{""coverage_rate"":0.8,""level"":0.8,""mean_area_m2"":30209.922091210665},{""coverage_rate"":1.0,""level"":0.9,""mean_area_m2"":42637.271295725826},{""coverage_rate"":1.0,""level"":0.95,""mean_area_m2"":55768.89051907584}]"
point_only:NEX326-methods:arm-02/pointwise,point_only,NEX326-methods,arm-02/pointwise,computed,300,30,0,"{""success"":30}","[297.0,305.0]",257.82119094846365,1.743225543527854,"[{""coverage_rate"":0.0,""level"":0.5,""mean_area_m2"":68084.42364857174},{""coverage_rate"":0.0,""level"":0.8,""mean_area_m2"":157627.5294476713},{""coverage_rate"":0.06666666666666667,""level"":0.9,""mean_area_m2"":222842.52309519568},{""coverage_rate"":0.3333333333333333,""level"":0.95,""mean_area_m2"":297285.2682821637}]"
point_only:NEX326-methods:arm-02/pointwise,point_only,NEX326-methods,arm-02/pointwise,computed,900,30,0,"{""success"":30}","[899.0,910.0]",654.9241952255773,2.685184618532916,"[{""coverage_rate"":0.0,""level"":0.5,""mean_area_m2"":218419.10366075396},{""coverage_rate"":0.0,""level"":0.8,""mean_area_m2"":506000.1487990074},{""coverage_rate"":0.0,""level"":0.9,""mean_area_m2"":722812.1291385705},{""coverage_rate"":0.0,""level"":0.95,""mean_area_m2"":944264.3761849788}]"
point_only:NEX326-methods:arm-02/pointwise,point_only,NEX326-methods,arm-02/pointwise,computed,1800,30,0,"{""success"":30}","[1792.0,1805.0]",953.4201579887891,3.3794565430928563,"[{""coverage_rate"":0.0,""level"":0.5,""mean_area_m2"":479874.76910411875},{""coverage_rate"":0.0,""level"":0.8,""mean_area_m2"":1129780.633426998},{""coverage_rate"":0.0,""level"":0.9,""mean_area_m2"":1615341.0307326622},{""coverage_rate"":0.3,""level"":0.95,""mean_area_m2"":2114061.6197342}]"
point_only:NEX326-methods:arm-03/single_gaussian,point_only,NEX326-methods,arm-03/single_gaussian,computed,60,30,0,"{""success"":30}","[50.0,67.0]",51.39596685034228,1.3834792211693132,"[{""coverage_rate"":0.3333333333333333,""level"":0.5,""mean_area_m2"":12717.720014471573},{""coverage_rate"":0.6333333333333333,""level"":0.8,""mean_area_m2"":29457.733485103938},{""coverage_rate"":1.0,""level"":0.9,""mean_area_m2"":41700.66120287626},{""coverage_rate"":1.0,""level"":0.95,""mean_area_m2"":54959.63080275919}]"
point_only:NEX326-methods:arm-03/single_gaussian,point_only,NEX326-methods,arm-03/single_gaussian,computed,300,30,0,"{""success"":30}","[297.0,305.0]",258.9814423687641,1.7380908322855613,"[{""coverage_rate"":0.0,""level"":0.5,""mean_area_m2"":67220.02661690669},{""coverage_rate"":0.0,""level"":0.8,""mean_area_m2"":156866.4247597991},{""coverage_rate"":0.1,""level"":0.9,""mean_area_m2"":224280.76972643196},{""coverage_rate"":0.36666666666666664,""level"":0.95,""mean_area_m2"":295252.2742807195}]"
point_only:NEX326-methods:arm-03/single_gaussian,point_only,NEX326-methods,arm-03/single_gaussian,computed,900,30,0,"{""success"":30}","[899.0,910.0]",650.104684859042,2.7220918948811854,"[{""coverage_rate"":0.0,""level"":0.5,""mean_area_m2"":228574.2941017629},{""coverage_rate"":0.0,""level"":0.8,""mean_area_m2"":537236.5578045628},{""coverage_rate"":0.0,""level"":0.9,""mean_area_m2"":764559.013293751},{""coverage_rate"":0.0,""level"":0.95,""mean_area_m2"":1004270.5072141042}]"
point_only:NEX326-methods:arm-03/single_gaussian,point_only,NEX326-methods,arm-03/single_gaussian,computed,1800,30,0,"{""success"":30}","[1792.0,1805.0]",937.1299305908269,3.5079996669960756,"[{""coverage_rate"":0.0,""level"":0.5,""mean_area_m2"":552101.4054527743},{""coverage_rate"":0.0,""level"":0.8,""mean_area_m2"":1297852.3395610373},{""coverage_rate"":0.06666666666666667,""level"":0.9,""mean_area_m2"":1879274.3309623078},{""coverage_rate"":0.4666666666666667,""level"":0.95,""mean_area_m2"":2439929.9893594114}]"
point_only:NEX326-methods:arm-04/gmm_kernel,point_only,NEX326-methods,arm-04/gmm_kernel,computed,60,30,0,"{""success"":30}","[50.0,67.0]",51.40894451148852,1.3852044448634724,"[{""coverage_rate"":0.5,""level"":0.5,""mean_area_m2"":24419.114272190436},{""coverage_rate"":1.0,""level"":0.8,""mean_area_m2"":51309.21746091171},{""coverage_rate"":1.0,""level"":0.9,""mean_area_m2"":70075.10206162554},{""coverage_rate"":1.0,""level"":0.95,""mean_area_m2"":88970.55419474965}]"
point_only:NEX326-methods:arm-04/gmm_kernel,point_only,NEX326-methods,arm-04/gmm_kernel,computed,300,30,0,"{""success"":30}","[297.0,305.0]",240.35040611885617,2.181852673563739,"[{""coverage_rate"":0.0,""level"":0.5,""mean_area_m2"":124934.74996403958},{""coverage_rate"":0.3333333333333333,""level"":0.8,""mean_area_m2"":284894.83680561173},{""coverage_rate"":0.6666666666666666,""level"":0.9,""mean_area_m2"":404316.7313578392},{""coverage_rate"":0.8,""level"":0.95,""mean_area_m2"":528914.1337748938}]"
point_only:NEX326-methods:arm-04/gmm_kernel,point_only,NEX326-methods,arm-04/gmm_kernel,computed,900,30,0,"{""success"":30}","[899.0,910.0]",602.5602597547417,3.220748385897384,"[{""coverage_rate"":0.0,""level"":0.5,""mean_area_m2"":400527.64437073993},{""coverage_rate"":0.0,""level"":0.8,""mean_area_m2"":934715.6435801632},{""coverage_rate"":0.1,""level"":0.9,""mean_area_m2"":1346080.668004146},{""coverage_rate"":0.3333333333333333,""level"":0.95,""mean_area_m2"":1757097.7647679613}]"
point_only:NEX326-methods:arm-04/gmm_kernel,point_only,NEX326-methods,arm-04/gmm_kernel,computed,1800,30,0,"{""success"":30}","[1792.0,1805.0]",870.6175525912489,3.9704093114777246,"[{""coverage_rate"":0.0,""level"":0.5,""mean_area_m2"":936824.6268998805},{""coverage_rate"":0.4,""level"":0.8,""mean_area_m2"":2183270.5076279314},{""coverage_rate"":0.5,""level"":0.9,""mean_area_m2"":3109663.5612973836},{""coverage_rate"":0.5,""level"":0.95,""mean_area_m2"":4073167.6935509345}]"
point_only:NEX326-methods:arm-05/explicit_decomp,point_only,NEX326-methods,arm-05/explicit_decomp,computed,60,30,0,"{""success"":30}","[50.0,67.0]",51.07876287457221,1.3022858292504345,"[{""coverage_rate"":0.3333333333333333,""level"":0.5,""mean_area_m2"":12122.219898727437},{""coverage_rate"":0.7333333333333333,""level"":0.8,""mean_area_m2"":28582.065018492718},{""coverage_rate"":0.9,""level"":0.9,""mean_area_m2"":40985.393200548475},{""coverage_rate"":1.0,""level"":0.95,""mean_area_m2"":53340.3544264491}]"
point_only:NEX326-methods:arm-05/explicit_decomp,point_only,NEX326-methods,arm-05/explicit_decomp,computed,300,30,0,"{""success"":30}","[297.0,305.0]",259.7318300206144,1.718186796280489,"[{""coverage_rate"":0.13333333333333333,""level"":0.5,""mean_area_m2"":66013.77550687238},{""coverage_rate"":0.16666666666666666,""level"":0.8,""mean_area_m2"":156290.14190469804},{""coverage_rate"":0.16666666666666666,""level"":0.9,""mean_area_m2"":224766.92297863532},{""coverage_rate"":0.16666666666666666,""level"":0.95,""mean_area_m2"":293382.0498173662}]"
point_only:NEX326-methods:arm-05/explicit_decomp,point_only,NEX326-methods,arm-05/explicit_decomp,computed,900,30,0,"{""success"":30}","[899.0,910.0]",643.1474920106034,2.6907508059324625,"[{""coverage_rate"":0.0,""level"":0.5,""mean_area_m2"":214190.72752352292},{""coverage_rate"":0.2,""level"":0.8,""mean_area_m2"":511594.3501407497},{""coverage_rate"":0.5,""level"":0.9,""mean_area_m2"":764562.9732259185},{""coverage_rate"":0.5,""level"":0.95,""mean_area_m2"":1062421.3754648766}]"
point_only:NEX326-methods:arm-05/explicit_decomp,point_only,NEX326-methods,arm-05/explicit_decomp,computed,1800,30,0,"{""success"":30}","[1792.0,1805.0]",1260.3056841493578,3.373785477832635,"[{""coverage_rate"":0.0,""level"":0.5,""mean_area_m2"":454983.66316160996},{""coverage_rate"":0.16666666666666666,""level"":0.8,""mean_area_m2"":1103414.4512865203},{""coverage_rate"":0.23333333333333334,""level"":0.9,""mean_area_m2"":1692711.0696007356},{""coverage_rate"":0.3333333333333333,""level"":0.95,""mean_area_m2"":2585734.9066477767}]"
point_only:NEX326-methods:arm-06/dt120,point_only,NEX326-methods,arm-06/dt120,computed,60,30,0,"{""success"":30}","[50.0,67.0]",52.807055782365545,1.3908390537212678,"[{""coverage_rate"":0.5,""level"":0.5,""mean_area_m2"":22423.390762922318},{""coverage_rate"":1.0,""level"":0.8,""mean_area_m2"":52683.620090062745},{""coverage_rate"":1.0,""level"":0.9,""mean_area_m2"":74316.58076596256},{""coverage_rate"":1.0,""level"":0.95,""mean_area_m2"":97238.20860025077}]"
point_only:NEX326-methods:arm-06/dt120,point_only,NEX326-methods,arm-06/dt120,computed,300,30,0,"{""success"":30}","[297.0,305.0]",238.4526579868061,2.317814855587478,"[{""coverage_rate"":0.0,""level"":0.5,""mean_area_m2"":148035.34280048616},{""coverage_rate"":0.4666666666666667,""level"":0.8,""mean_area_m2"":333915.12175896607},{""coverage_rate"":0.6666666666666666,""level"":0.9,""mean_area_m2"":470548.7995251028},{""coverage_rate"":0.8333333333333334,""level"":0.95,""mean_area_m2"":616972.9296986059}]"
point_only:NEX326-methods:arm-06/dt120,point_only,NEX326-methods,arm-06/dt120,computed,900,30,0,"{""success"":30}","[899.0,910.0]",576.8241657086561,3.6187088183759655,"[{""coverage_rate"":0.0,""level"":0.5,""mean_area_m2"":706248.7019081325},{""coverage_rate"":0.03333333333333333,""level"":0.8,""mean_area_m2"":1466869.368141904},{""coverage_rate"":0.5333333333333333,""level"":0.9,""mean_area_m2"":1996539.23754037},{""coverage_rate"":0.8333333333333334,""level"":0.95,""mean_area_m2"":2527673.990552206}]"
point_only:NEX326-methods:arm-06/dt120,point_only,NEX326-methods,arm-06/dt120,computed,1800,30,0,"{""success"":30}","[1792.0,1805.0]",817.2997955385792,4.53009246528004,"[{""coverage_rate"":0.3333333333333333,""level"":0.5,""mean_area_m2"":2344953.2635629857},{""coverage_rate"":0.5,""level"":0.8,""mean_area_m2"":4410995.762740106},{""coverage_rate"":0.6333333333333333,""level"":0.9,""mean_area_m2"":5776111.69075263},{""coverage_rate"":0.8333333333333334,""level"":0.95,""mean_area_m2"":7159095.30627305}]"
point_only:NEX326-methods:arm-06/dt30,point_only,NEX326-methods,arm-06/dt30,computed,60,30,0,"{""success"":30}","[50.0,67.0]",53.07491084719318,1.3832499472837438,"[{""coverage_rate"":0.3333333333333333,""level"":0.5,""mean_area_m2"":7266.424137609624},{""coverage_rate"":0.36666666666666664,""level"":0.8,""mean_area_m2"":17032.85002904917},{""coverage_rate"":0.5666666666666667,""level"":0.9,""mean_area_m2"":24303.80638615729},{""coverage_rate"":0.9,""level"":0.95,""mean_area_m2"":31742.94804426063}]"
point_only:NEX326-methods:arm-06/dt30,point_only,NEX326-methods,arm-06/dt30,computed,300,30,0,"{""success"":30}","[297.0,305.0]",261.9619699194535,1.6168985022252287,"[{""coverage_rate"":0.0,""level"":0.5,""mean_area_m2"":66501.71985728094},{""coverage_rate"":0.0,""level"":0.8,""mean_area_m2"":139368.4514228929},{""coverage_rate"":0.0,""level"":0.9,""mean_area_m2"":191011.87945473442},{""coverage_rate"":0.1,""level"":0.95,""mean_area_m2"":240677.77749700486}]"
point_only:NEX326-methods:arm-06/dt30,point_only,NEX326-methods,arm-06/dt30,computed,900,30,0,"{""success"":30}","[899.0,910.0]",618.5963228312814,2.9456735560776224,"[{""coverage_rate"":0.0,""level"":0.5,""mean_area_m2"":441106.5612352879},{""coverage_rate"":0.0,""level"":0.8,""mean_area_m2"":787717.9217687928},{""coverage_rate"":0.0,""level"":0.9,""mean_area_m2"":1012958.0631759252},{""coverage_rate"":0.0,""level"":0.95,""mean_area_m2"":1223856.9688078398}]"
point_only:NEX326-methods:arm-06/dt30,point_only,NEX326-methods,arm-06/dt30,computed,1800,30,0,"{""success"":30}","[1792.0,1805.0]",855.4979609966978,3.769952723913354,"[{""coverage_rate"":0.0,""level"":0.5,""mean_area_m2"":1716283.3366455585},{""coverage_rate"":0.3333333333333333,""level"":0.8,""mean_area_m2"":2722882.5408306858},{""coverage_rate"":0.36666666666666664,""level"":0.9,""mean_area_m2"":3360623.020251077},{""coverage_rate"":0.5,""level"":0.95,""mean_area_m2"":3948668.377485431}]"
point_only:NEX326-methods:arm-06/dt300,point_only,NEX326-methods,arm-06/dt300,computed,60,30,0,"{""success"":30}","[50.0,67.0]",55.79940316540486,1.5309988255195686,"[{""coverage_rate"":1.0,""level"":0.5,""mean_area_m2"":44649.49951977642},{""coverage_rate"":1.0,""level"":0.8,""mean_area_m2"":104909.12629519751},{""coverage_rate"":1.0,""level"":0.9,""mean_area_m2"":149188.6971605174},{""coverage_rate"":1.0,""level"":0.95,""mean_area_m2"":199576.04517366952}]"
point_only:NEX326-methods:arm-06/dt300,point_only,NEX326-methods,arm-06/dt300,computed,300,30,0,"{""success"":30}","[297.0,305.0]",225.33614434414943,2.852250064460032,"[{""coverage_rate"":0.3,""level"":0.5,""mean_area_m2"":263146.27928317606},{""coverage_rate"":0.8666666666666667,""level"":0.8,""mean_area_m2"":626110.8669284817},{""coverage_rate"":1.0,""level"":0.9,""mean_area_m2"":899785.0600032841},{""coverage_rate"":1.0,""level"":0.95,""mean_area_m2"":1168745.3021882782}]"
point_only:NEX326-methods:arm-06/dt300,point_only,NEX326-methods,arm-06/dt300,computed,900,30,0,"{""success"":30}","[899.0,910.0]",546.0357265690703,4.051687483728658,"[{""coverage_rate"":0.0,""level"":0.5,""mean_area_m2"":1090916.0299135584},{""coverage_rate"":0.7333333333333333,""level"":0.8,""mean_area_m2"":2406569.6118970662},{""coverage_rate"":0.9666666666666667,""level"":0.9,""mean_area_m2"":3357209.555458467},{""coverage_rate"":1.0,""level"":0.95,""mean_area_m2"":4248899.66310713}]"
point_only:NEX326-methods:arm-06/dt300,point_only,NEX326-methods,arm-06/dt300,computed,1800,30,0,"{""success"":30}","[1792.0,1805.0]",796.6666606695172,4.8785193514437,"[{""coverage_rate"":0.5,""level"":0.5,""mean_area_m2"":3173040.8717887877},{""coverage_rate"":0.8,""level"":0.8,""mean_area_m2"":6558841.040585195},{""coverage_rate"":0.8333333333333334,""level"":0.9,""mean_area_m2"":8858896.579494985},{""coverage_rate"":1.0,""level"":0.95,""mean_area_m2"":11275849.412052225}]"
point_only:NEX326-methods:arm-06/dt60,point_only,NEX326-methods,arm-06/dt60,computed,60,30,0,"{""success"":30}","[50.0,67.0]",51.28183893385937,1.381885062612811,"[{""coverage_rate"":0.3333333333333333,""level"":0.5,""mean_area_m2"":12991.788653523254},{""coverage_rate"":0.8333333333333334,""level"":0.8,""mean_area_m2"":30223.14146277683},{""coverage_rate"":1.0,""level"":0.9,""mean_area_m2"":43734.276802481014},{""coverage_rate"":1.0,""level"":0.95,""mean_area_m2"":57752.522433280414}]"
point_only:NEX326-methods:arm-06/dt60,point_only,NEX326-methods,arm-06/dt60,computed,300,30,0,"{""success"":30}","[297.0,305.0]",250.47399107458313,1.9408591898096907,"[{""coverage_rate"":0.0,""level"":0.5,""mean_area_m2"":95333.64919215134},{""coverage_rate"":0.0,""level"":0.8,""mean_area_m2"":210433.8077520911},{""coverage_rate"":0.3,""level"":0.9,""mean_area_m2"":296049.1529034492},{""coverage_rate"":0.6,""level"":0.95,""mean_area_m2"":379347.7344042472}]"
point_only:NEX326-methods:arm-06/dt60,point_only,NEX326-methods,arm-06/dt60,computed,900,30,0,"{""success"":30}","[899.0,910.0]",594.953098685891,3.2883285456061073,"[{""coverage_rate"":0.0,""level"":0.5,""mean_area_m2"":536087.5453199706},{""coverage_rate"":0.0,""level"":0.8,""mean_area_m2"":1058415.0614117389},{""coverage_rate"":0.0,""level"":0.9,""mean_area_m2"":1405048.9956075805},{""coverage_rate"":0.26666666666666666,""level"":0.95,""mean_area_m2"":1737463.7036675848}]"
point_only:NEX326-methods:arm-06/dt60,point_only,NEX326-methods,arm-06/dt60,computed,1800,30,0,"{""success"":30}","[1792.0,1805.0]",836.5632346292615,4.2031000868860495,"[{""coverage_rate"":0.1,""level"":0.5,""mean_area_m2"":1952083.6950065373},{""coverage_rate"":0.4666666666666667,""level"":0.8,""mean_area_m2"":3413768.4937087535},{""coverage_rate"":0.5,""level"":0.9,""mean_area_m2"":4350086.666338684},{""coverage_rate"":0.5333333333333333,""level"":0.95,""mean_area_m2"":5273812.969443128}]"
point_only:NEX326-methods:arm-06/dt600,point_only,NEX326-methods,arm-06/dt600,computed,60,30,0,"{""success"":30}","[50.0,67.0]",62.221943810139855,1.7975012958050984,"[{""coverage_rate"":1.0,""level"":0.5,""mean_area_m2"":72463.97557369589},{""coverage_rate"":1.0,""level"":0.8,""mean_area_m2"":170375.1055781376},{""coverage_rate"":1.0,""level"":0.9,""mean_area_m2"":245595.09400562994},{""coverage_rate"":1.0,""level"":0.95,""mean_area_m2"":329159.397127702}]"
point_only:NEX326-methods:arm-06/dt600,point_only,NEX326-methods,arm-06/dt600,computed,300,30,0,"{""success"":30}","[297.0,305.0]",225.5769785901655,3.2415514495983078,"[{""coverage_rate"":0.6666666666666666,""level"":0.5,""mean_area_m2"":422517.45259206265},{""coverage_rate"":1.0,""level"":0.8,""mean_area_m2"":955730.1105076515},{""coverage_rate"":1.0,""level"":0.9,""mean_area_m2"":1374210.3896749231},{""coverage_rate"":1.0,""level"":0.95,""mean_area_m2"":1822076.2340610223}]"
point_only:NEX326-methods:arm-06/dt600,point_only,NEX326-methods,arm-06/dt600,computed,900,30,0,"{""success"":30}","[899.0,910.0]",529.7715440866425,4.404329453917873,"[{""coverage_rate"":0.26666666666666666,""level"":0.5,""mean_area_m2"":1630638.6604634007},{""coverage_rate"":0.9666666666666667,""level"":0.8,""mean_area_m2"":3620069.974111346},{""coverage_rate"":1.0,""level"":0.9,""mean_area_m2"":5083354.141132495},{""coverage_rate"":1.0,""level"":0.95,""mean_area_m2"":6574082.517907534}]"
point_only:NEX326-methods:arm-06/dt600,point_only,NEX326-methods,arm-06/dt600,computed,1800,30,0,"{""success"":30}","[1792.0,1805.0]",791.1161089978149,5.123173452764357,"[{""coverage_rate"":0.5333333333333333,""level"":0.5,""mean_area_m2"":4434477.993855425},{""coverage_rate"":0.8333333333333334,""level"":0.8,""mean_area_m2"":9305763.966552734},{""coverage_rate"":1.0,""level"":0.9,""mean_area_m2"":12765517.630687369},{""coverage_rate"":1.0,""level"":0.95,""mean_area_m2"":16279897.9980458}]"
point_only:NEX326-methods:arm-07/full,point_only,NEX326-methods,arm-07/full,computed,60,30,0,"{""success"":30}","[50.0,67.0]",51.83031496995634,1.3842643522436129,"[{""coverage_rate"":0.3333333333333333,""level"":0.5,""mean_area_m2"":12993.08655585343},{""coverage_rate"":0.7333333333333333,""level"":0.8,""mean_area_m2"":30191.026607177813},{""coverage_rate"":1.0,""level"":0.9,""mean_area_m2"":42289.82130019153},{""coverage_rate"":1.0,""level"":0.95,""mean_area_m2"":55443.87621530993}]"
point_only:NEX326-methods:arm-07/full,point_only,NEX326-methods,arm-07/full,computed,300,30,0,"{""success"":30}","[297.0,305.0]",252.19825155509977,1.936151393782995,"[{""coverage_rate"":0.0,""level"":0.5,""mean_area_m2"":93015.80119463077},{""coverage_rate"":0.0,""level"":0.8,""mean_area_m2"":209837.30463760585},{""coverage_rate"":0.36666666666666664,""level"":0.9,""mean_area_m2"":294175.01179526397},{""coverage_rate"":0.6666666666666666,""level"":0.95,""mean_area_m2"":373965.441678831}]"
point_only:NEX326-methods:arm-07/full,point_only,NEX326-methods,arm-07/full,computed,900,30,0,"{""success"":30}","[899.0,910.0]",599.956994113517,3.277699067828642,"[{""coverage_rate"":0.0,""level"":0.5,""mean_area_m2"":532258.5252036953},{""coverage_rate"":0.0,""level"":0.8,""mean_area_m2"":1053567.6295353977},{""coverage_rate"":0.0,""level"":0.9,""mean_area_m2"":1404215.650640692},{""coverage_rate"":0.16666666666666666,""level"":0.95,""mean_area_m2"":1734321.7339794205}]"
point_only:NEX326-methods:arm-07/full,point_only,NEX326-methods,arm-07/full,computed,1800,30,0,"{""success"":30}","[1792.0,1805.0]",834.4808931794718,4.195363396202725,"[{""coverage_rate"":0.1,""level"":0.5,""mean_area_m2"":1960187.2420872035},{""coverage_rate"":0.5,""level"":0.8,""mean_area_m2"":3375292.3922600704},{""coverage_rate"":0.5,""level"":0.9,""mean_area_m2"":4316573.164006594},{""coverage_rate"":0.5333333333333333,""level"":0.95,""mean_area_m2"":5178229.399473387}]"
point_only:NEX326-methods:arm-08/qmle,point_only,NEX326-methods,arm-08/qmle,computed,60,30,0,"{""success"":30}","[50.0,67.0]",51.59356906048016,1.3830292457212212,"[{""coverage_rate"":0.3333333333333333,""level"":0.5,""mean_area_m2"":12725.649460484308},{""coverage_rate"":0.7333333333333333,""level"":0.8,""mean_area_m2"":29248.162503596388},{""coverage_rate"":1.0,""level"":0.9,""mean_area_m2"":42819.20528655757},{""coverage_rate"":1.0,""level"":0.95,""mean_area_m2"":55279.78611184098}]"
point_only:NEX326-methods:arm-08/qmle,point_only,NEX326-methods,arm-08/qmle,computed,300,30,0,"{""success"":30}","[297.0,305.0]",249.83792783881398,1.9293306131621428,"[{""coverage_rate"":0.0,""level"":0.5,""mean_area_m2"":94295.19288968101},{""coverage_rate"":0.0,""level"":0.8,""mean_area_m2"":209019.04364421676},{""coverage_rate"":0.3333333333333333,""level"":0.9,""mean_area_m2"":289379.705385228},{""coverage_rate"":0.6333333333333333,""level"":0.95,""mean_area_m2"":374098.84186132473}]"
point_only:NEX326-methods:arm-08/qmle,point_only,NEX326-methods,arm-08/qmle,computed,900,30,0,"{""success"":30}","[899.0,910.0]",598.126505312174,3.2707659259134725,"[{""coverage_rate"":0.0,""level"":0.5,""mean_area_m2"":530063.7447816442},{""coverage_rate"":0.0,""level"":0.8,""mean_area_m2"":1031675.2979876192},{""coverage_rate"":0.0,""level"":0.9,""mean_area_m2"":1369456.9918983397},{""coverage_rate"":0.16666666666666666,""level"":0.95,""mean_area_m2"":1709632.3021976275}]"
point_only:NEX326-methods:arm-08/qmle,point_only,NEX326-methods,arm-08/qmle,computed,1800,30,0,"{""success"":30}","[1792.0,1805.0]",831.9488457084826,4.187680123886325,"[{""coverage_rate"":0.1,""level"":0.5,""mean_area_m2"":1930065.4386026596},{""coverage_rate"":0.43333333333333335,""level"":0.8,""mean_area_m2"":3337530.556987278},{""coverage_rate"":0.5,""level"":0.9,""mean_area_m2"":4234955.053306411},{""coverage_rate"":0.5666666666666667,""level"":0.95,""mean_area_m2"":5119464.30265799}]"
point_only:NEX326-methods:arm-09/mixed,point_only,NEX326-methods,arm-09/mixed,computed,60,30,0,"{""success"":30}","[50.0,67.0]",51.94325051537022,1.3830638002102886,"[{""coverage_rate"":0.3333333333333333,""level"":0.5,""mean_area_m2"":12570.389693816604},{""coverage_rate"":0.7,""level"":0.8,""mean_area_m2"":29643.979983040997},{""coverage_rate"":1.0,""level"":0.9,""mean_area_m2"":41782.775256961824},{""coverage_rate"":1.0,""level"":0.95,""mean_area_m2"":55069.7109814559}]"
point_only:NEX326-methods:arm-09/mixed,point_only,NEX326-methods,arm-09/mixed,computed,300,30,0,"{""success"":30}","[297.0,305.0]",251.42348756308476,1.9287549899282221,"[{""coverage_rate"":0.0,""level"":0.5,""mean_area_m2"":92551.30327723194},{""coverage_rate"":0.03333333333333333,""level"":0.8,""mean_area_m2"":207115.34333584917},{""coverage_rate"":0.3333333333333333,""level"":0.9,""mean_area_m2"":289131.70786094415},{""coverage_rate"":0.6,""level"":0.95,""mean_area_m2"":367651.91031267744}]"
point_only:NEX326-methods:arm-09/mixed,point_only,NEX326-methods,arm-09/mixed,computed,900,30,0,"{""success"":30}","[899.0,910.0]",606.9384723268028,3.261586037289963,"[{""coverage_rate"":0.0,""level"":0.5,""mean_area_m2"":506895.71151000785},{""coverage_rate"":0.0,""level"":0.8,""mean_area_m2"":1015507.1225326433},{""coverage_rate"":0.0,""level"":0.9,""mean_area_m2"":1338798.3026600105},{""coverage_rate"":0.16666666666666666,""level"":0.95,""mean_area_m2"":1672997.5611586843}]"
point_only:NEX326-methods:arm-09/mixed,point_only,NEX326-methods,arm-09/mixed,computed,1800,30,0,"{""success"":30}","[1792.0,1805.0]",858.6507221073274,4.218126974391084,"[{""coverage_rate"":0.13333333333333333,""level"":0.5,""mean_area_m2"":1848264.8339469614},{""coverage_rate"":0.5,""level"":0.8,""mean_area_m2"":3298525.966822588},{""coverage_rate"":0.5,""level"":0.9,""mean_area_m2"":4211072.563060587},{""coverage_rate"":0.5,""level"":0.95,""mean_area_m2"":5145987.030366082}]"
point_only:NEX326-methods:arm-09/pure_es,point_only,NEX326-methods,arm-09/pure_es,computed,60,30,0,"{""success"":30}","[50.0,67.0]",51.62241297097449,1.3829821587076216,"[{""coverage_rate"":0.3333333333333333,""level"":0.5,""mean_area_m2"":12413.022138855358},{""coverage_rate"":0.7666666666666667,""level"":0.8,""mean_area_m2"":29439.25487500223},{""coverage_rate"":1.0,""level"":0.9,""mean_area_m2"":42951.712256857245},{""coverage_rate"":1.0,""level"":0.95,""mean_area_m2"":56575.288414705414}]"
point_only:NEX326-methods:arm-09/pure_es,point_only,NEX326-methods,arm-09/pure_es,computed,300,30,0,"{""success"":30}","[297.0,305.0]",250.33274073064229,1.9180246916348758,"[{""coverage_rate"":0.0,""level"":0.5,""mean_area_m2"":91238.55737861087},{""coverage_rate"":0.0,""level"":0.8,""mean_area_m2"":204270.82492556327},{""coverage_rate"":0.3333333333333333,""level"":0.9,""mean_area_m2"":288316.54597321484},{""coverage_rate"":0.6,""level"":0.95,""mean_area_m2"":368257.1159914852}]"
point_only:NEX326-methods:arm-09/pure_es,point_only,NEX326-methods,arm-09/pure_es,computed,900,30,0,"{""success"":30}","[899.0,910.0]",600.2939880298997,3.2651981579347717,"[{""coverage_rate"":0.0,""level"":0.5,""mean_area_m2"":504650.3659086892},{""coverage_rate"":0.0,""level"":0.8,""mean_area_m2"":1003982.7207733147},{""coverage_rate"":0.0,""level"":0.9,""mean_area_m2"":1343636.7555486416},{""coverage_rate"":0.16666666666666666,""level"":0.95,""mean_area_m2"":1663614.537042369}]"
point_only:NEX326-methods:arm-09/pure_es,point_only,NEX326-methods,arm-09/pure_es,computed,1800,30,0,"{""success"":30}","[1792.0,1805.0]",856.9125854614161,4.214160786637268,"[{""coverage_rate"":0.2,""level"":0.5,""mean_area_m2"":1862604.0465368377},{""coverage_rate"":0.5,""level"":0.8,""mean_area_m2"":3299383.1373601845},{""coverage_rate"":0.5,""level"":0.9,""mean_area_m2"":4228024.424181642},{""coverage_rate"":0.5,""level"":0.95,""mean_area_m2"":5155339.613675787}]"
point_only:NEX326-methods:arm-10/d2_closed,point_only,NEX326-methods,arm-10/d2_closed,computed,60,30,0,"{""success"":30}","[50.0,67.0]",51.83031496995634,1.3842643522436129,"[{""coverage_rate"":0.3333333333333333,""level"":0.5,""mean_area_m2"":12993.08655585343},{""coverage_rate"":0.7333333333333333,""level"":0.8,""mean_area_m2"":30191.026607177813},{""coverage_rate"":1.0,""level"":0.9,""mean_area_m2"":42289.82130019153},{""coverage_rate"":1.0,""level"":0.95,""mean_area_m2"":55443.87621530993}]"
point_only:NEX326-methods:arm-10/d2_closed,point_only,NEX326-methods,arm-10/d2_closed,computed,300,30,0,"{""success"":30}","[297.0,305.0]",252.19825155509977,1.936151393782995,"[{""coverage_rate"":0.0,""level"":0.5,""mean_area_m2"":93015.80119463077},{""coverage_rate"":0.0,""level"":0.8,""mean_area_m2"":209837.30463760585},{""coverage_rate"":0.36666666666666664,""level"":0.9,""mean_area_m2"":294175.01179526397},{""coverage_rate"":0.6666666666666666,""level"":0.95,""mean_area_m2"":373965.441678831}]"
point_only:NEX326-methods:arm-10/d2_closed,point_only,NEX326-methods,arm-10/d2_closed,computed,900,30,0,"{""success"":30}","[899.0,910.0]",599.956994113517,3.277699067828642,"[{""coverage_rate"":0.0,""level"":0.5,""mean_area_m2"":532258.5252036953},{""coverage_rate"":0.0,""level"":0.8,""mean_area_m2"":1053567.6295353977},{""coverage_rate"":0.0,""level"":0.9,""mean_area_m2"":1404215.650640692},{""coverage_rate"":0.16666666666666666,""level"":0.95,""mean_area_m2"":1734321.7339794205}]"
point_only:NEX326-methods:arm-10/d2_closed,point_only,NEX326-methods,arm-10/d2_closed,computed,1800,30,0,"{""success"":30}","[1792.0,1805.0]",834.4808931794718,4.195363396202725,"[{""coverage_rate"":0.1,""level"":0.5,""mean_area_m2"":1960187.2420872035},{""coverage_rate"":0.5,""level"":0.8,""mean_area_m2"":3375292.3922600704},{""coverage_rate"":0.5,""level"":0.9,""mean_area_m2"":4316573.164006594},{""coverage_rate"":0.5333333333333333,""level"":0.95,""mean_area_m2"":5178229.399473387}]"
point_only:NEX326-methods:arm-10/d2_mc,point_only,NEX326-methods,arm-10/d2_mc,computed,60,30,0,"{""success"":30}","[50.0,67.0]",51.83031496995634,1.3842643522436129,"[{""coverage_rate"":0.3333333333333333,""level"":0.5,""mean_area_m2"":12993.08655585343},{""coverage_rate"":0.7333333333333333,""level"":0.8,""mean_area_m2"":30191.026607177813},{""coverage_rate"":1.0,""level"":0.9,""mean_area_m2"":42289.82130019153},{""coverage_rate"":1.0,""level"":0.95,""mean_area_m2"":55443.87621530993}]"
point_only:NEX326-methods:arm-10/d2_mc,point_only,NEX326-methods,arm-10/d2_mc,computed,300,30,0,"{""success"":30}","[297.0,305.0]",252.19825155509977,1.936151393782995,"[{""coverage_rate"":0.0,""level"":0.5,""mean_area_m2"":93015.80119463077},{""coverage_rate"":0.0,""level"":0.8,""mean_area_m2"":209837.30463760585},{""coverage_rate"":0.36666666666666664,""level"":0.9,""mean_area_m2"":294175.01179526397},{""coverage_rate"":0.6666666666666666,""level"":0.95,""mean_area_m2"":373965.441678831}]"
point_only:NEX326-methods:arm-10/d2_mc,point_only,NEX326-methods,arm-10/d2_mc,computed,900,30,0,"{""success"":30}","[899.0,910.0]",599.956994113517,3.277699067828642,"[{""coverage_rate"":0.0,""level"":0.5,""mean_area_m2"":532258.5252036953},{""coverage_rate"":0.0,""level"":0.8,""mean_area_m2"":1053567.6295353977},{""coverage_rate"":0.0,""level"":0.9,""mean_area_m2"":1404215.650640692},{""coverage_rate"":0.16666666666666666,""level"":0.95,""mean_area_m2"":1734321.7339794205}]"
point_only:NEX326-methods:arm-10/d2_mc,point_only,NEX326-methods,arm-10/d2_mc,computed,1800,30,0,"{""success"":30}","[1792.0,1805.0]",834.4808931794718,4.195363396202725,"[{""coverage_rate"":0.1,""level"":0.5,""mean_area_m2"":1960187.2420872035},{""coverage_rate"":0.5,""level"":0.8,""mean_area_m2"":3375292.3922600704},{""coverage_rate"":0.5,""level"":0.9,""mean_area_m2"":4316573.164006594},{""coverage_rate"":0.5333333333333333,""level"":0.95,""mean_area_m2"":5178229.399473387}]"
point_only:NEX326-methods:arm-11/full,point_only,NEX326-methods,arm-11/full,computed,60,30,0,"{""success"":30}","[50.0,67.0]",51.466792487441374,1.3828266254787096,"[{""coverage_rate"":0.3333333333333333,""level"":0.5,""mean_area_m2"":12824.553441138674},{""coverage_rate"":0.7333333333333333,""level"":0.8,""mean_area_m2"":29589.036068911526},{""coverage_rate"":1.0,""level"":0.9,""mean_area_m2"":42903.72974157014},{""coverage_rate"":1.0,""level"":0.95,""mean_area_m2"":55669.32491734027}]"
point_only:NEX326-methods:arm-11/full,point_only,NEX326-methods,arm-11/full,computed,300,30,0,"{""success"":30}","[297.0,305.0]",251.6151738176588,1.9381312718288974,"[{""coverage_rate"":0.0,""level"":0.5,""mean_area_m2"":94923.17557808389},{""coverage_rate"":0.0,""level"":0.8,""mean_area_m2"":214730.8091599523},{""coverage_rate"":0.3333333333333333,""level"":0.9,""mean_area_m2"":293935.1092908132},{""coverage_rate"":0.6666666666666666,""level"":0.95,""mean_area_m2"":378739.24963680265}]"
point_only:NEX326-methods:arm-11/full,point_only,NEX326-methods,arm-11/full,computed,900,30,0,"{""success"":30}","[899.0,910.0]",600.6112027361959,3.284198410502916,"[{""coverage_rate"":0.0,""level"":0.5,""mean_area_m2"":545677.7736844373},{""coverage_rate"":0.0,""level"":0.8,""mean_area_m2"":1046328.1818878186},{""coverage_rate"":0.0,""level"":0.9,""mean_area_m2"":1391007.7567894612},{""coverage_rate"":0.2,""level"":0.95,""mean_area_m2"":1722332.4414101376}]"
point_only:NEX326-methods:arm-11/full,point_only,NEX326-methods,arm-11/full,computed,1800,30,0,"{""success"":30}","[1792.0,1805.0]",835.4829649226575,4.196379471671353,"[{""coverage_rate"":0.06666666666666667,""level"":0.5,""mean_area_m2"":1974242.56347009},{""coverage_rate"":0.43333333333333335,""level"":0.8,""mean_area_m2"":3428207.110751936},{""coverage_rate"":0.5,""level"":0.9,""mean_area_m2"":4347748.238025408},{""coverage_rate"":0.5,""level"":0.95,""mean_area_m2"":5213427.829400635}]"
point_only:NEX326-methods:arm-12/scratch,point_only,NEX326-methods,arm-12/scratch,computed,60,30,0,"{""success"":30}","[50.0,67.0]",51.70136001996413,1.3824886931530442,"[{""coverage_rate"":0.3333333333333333,""level"":0.5,""mean_area_m2"":12847.399622888313},{""coverage_rate"":0.7666666666666667,""level"":0.8,""mean_area_m2"":29779.256889140914},{""coverage_rate"":1.0,""level"":0.9,""mean_area_m2"":42897.43025947295},{""coverage_rate"":1.0,""level"":0.95,""mean_area_m2"":55858.2193218562}]"
point_only:NEX326-methods:arm-12/scratch,point_only,NEX326-methods,arm-12/scratch,computed,300,30,0,"{""success"":30}","[297.0,305.0]",254.1925855049658,1.9535474575535023,"[{""coverage_rate"":0.0,""level"":0.5,""mean_area_m2"":98118.36490707082},{""coverage_rate"":0.0,""level"":0.8,""mean_area_m2"":215302.99397938818},{""coverage_rate"":0.3,""level"":0.9,""mean_area_m2"":301517.68769405165},{""coverage_rate"":0.6333333333333333,""level"":0.95,""mean_area_m2"":387238.08283355454}]"
point_only:NEX326-methods:arm-12/scratch,point_only,NEX326-methods,arm-12/scratch,computed,900,30,0,"{""success"":30}","[899.0,910.0]",604.2294584630265,3.304969871463546,"[{""coverage_rate"":0.0,""level"":0.5,""mean_area_m2"":577585.9423952792},{""coverage_rate"":0.0,""level"":0.8,""mean_area_m2"":1097158.4705472614},{""coverage_rate"":0.03333333333333333,""level"":0.9,""mean_area_m2"":1455914.9086372242},{""coverage_rate"":0.3,""level"":0.95,""mean_area_m2"":1799618.7877840565}]"
point_only:NEX326-methods:arm-12/scratch,point_only,NEX326-methods,arm-12/scratch,computed,1800,30,0,"{""success"":30}","[1792.0,1805.0]",859.7820770703122,4.202787255101977,"[{""coverage_rate"":0.03333333333333333,""level"":0.5,""mean_area_m2"":2104431.3242582795},{""coverage_rate"":0.43333333333333335,""level"":0.8,""mean_area_m2"":3570760.7329822243},{""coverage_rate"":0.5,""level"":0.9,""mean_area_m2"":4535649.740092167},{""coverage_rate"":0.6,""level"":0.95,""mean_area_m2"":5481823.412055222}]"
point_only:NEX326-methods:arm-14/reptile,point_only,NEX326-methods,arm-14/reptile,computed,60,30,0,"{""success"":30}","[50.0,67.0]",51.42310701977689,1.3824789698973023,"[{""coverage_rate"":0.3333333333333333,""level"":0.5,""mean_area_m2"":13129.360140510136},{""coverage_rate"":0.7666666666666667,""level"":0.8,""mean_area_m2"":30716.541332781657},{""coverage_rate"":1.0,""level"":0.9,""mean_area_m2"":43953.621387120555},{""coverage_rate"":1.0,""level"":0.95,""mean_area_m2"":56973.185917280134}]"
point_only:NEX326-methods:arm-14/reptile,point_only,NEX326-methods,arm-14/reptile,computed,300,30,0,"{""success"":30}","[297.0,305.0]",253.1572834766411,1.9242455603575215,"[{""coverage_rate"":0.0,""level"":0.5,""mean_area_m2"":91277.42650839969},{""coverage_rate"":0.0,""level"":0.8,""mean_area_m2"":208849.5955726141},{""coverage_rate"":0.3333333333333333,""level"":0.9,""mean_area_m2"":288577.4473267929},{""coverage_rate"":0.6666666666666666,""level"":0.95,""mean_area_m2"":369526.3090682498}]"
point_only:NEX326-methods:arm-14/reptile,point_only,NEX326-methods,arm-14/reptile,computed,900,30,0,"{""success"":30}","[899.0,910.0]",612.4554484235493,3.220364418826869,"[{""coverage_rate"":0.0,""level"":0.5,""mean_area_m2"":488899.4767827198},{""coverage_rate"":0.0,""level"":0.8,""mean_area_m2"":977017.525182366},{""coverage_rate"":0.0,""level"":0.9,""mean_area_m2"":1309774.570873054},{""coverage_rate"":0.1,""level"":0.95,""mean_area_m2"":1622782.0589002206}]"
point_only:NEX326-methods:arm-14/reptile,point_only,NEX326-methods,arm-14/reptile,computed,1800,30,0,"{""success"":30}","[1792.0,1805.0]",859.208509257778,4.160068527739533,"[{""coverage_rate"":0.0,""level"":0.5,""mean_area_m2"":1708003.7180694053},{""coverage_rate"":0.3333333333333333,""level"":0.8,""mean_area_m2"":3115007.793303572},{""coverage_rate"":0.36666666666666664,""level"":0.9,""mean_area_m2"":4015428.0917885527},{""coverage_rate"":0.6,""level"":0.95,""mean_area_m2"":4882631.082425277}]"
point_only:NEX326-methods:arm-15/drift_only,point_only,NEX326-methods,arm-15/drift_only,computed,60,30,0,"{""success"":30}","[50.0,67.0]",51.92061605242589,1.3828232398634865,"[{""coverage_rate"":0.3333333333333333,""level"":0.5,""mean_area_m2"":12703.018461171632},{""coverage_rate"":0.8333333333333334,""level"":0.8,""mean_area_m2"":30358.640288235743},{""coverage_rate"":1.0,""level"":0.9,""mean_area_m2"":42842.312500205386},{""coverage_rate"":1.0,""level"":0.95,""mean_area_m2"":55760.18595539746}]"
point_only:NEX326-methods:arm-15/drift_only,point_only,NEX326-methods,arm-15/drift_only,computed,300,30,0,"{""success"":30}","[297.0,305.0]",250.4914913194301,1.9289381480151304,"[{""coverage_rate"":0.0,""level"":0.5,""mean_area_m2"":95357.11928384652},{""coverage_rate"":0.0,""level"":0.8,""mean_area_m2"":209642.57685470788},{""coverage_rate"":0.3333333333333333,""level"":0.9,""mean_area_m2"":290648.91077543225},{""coverage_rate"":0.6333333333333333,""level"":0.95,""mean_area_m2"":375516.2420062907}]"
point_only:NEX326-methods:arm-15/drift_only,point_only,NEX326-methods,arm-15/drift_only,computed,900,30,0,"{""success"":30}","[899.0,910.0]",595.2819905147426,3.2808243613369448,"[{""coverage_rate"":0.0,""level"":0.5,""mean_area_m2"":535984.464404865},{""coverage_rate"":0.0,""level"":0.8,""mean_area_m2"":1046595.8075105337},{""coverage_rate"":0.0,""level"":0.9,""mean_area_m2"":1395894.569402228},{""coverage_rate"":0.23333333333333334,""level"":0.95,""mean_area_m2"":1738396.1905063533}]"
point_only:NEX326-methods:arm-15/drift_only,point_only,NEX326-methods,arm-15/drift_only,computed,1800,30,0,"{""success"":30}","[1792.0,1805.0]",833.2934093952539,4.193841193609981,"[{""coverage_rate"":0.03333333333333333,""level"":0.5,""mean_area_m2"":1955298.0703925465},{""coverage_rate"":0.4666666666666667,""level"":0.8,""mean_area_m2"":3405033.368002505},{""coverage_rate"":0.5,""level"":0.9,""mean_area_m2"":4350527.790051973},{""coverage_rate"":0.5333333333333333,""level"":0.95,""mean_area_m2"":5256752.344312919}]"
point_only:NEX326-methods:arm-15/two_step,point_only,NEX326-methods,arm-15/two_step,computed,60,30,0,"{""success"":30}","[50.0,67.0]",51.65044967169646,1.3826870387311225,"[{""coverage_rate"":0.3333333333333333,""level"":0.5,""mean_area_m2"":12934.610825951002},{""coverage_rate"":0.8,""level"":0.8,""mean_area_m2"":29459.49529253032},{""coverage_rate"":1.0,""level"":0.9,""mean_area_m2"":42352.55317086387},{""coverage_rate"":1.0,""level"":0.95,""mean_area_m2"":55758.81913601972}]"
point_only:NEX326-methods:arm-15/two_step,point_only,NEX326-methods,arm-15/two_step,computed,300,30,0,"{""success"":30}","[297.0,305.0]",251.4116276196002,1.934090311593192,"[{""coverage_rate"":0.0,""level"":0.5,""mean_area_m2"":94692.49739254384},{""coverage_rate"":0.0,""level"":0.8,""mean_area_m2"":210344.45864922326},{""coverage_rate"":0.36666666666666664,""level"":0.9,""mean_area_m2"":294563.69164749974},{""coverage_rate"":0.6666666666666666,""level"":0.95,""mean_area_m2"":377104.02385280037}]"
point_only:NEX326-methods:arm-15/two_step,point_only,NEX326-methods,arm-15/two_step,computed,900,30,0,"{""success"":30}","[899.0,910.0]",595.5213947717426,3.291707331780102,"[{""coverage_rate"":0.0,""level"":0.5,""mean_area_m2"":543575.6763781889},{""coverage_rate"":0.0,""level"":0.8,""mean_area_m2"":1069679.0153847605},{""coverage_rate"":0.0,""level"":0.9,""mean_area_m2"":1410397.6175187526},{""coverage_rate"":0.3,""level"":0.95,""mean_area_m2"":1740615.3794108839}]"
point_only:NEX326-methods:arm-15/two_step,point_only,NEX326-methods,arm-15/two_step,computed,1800,30,0,"{""success"":30}","[1792.0,1805.0]",830.7600296868634,4.210590171837667,"[{""coverage_rate"":0.06666666666666667,""level"":0.5,""mean_area_m2"":1967611.6151525439},{""coverage_rate"":0.4666666666666667,""level"":0.8,""mean_area_m2"":3416760.3717913167},{""coverage_rate"":0.5,""level"":0.9,""mean_area_m2"":4361407.396132898},{""coverage_rate"":0.5333333333333333,""level"":0.95,""mean_area_m2"":5296201.413061417}]"
point_only:NEX326-methods:arm-16/full,point_only,NEX326-methods,arm-16/full,computed,60,30,0,"{""success"":30}","[50.0,67.0]",51.48837674070351,1.3835153640535154,"[{""coverage_rate"":0.3333333333333333,""level"":0.5,""mean_area_m2"":12787.500888402294},{""coverage_rate"":0.7333333333333333,""level"":0.8,""mean_area_m2"":29828.915809167975},{""coverage_rate"":1.0,""level"":0.9,""mean_area_m2"":42599.39072234891},{""coverage_rate"":1.0,""level"":0.95,""mean_area_m2"":55811.436610221164}]"
point_only:NEX326-methods:arm-16/full,point_only,NEX326-methods,arm-16/full,computed,300,30,0,"{""success"":30}","[297.0,305.0]",250.6058102320291,1.930392141006066,"[{""coverage_rate"":0.0,""level"":0.5,""mean_area_m2"":93782.4315337873},{""coverage_rate"":0.0,""level"":0.8,""mean_area_m2"":209539.04611395253},{""coverage_rate"":0.36666666666666664,""level"":0.9,""mean_area_m2"":292343.35053594975},{""coverage_rate"":0.6333333333333333,""level"":0.95,""mean_area_m2"":370325.42799659265}]"
point_only:NEX326-methods:arm-16/full,point_only,NEX326-methods,arm-16/full,computed,900,30,0,"{""success"":30}","[899.0,910.0]",602.7110918106895,3.278177591816451,"[{""coverage_rate"":0.0,""level"":0.5,""mean_area_m2"":535559.8097482387},{""coverage_rate"":0.0,""level"":0.8,""mean_area_m2"":1040415.3438936416},{""coverage_rate"":0.0,""level"":0.9,""mean_area_m2"":1388799.4143364136},{""coverage_rate"":0.16666666666666666,""level"":0.95,""mean_area_m2"":1720036.463535964}]"
point_only:NEX326-methods:arm-16/full,point_only,NEX326-methods,arm-16/full,computed,1800,30,0,"{""success"":30}","[1792.0,1805.0]",841.7543107474643,4.194531739559118,"[{""coverage_rate"":0.03333333333333333,""level"":0.5,""mean_area_m2"":1953505.979067634},{""coverage_rate"":0.4666666666666667,""level"":0.8,""mean_area_m2"":3394025.956023699},{""coverage_rate"":0.5,""level"":0.9,""mean_area_m2"":4277119.044962275},{""coverage_rate"":0.5,""level"":0.95,""mean_area_m2"":5102465.367611527}]"
point_only:NEX326-methods:arm-18/full,point_only,NEX326-methods,arm-18/full,computed,60,30,0,"{""success"":30}","[50.0,67.0]",51.97600549220742,1.382873524955322,"[{""coverage_rate"":0.3333333333333333,""level"":0.5,""mean_area_m2"":12678.346992701727},{""coverage_rate"":0.7333333333333333,""level"":0.8,""mean_area_m2"":29586.15331638284},{""coverage_rate"":1.0,""level"":0.9,""mean_area_m2"":42887.86187512407},{""coverage_rate"":1.0,""level"":0.95,""mean_area_m2"":55629.16169680292}]"
point_only:NEX326-methods:arm-18/full,point_only,NEX326-methods,arm-18/full,computed,300,30,0,"{""success"":30}","[297.0,305.0]",249.968510414307,1.9312270169452412,"[{""coverage_rate"":0.0,""level"":0.5,""mean_area_m2"":94010.5580215097},{""coverage_rate"":0.03333333333333333,""level"":0.8,""mean_area_m2"":210262.54717724866},{""coverage_rate"":0.36666666666666664,""level"":0.9,""mean_area_m2"":295505.6784243349},{""coverage_rate"":0.6333333333333333,""level"":0.95,""mean_area_m2"":379683.85027824703}]"
point_only:NEX326-methods:arm-18/full,point_only,NEX326-methods,arm-18/full,computed,900,30,0,"{""success"":30}","[899.0,910.0]",596.1005100353924,3.277862940282034,"[{""coverage_rate"":0.0,""level"":0.5,""mean_area_m2"":535729.9333820414},{""coverage_rate"":0.0,""level"":0.8,""mean_area_m2"":1049620.3400591542},{""coverage_rate"":0.0,""level"":0.9,""mean_area_m2"":1377446.4876378912},{""coverage_rate"":0.23333333333333334,""level"":0.95,""mean_area_m2"":1720426.0903165163}]"
point_only:NEX326-methods:arm-18/full,point_only,NEX326-methods,arm-18/full,computed,1800,30,0,"{""success"":30}","[1792.0,1805.0]",833.2347920038559,4.191836914405099,"[{""coverage_rate"":0.06666666666666667,""level"":0.5,""mean_area_m2"":1954780.8797414117},{""coverage_rate"":0.43333333333333335,""level"":0.8,""mean_area_m2"":3397689.360124736},{""coverage_rate"":0.5,""level"":0.9,""mean_area_m2"":4327971.706397763},{""coverage_rate"":0.5,""level"":0.95,""mean_area_m2"":5160651.369967085}]"
point_only:NEX326-methods:arm-19/em,point_only,NEX326-methods,arm-19/em,computed,60,30,0,"{""success"":30}","[50.0,67.0]",51.977249194979954,1.3828487272786327,"[{""coverage_rate"":0.3333333333333333,""level"":0.5,""mean_area_m2"":12670.568996537213},{""coverage_rate"":0.7333333333333333,""level"":0.8,""mean_area_m2"":29569.17786126268},{""coverage_rate"":1.0,""level"":0.9,""mean_area_m2"":42861.58015225755},{""coverage_rate"":1.0,""level"":0.95,""mean_area_m2"":55599.16186332081}]"
point_only:NEX326-methods:arm-19/em,point_only,NEX326-methods,arm-19/em,computed,300,30,0,"{""success"":30}","[297.0,305.0]",249.9839140331077,1.9307388126546463,"[{""coverage_rate"":0.0,""level"":0.5,""mean_area_m2"":93965.1872704574},{""coverage_rate"":0.03333333333333333,""level"":0.8,""mean_area_m2"":210149.76792544042},{""coverage_rate"":0.36666666666666664,""level"":0.9,""mean_area_m2"":295347.9013930683},{""coverage_rate"":0.6333333333333333,""level"":0.95,""mean_area_m2"":379495.3193924992}]"
point_only:NEX326-methods:arm-19/em,point_only,NEX326-methods,arm-19/em,computed,900,30,0,"{""success"":30}","[899.0,910.0]",596.1416318419336,3.277247158184756,"[{""coverage_rate"":0.0,""level"":0.5,""mean_area_m2"":535505.794705605},{""coverage_rate"":0.0,""level"":0.8,""mean_area_m2"":1049180.9503967671},{""coverage_rate"":0.0,""level"":0.9,""mean_area_m2"":1376741.268084147},{""coverage_rate"":0.23333333333333334,""level"":0.95,""mean_area_m2"":1719673.3843170644}]"
point_only:NEX326-methods:arm-19/em,point_only,NEX326-methods,arm-19/em,computed,1800,30,0,"{""success"":30}","[1792.0,1805.0]",833.281764443824,4.191320966087798,"[{""coverage_rate"":0.06666666666666667,""level"":0.5,""mean_area_m2"":1953972.6809895327},{""coverage_rate"":0.43333333333333335,""level"":0.8,""mean_area_m2"":3395931.5912328316},{""coverage_rate"":0.5,""level"":0.9,""mean_area_m2"":4325574.560381916},{""coverage_rate"":0.5,""level"":0.95,""mean_area_m2"":5158080.283241705}]"
point_only:NEX326-methods:arm-19/euler,point_only,NEX326-methods,arm-19/euler,computed,60,30,0,"{""success"":30}","[50.0,67.0]",51.977249194979954,1.3828487272786327,"[{""coverage_rate"":0.3333333333333333,""level"":0.5,""mean_area_m2"":12670.568996537213},{""coverage_rate"":0.7333333333333333,""level"":0.8,""mean_area_m2"":29569.17786126268},{""coverage_rate"":1.0,""level"":0.9,""mean_area_m2"":42861.58015225755},{""coverage_rate"":1.0,""level"":0.95,""mean_area_m2"":55599.16186332081}]"
point_only:NEX326-methods:arm-19/euler,point_only,NEX326-methods,arm-19/euler,computed,300,30,0,"{""success"":30}","[297.0,305.0]",249.9839140331077,1.9307388126546463,"[{""coverage_rate"":0.0,""level"":0.5,""mean_area_m2"":93965.1872704574},{""coverage_rate"":0.03333333333333333,""level"":0.8,""mean_area_m2"":210149.76792544042},{""coverage_rate"":0.36666666666666664,""level"":0.9,""mean_area_m2"":295347.9013930683},{""coverage_rate"":0.6333333333333333,""level"":0.95,""mean_area_m2"":379495.3193924992}]"
point_only:NEX326-methods:arm-19/euler,point_only,NEX326-methods,arm-19/euler,computed,900,30,0,"{""success"":30}","[899.0,910.0]",596.1416318419336,3.277247158184756,"[{""coverage_rate"":0.0,""level"":0.5,""mean_area_m2"":535505.794705605},{""coverage_rate"":0.0,""level"":0.8,""mean_area_m2"":1049180.9503967671},{""coverage_rate"":0.0,""level"":0.9,""mean_area_m2"":1376741.268084147},{""coverage_rate"":0.23333333333333334,""level"":0.95,""mean_area_m2"":1719673.3843170644}]"
point_only:NEX326-methods:arm-19/euler,point_only,NEX326-methods,arm-19/euler,computed,1800,30,0,"{""success"":30}","[1792.0,1805.0]",833.281764443824,4.191320966087798,"[{""coverage_rate"":0.06666666666666667,""level"":0.5,""mean_area_m2"":1953972.6809895327},{""coverage_rate"":0.43333333333333335,""level"":0.8,""mean_area_m2"":3395931.5912328316},{""coverage_rate"":0.5,""level"":0.9,""mean_area_m2"":4325574.560381916},{""coverage_rate"":0.5,""level"":0.95,""mean_area_m2"":5158080.283241705}]"
point_only:NEX326-methods:arm-20/full,point_only,NEX326-methods,arm-20/full,computed,60,30,0,"{""success"":30}","[50.0,67.0]",51.55976832112518,1.3831818361380357,"[{""coverage_rate"":0.3333333333333333,""level"":0.5,""mean_area_m2"":13182.878824116367},{""coverage_rate"":0.8,""level"":0.8,""mean_area_m2"":30476.72999937736},{""coverage_rate"":1.0,""level"":0.9,""mean_area_m2"":43217.90479098901},{""coverage_rate"":1.0,""level"":0.95,""mean_area_m2"":57186.604539139444}]"
point_only:NEX326-methods:arm-20/full,point_only,NEX326-methods,arm-20/full,computed,300,30,0,"{""success"":30}","[297.0,305.0]",251.2982671997256,1.9306666151361032,"[{""coverage_rate"":0.0,""level"":0.5,""mean_area_m2"":94356.07503385334},{""coverage_rate"":0.0,""level"":0.8,""mean_area_m2"":210100.50578228096},{""coverage_rate"":0.36666666666666664,""level"":0.9,""mean_area_m2"":293132.00868364546},{""coverage_rate"":0.6666666666666666,""level"":0.95,""mean_area_m2"":374435.2202809022}]"
point_only:NEX326-methods:arm-20/full,point_only,NEX326-methods,arm-20/full,computed,900,30,0,"{""success"":30}","[899.0,910.0]",594.1548822854131,3.285937607959775,"[{""coverage_rate"":0.0,""level"":0.5,""mean_area_m2"":537893.0301141889},{""coverage_rate"":0.0,""level"":0.8,""mean_area_m2"":1048945.093621186},{""coverage_rate"":0.0,""level"":0.9,""mean_area_m2"":1393965.6270310134},{""coverage_rate"":0.13333333333333333,""level"":0.95,""mean_area_m2"":1740325.73438763}]"
point_only:NEX326-methods:arm-20/full,point_only,NEX326-methods,arm-20/full,computed,1800,30,0,"{""success"":30}","[1792.0,1805.0]",836.5269225288162,4.197897808355655,"[{""coverage_rate"":0.1,""level"":0.5,""mean_area_m2"":1950553.4411614018},{""coverage_rate"":0.4,""level"":0.8,""mean_area_m2"":3413356.7531875563},{""coverage_rate"":0.5,""level"":0.9,""mean_area_m2"":4346956.251915615},{""coverage_rate"":0.5,""level"":0.95,""mean_area_m2"":5243462.043975328}]"
point_only:NEX326-methods:arm-21/crn,point_only,NEX326-methods,arm-21/crn,computed,60,30,0,"{""success"":30}","[50.0,67.0]",51.55976781126126,1.3831818361380357,"[{""coverage_rate"":0.3333333333333333,""level"":0.5,""mean_area_m2"":13182.879437905021},{""coverage_rate"":0.8,""level"":0.8,""mean_area_m2"":30476.723554998654},{""coverage_rate"":1.0,""level"":0.9,""mean_area_m2"":43217.91017466281},{""coverage_rate"":1.0,""level"":0.95,""mean_area_m2"":57186.59619200408}]"
point_only:NEX326-methods:arm-21/crn,point_only,NEX326-methods,arm-21/crn,computed,300,30,0,"{""success"":30}","[297.0,305.0]",251.29824905100625,1.9306666151361032,"[{""coverage_rate"":0.0,""level"":0.5,""mean_area_m2"":94356.08144365394},{""coverage_rate"":0.0,""level"":0.8,""mean_area_m2"":210100.3888133803},{""coverage_rate"":0.36666666666666664,""level"":0.9,""mean_area_m2"":293132.0212184377},{""coverage_rate"":0.6666666666666666,""level"":0.95,""mean_area_m2"":374435.3354163239}]"
point_only:NEX326-methods:arm-21/crn,point_only,NEX326-methods,arm-21/crn,computed,900,30,0,"{""success"":30}","[899.0,910.0]",594.1547987787475,3.285937607959775,"[{""coverage_rate"":0.0,""level"":0.5,""mean_area_m2"":537895.3470666572},{""coverage_rate"":0.0,""level"":0.8,""mean_area_m2"":1048944.5799502248},{""coverage_rate"":0.0,""level"":0.9,""mean_area_m2"":1393966.2652455312},{""coverage_rate"":0.13333333333333333,""level"":0.95,""mean_area_m2"":1740320.5822244084}]"
point_only:NEX326-methods:arm-21/crn,point_only,NEX326-methods,arm-21/crn,computed,1800,30,0,"{""success"":30}","[1792.0,1805.0]",836.5269306714417,4.197897808355655,"[{""coverage_rate"":0.1,""level"":0.5,""mean_area_m2"":1950557.7551648875},{""coverage_rate"":0.4,""level"":0.8,""mean_area_m2"":3413339.9875224093},{""coverage_rate"":0.5,""level"":0.9,""mean_area_m2"":4346973.762866122},{""coverage_rate"":0.5,""level"":0.95,""mean_area_m2"":5243507.827108387}]"
point_only:NEX326-methods:arm-21/mc,point_only,NEX326-methods,arm-21/mc,computed,60,30,0,"{""success"":30}","[50.0,67.0]",51.1562257043576,1.3830299242904154,"[{""coverage_rate"":0.3333333333333333,""level"":0.5,""mean_area_m2"":12906.094488165932},{""coverage_rate"":0.7666666666666667,""level"":0.8,""mean_area_m2"":30364.78145483383},{""coverage_rate"":1.0,""level"":0.9,""mean_area_m2"":43095.9335122555},{""coverage_rate"":1.0,""level"":0.95,""mean_area_m2"":56353.20576487794}]"
point_only:NEX326-methods:arm-21/mc,point_only,NEX326-methods,arm-21/mc,computed,300,30,0,"{""success"":30}","[297.0,305.0]",251.66882751558634,1.9376850203069536,"[{""coverage_rate"":0.0,""level"":0.5,""mean_area_m2"":93760.24781754486},{""coverage_rate"":0.0,""level"":0.8,""mean_area_m2"":212012.01680367626},{""coverage_rate"":0.36666666666666664,""level"":0.9,""mean_area_m2"":297554.5858281585},{""coverage_rate"":0.6666666666666666,""level"":0.95,""mean_area_m2"":374761.08511424606}]"
point_only:NEX326-methods:arm-21/mc,point_only,NEX326-methods,arm-21/mc,computed,900,30,0,"{""success"":30}","[899.0,910.0]",599.9125822511916,3.279453088258551,"[{""coverage_rate"":0.0,""level"":0.5,""mean_area_m2"":525655.754735828},{""coverage_rate"":0.0,""level"":0.8,""mean_area_m2"":1040603.2836939368},{""coverage_rate"":0.0,""level"":0.9,""mean_area_m2"":1399852.8159680117},{""coverage_rate"":0.3,""level"":0.95,""mean_area_m2"":1721710.9429394335}]"
point_only:NEX326-methods:arm-21/mc,point_only,NEX326-methods,arm-21/mc,computed,1800,30,0,"{""success"":30}","[1792.0,1805.0]",836.7704524664441,4.18657840889091,"[{""coverage_rate"":0.1,""level"":0.5,""mean_area_m2"":1916482.4847078472},{""coverage_rate"":0.43333333333333335,""level"":0.8,""mean_area_m2"":3363088.3745067897},{""coverage_rate"":0.5,""level"":0.9,""mean_area_m2"":4299581.878800254},{""coverage_rate"":0.6,""level"":0.95,""mean_area_m2"":5172880.254116253}]"
point_only:inertial:all,point_only,inertial,all,computed,60,6,0,"{""success"":6}","[50.0,67.0]",75.94254910079914,0.0,"[{""coverage_rate"":0.0,""level"":0.5,""mean_area_m2"":0.0},{""coverage_rate"":0.0,""level"":0.8,""mean_area_m2"":0.0},{""coverage_rate"":0.0,""level"":0.9,""mean_area_m2"":0.0},{""coverage_rate"":0.0,""level"":0.95,""mean_area_m2"":0.0}]"
point_only:inertial:all,point_only,inertial,all,computed,300,6,0,"{""success"":6}","[297.0,305.0]",346.40829344351476,0.0,"[{""coverage_rate"":0.0,""level"":0.5,""mean_area_m2"":0.0},{""coverage_rate"":0.0,""level"":0.8,""mean_area_m2"":0.0},{""coverage_rate"":0.0,""level"":0.9,""mean_area_m2"":0.0},{""coverage_rate"":0.0,""level"":0.95,""mean_area_m2"":0.0}]"
point_only:inertial:all,point_only,inertial,all,computed,900,6,0,"{""success"":6}","[899.0,910.0]",826.9376712861958,0.0,"[{""coverage_rate"":0.0,""level"":0.5,""mean_area_m2"":0.0},{""coverage_rate"":0.0,""level"":0.8,""mean_area_m2"":0.0},{""coverage_rate"":0.0,""level"":0.9,""mean_area_m2"":0.0},{""coverage_rate"":0.0,""level"":0.95,""mean_area_m2"":0.0}]"
point_only:inertial:all,point_only,inertial,all,computed,1800,6,0,"{""success"":6}","[1792.0,1805.0]",1183.1319296921172,0.0,"[{""coverage_rate"":0.0,""level"":0.5,""mean_area_m2"":0.0},{""coverage_rate"":0.0,""level"":0.8,""mean_area_m2"":0.0},{""coverage_rate"":0.0,""level"":0.9,""mean_area_m2"":0.0},{""coverage_rate"":0.0,""level"":0.95,""mean_area_m2"":0.0}]"
point_only:terrain:all-terrain,point_only,terrain,all-terrain,computed,60,30,0,"{""success"":30}","[50.0,67.0]",49.79702247070602,1.334230366890978,"[{""coverage_rate"":0.5,""level"":0.5,""mean_area_m2"":16700.5305615945},{""coverage_rate"":0.7333333333333333,""level"":0.8,""mean_area_m2"":28178.35929162311},{""coverage_rate"":0.8333333333333334,""level"":0.9,""mean_area_m2"":35869.92765980948},{""coverage_rate"":0.9666666666666667,""level"":0.95,""mean_area_m2"":43203.57990964931}]"
point_only:terrain:all-terrain,point_only,terrain,all-terrain,computed,300,30,0,"{""success"":30}","[297.0,305.0]",222.51124441803083,2.3364247417938317,"[{""coverage_rate"":0.3333333333333333,""level"":0.5,""mean_area_m2"":207381.28561043096},{""coverage_rate"":0.6,""level"":0.8,""mean_area_m2"":398303.63204187166},{""coverage_rate"":0.6666666666666666,""level"":0.9,""mean_area_m2"":578079.0164966757},{""coverage_rate"":0.8666666666666667,""level"":0.95,""mean_area_m2"":761740.7385126733}]"
point_only:terrain:all-terrain,point_only,terrain,all-terrain,computed,900,30,0,"{""success"":30}","[899.0,910.0]",529.7886353473745,3.5155827628932608,"[{""coverage_rate"":0.3333333333333333,""level"":0.5,""mean_area_m2"":753372.125851856},{""coverage_rate"":0.36666666666666664,""level"":0.8,""mean_area_m2"":1755267.0083256715},{""coverage_rate"":0.8333333333333334,""level"":0.9,""mean_area_m2"":2535574.579431204},{""coverage_rate"":0.8333333333333334,""level"":0.95,""mean_area_m2"":3366294.1917339195}]"
point_only:terrain:all-terrain,point_only,terrain,all-terrain,computed,1800,30,0,"{""success"":30}","[1792.0,1805.0]",877.620004434316,4.180827997032156,"[{""coverage_rate"":0.16666666666666666,""level"":0.5,""mean_area_m2"":1593737.5392279027},{""coverage_rate"":0.6333333333333333,""level"":0.8,""mean_area_m2"":3835662.0713248425},{""coverage_rate"":0.6666666666666666,""level"":0.9,""mean_area_m2"":5775593.968357441},{""coverage_rate"":0.8333333333333334,""level"":0.95,""mean_area_m2"":7774048.835360696}]"
point_only:terrain:base,point_only,terrain,base,computed,60,30,0,"{""success"":30}","[50.0,67.0]",51.45880379297321,1.3744065690405938,"[{""coverage_rate"":0.36666666666666664,""level"":0.5,""mean_area_m2"":18391.20695853675},{""coverage_rate"":0.8333333333333334,""level"":0.8,""mean_area_m2"":30232.97580195439},{""coverage_rate"":1.0,""level"":0.9,""mean_area_m2"":38004.775726075415},{""coverage_rate"":1.0,""level"":0.95,""mean_area_m2"":45671.75401822567}]"
point_only:terrain:base,point_only,terrain,base,computed,300,30,0,"{""success"":30}","[297.0,305.0]",240.39320345899694,2.5500404838736785,"[{""coverage_rate"":0.1,""level"":0.5,""mean_area_m2"":262654.4600829052},{""coverage_rate"":0.6666666666666666,""level"":0.8,""mean_area_m2"":458141.22296981886},{""coverage_rate"":0.7,""level"":0.9,""mean_area_m2"":579503.6909594614},{""coverage_rate"":0.9666666666666667,""level"":0.95,""mean_area_m2"":717307.709127245}]"
point_only:terrain:base,point_only,terrain,base,computed,900,30,0,"{""success"":30}","[899.0,910.0]",597.5590208513628,3.7809002735823416,"[{""coverage_rate"":0.06666666666666667,""level"":0.5,""mean_area_m2"":858476.9916712773},{""coverage_rate"":0.3333333333333333,""level"":0.8,""mean_area_m2"":1904817.6127124585},{""coverage_rate"":0.6666666666666666,""level"":0.9,""mean_area_m2"":2637834.4098170856},{""coverage_rate"":0.7,""level"":0.95,""mean_area_m2"":3315312.0644462015}]"
point_only:terrain:base,point_only,terrain,base,computed,1800,30,0,"{""success"":30}","[1792.0,1805.0]",1029.8883467481335,4.434088792340687,"[{""coverage_rate"":0.16666666666666666,""level"":0.5,""mean_area_m2"":1733598.5723239677},{""coverage_rate"":0.16666666666666666,""level"":0.8,""mean_area_m2"":3991393.8311697734},{""coverage_rate"":0.5666666666666667,""level"":0.9,""mean_area_m2"":5616449.913670799},{""coverage_rate"":0.6666666666666666,""level"":0.95,""mean_area_m2"":7409954.203896696}]"
point_only:terrain:lio-river,point_only,terrain,lio-river,computed,60,30,0,"{""success"":30}","[50.0,67.0]",49.42014590904609,1.3719970589133317,"[{""coverage_rate"":0.5333333333333333,""level"":0.5,""mean_area_m2"":18294.569490431277},{""coverage_rate"":0.8333333333333334,""level"":0.8,""mean_area_m2"":30087.992010011887},{""coverage_rate"":0.9333333333333333,""level"":0.9,""mean_area_m2"":37626.96534396752},{""coverage_rate"":1.0,""level"":0.95,""mean_area_m2"":45171.62725182189}]"
point_only:terrain:lio-river,point_only,terrain,lio-river,computed,300,30,0,"{""success"":30}","[297.0,305.0]",225.67568136608483,2.5426163122230387,"[{""coverage_rate"":0.5,""level"":0.5,""mean_area_m2"":258256.87243301404},{""coverage_rate"":0.7,""level"":0.8,""mean_area_m2"":459720.5503050099},{""coverage_rate"":0.8333333333333334,""level"":0.9,""mean_area_m2"":591434.877310962},{""coverage_rate"":0.8333333333333334,""level"":0.95,""mean_area_m2"":723470.9938954982}]"
point_only:terrain:lio-river,point_only,terrain,lio-river,computed,900,30,0,"{""success"":30}","[899.0,910.0]",519.8601697153621,3.7725957062458035,"[{""coverage_rate"":0.3,""level"":0.5,""mean_area_m2"":887162.9942587629},{""coverage_rate"":0.6666666666666666,""level"":0.8,""mean_area_m2"":2003240.1072515287},{""coverage_rate"":0.6666666666666666,""level"":0.9,""mean_area_m2"":2798651.9976064777},{""coverage_rate"":0.8333333333333334,""level"":0.95,""mean_area_m2"":3607004.2202642863}]"
point_only:terrain:lio-river,point_only,terrain,lio-river,computed,1800,30,0,"{""success"":30}","[1792.0,1805.0]",897.9265591927326,4.390088496454761,"[{""coverage_rate"":0.16666666666666666,""level"":0.5,""mean_area_m2"":1802036.4105637344},{""coverage_rate"":0.3333333333333333,""level"":0.8,""mean_area_m2"":4330308.966222805},{""coverage_rate"":0.5333333333333333,""level"":0.9,""mean_area_m2"":6185562.932620225},{""coverage_rate"":0.7666666666666667,""level"":0.95,""mean_area_m2"":8225665.42308865}]"
point_only:terrain:lio-road,point_only,terrain,lio-road,computed,60,30,0,"{""success"":30}","[50.0,67.0]",53.30730838081238,1.3458185868775154,"[{""coverage_rate"":0.3333333333333333,""level"":0.5,""mean_area_m2"":17904.427456379068},{""coverage_rate"":0.7,""level"":0.8,""mean_area_m2"":29830.4547213707},{""coverage_rate"":0.9333333333333333,""level"":0.9,""mean_area_m2"":37473.01875011385},{""coverage_rate"":1.0,""level"":0.95,""mean_area_m2"":44989.139770858375}]"
point_only:terrain:lio-road,point_only,terrain,lio-road,computed,300,30,0,"{""success"":30}","[297.0,305.0]",246.40818249323377,2.454219284650463,"[{""coverage_rate"":0.16666666666666666,""level"":0.5,""mean_area_m2"":234082.01132544654},{""coverage_rate"":0.5,""level"":0.8,""mean_area_m2"":444340.65464141854},{""coverage_rate"":0.6666666666666666,""level"":0.9,""mean_area_m2"":596933.3932852413},{""coverage_rate"":0.8333333333333334,""level"":0.95,""mean_area_m2"":750058.8059191633}]"
point_only:terrain:lio-road,point_only,terrain,lio-road,computed,900,30,0,"{""success"":30}","[899.0,910.0]",636.5592029794068,3.5798480102850294,"[{""coverage_rate"":0.0,""level"":0.5,""mean_area_m2"":809237.8847852761},{""coverage_rate"":0.3333333333333333,""level"":0.8,""mean_area_m2"":1818219.9157957078},{""coverage_rate"":0.8333333333333334,""level"":0.9,""mean_area_m2"":2542578.27400571},{""coverage_rate"":0.8333333333333334,""level"":0.95,""mean_area_m2"":3262524.282177521}]"
point_only:terrain:lio-road,point_only,terrain,lio-road,computed,1800,30,0,"{""success"":30}","[1792.0,1805.0]",1060.225370307401,4.23818696915587,"[{""coverage_rate"":0.0,""level"":0.5,""mean_area_m2"":1544086.3478105147},{""coverage_rate"":0.3333333333333333,""level"":0.8,""mean_area_m2"":3920332.6668350375},{""coverage_rate"":0.6666666666666666,""level"":0.9,""mean_area_m2"":5712683.245134524},{""coverage_rate"":0.7666666666666667,""level"":0.95,""mean_area_m2"":7649599.369737744}]"
point_only:terrain:lio-surface,point_only,terrain,lio-surface,computed,60,30,0,"{""success"":30}","[50.0,67.0]",50.4538370243511,1.3704494464980082,"[{""coverage_rate"":0.36666666666666664,""level"":0.5,""mean_area_m2"":17950.196488474154},{""coverage_rate"":0.8333333333333334,""level"":0.8,""mean_area_m2"":29853.614603346345},{""coverage_rate"":1.0,""level"":0.9,""mean_area_m2"":37382.356877533406},{""coverage_rate"":1.0,""level"":0.95,""mean_area_m2"":45049.03790094823}]"
point_only:terrain:lio-surface,point_only,terrain,lio-surface,computed,300,30,0,"{""success"":30}","[297.0,305.0]",228.01791425672724,2.52071655085754,"[{""coverage_rate"":0.0,""level"":0.5,""mean_area_m2"":252623.3149098495},{""coverage_rate"":0.6666666666666666,""level"":0.8,""mean_area_m2"":441377.7612963199},{""coverage_rate"":1.0,""level"":0.9,""mean_area_m2"":567180.8135722402},{""coverage_rate"":1.0,""level"":0.95,""mean_area_m2"":690545.944593909}]"
point_only:terrain:lio-surface,point_only,terrain,lio-surface,computed,900,30,0,"{""success"":30}","[899.0,910.0]",563.8047211860928,3.734394750863433,"[{""coverage_rate"":0.0,""level"":0.5,""mean_area_m2"":786363.1593484828},{""coverage_rate"":0.6666666666666666,""level"":0.8,""mean_area_m2"":1806205.8975946398},{""coverage_rate"":0.6666666666666666,""level"":0.9,""mean_area_m2"":2521256.9849084965},{""coverage_rate"":0.8333333333333334,""level"":0.95,""mean_area_m2"":3213188.4553704457}]"
point_only:terrain:lio-surface,point_only,terrain,lio-surface,computed,1800,30,0,"{""success"":30}","[1792.0,1805.0]",902.3888987063106,4.418276498336754,"[{""coverage_rate"":0.03333333333333333,""level"":0.5,""mean_area_m2"":1735347.3769277765},{""coverage_rate"":0.5333333333333333,""level"":0.8,""mean_area_m2"":4052367.022927298},{""coverage_rate"":0.6666666666666666,""level"":0.9,""mean_area_m2"":5735313.582022079},{""coverage_rate"":0.6666666666666666,""level"":0.95,""mean_area_m2"":7404205.195885042}]"
point_only:terrain:lio-worldcover,point_only,terrain,lio-worldcover,computed,60,30,0,"{""success"":30}","[50.0,67.0]",51.41474543428933,1.3730426835774527,"[{""coverage_rate"":0.3333333333333333,""level"":0.5,""mean_area_m2"":18399.33708952979},{""coverage_rate"":0.8333333333333334,""level"":0.8,""mean_area_m2"":30238.57929168587},{""coverage_rate"":1.0,""level"":0.9,""mean_area_m2"":37874.73155668323},{""coverage_rate"":1.0,""level"":0.95,""mean_area_m2"":45435.257035486204}]"
point_only:terrain:lio-worldcover,point_only,terrain,lio-worldcover,computed,300,30,0,"{""success"":30}","[297.0,305.0]",244.14459651037933,2.529835862213123,"[{""coverage_rate"":0.2,""level"":0.5,""mean_area_m2"":257080.29004460745},{""coverage_rate"":0.6666666666666666,""level"":0.8,""mean_area_m2"":457575.8432437344},{""coverage_rate"":0.6666666666666666,""level"":0.9,""mean_area_m2"":578225.019091195},{""coverage_rate"":0.9333333333333333,""level"":0.95,""mean_area_m2"":704203.3830416395}]"
point_only:terrain:lio-worldcover,point_only,terrain,lio-worldcover,computed,900,30,0,"{""success"":30}","[899.0,910.0]",600.4047419691025,3.744928737675536,"[{""coverage_rate"":0.03333333333333333,""level"":0.5,""mean_area_m2"":827024.781646933},{""coverage_rate"":0.3333333333333333,""level"":0.8,""mean_area_m2"":1899337.6617845125},{""coverage_rate"":0.6333333333333333,""level"":0.9,""mean_area_m2"":2640868.2849730426},{""coverage_rate"":0.6666666666666666,""level"":0.95,""mean_area_m2"":3339084.934487428}]"
point_only:terrain:lio-worldcover,point_only,terrain,lio-worldcover,computed,1800,30,0,"{""success"":30}","[1792.0,1805.0]",1040.5185809291554,4.370978098991051,"[{""coverage_rate"":0.16666666666666666,""level"":0.5,""mean_area_m2"":1616398.0606616135},{""coverage_rate"":0.2,""level"":0.8,""mean_area_m2"":3860857.9436121015},{""coverage_rate"":0.6333333333333333,""level"":0.9,""mean_area_m2"":5597401.503706831},{""coverage_rate"":0.6666666666666666,""level"":0.95,""mean_area_m2"":7400458.081463291}]"
point_only:terrain:loo-river,point_only,terrain,loo-river,computed,60,30,0,"{""success"":30}","[50.0,67.0]",52.1004783852049,1.334517788443288,"[{""coverage_rate"":0.36666666666666664,""level"":0.5,""mean_area_m2"":16899.816796053023},{""coverage_rate"":0.6666666666666666,""level"":0.8,""mean_area_m2"":28493.26657192977},{""coverage_rate"":0.8333333333333334,""level"":0.9,""mean_area_m2"":36105.25209014018},{""coverage_rate"":1.0,""level"":0.95,""mean_area_m2"":43556.09126127336}]"
point_only:terrain:loo-river,point_only,terrain,loo-river,computed,300,30,0,"{""success"":30}","[297.0,305.0]",234.69396529081237,2.3488437963614968,"[{""coverage_rate"":0.3333333333333333,""level"":0.5,""mean_area_m2"":209102.21137147222},{""coverage_rate"":0.5,""level"":0.8,""mean_area_m2"":402590.7168647328},{""coverage_rate"":0.7333333333333333,""level"":0.9,""mean_area_m2"":570928.05156511},{""coverage_rate"":0.8333333333333334,""level"":0.95,""mean_area_m2"":737082.3634846311}]"
point_only:terrain:loo-river,point_only,terrain,loo-river,computed,900,30,0,"{""success"":30}","[899.0,910.0]",619.3835865443873,3.4832074984095316,"[{""coverage_rate"":0.0,""level"":0.5,""mean_area_m2"":736227.2113737564},{""coverage_rate"":0.5666666666666667,""level"":0.8,""mean_area_m2"":1722501.891596197},{""coverage_rate"":0.8333333333333334,""level"":0.9,""mean_area_m2"":2457166.427967919},{""coverage_rate"":0.8333333333333334,""level"":0.95,""mean_area_m2"":3179251.9050516016}]"
point_only:terrain:loo-river,point_only,terrain,loo-river,computed,1800,30,0,"{""success"":30}","[1792.0,1805.0]",1018.6206983811219,4.161994276818724,"[{""coverage_rate"":0.0,""level"":0.5,""mean_area_m2"":1561583.524446733},{""coverage_rate"":0.3333333333333333,""level"":0.8,""mean_area_m2"":3980430.6172484704},{""coverage_rate"":0.6,""level"":0.9,""mean_area_m2"":5671035.080692484},{""coverage_rate"":0.8333333333333334,""level"":0.95,""mean_area_m2"":7435236.014181734}]"
point_only:terrain:loo-road,point_only,terrain,loo-road,computed,60,30,0,"{""success"":30}","[50.0,67.0]",48.80550753238332,1.3579817937631387,"[{""coverage_rate"":0.5333333333333333,""level"":0.5,""mean_area_m2"":17760.140816143503},{""coverage_rate"":0.8333333333333334,""level"":0.8,""mean_area_m2"":29634.59154941498},{""coverage_rate"":0.9333333333333333,""level"":0.9,""mean_area_m2"":36985.27945701447},{""coverage_rate"":1.0,""level"":0.95,""mean_area_m2"":44390.86791468711}]"
point_only:terrain:loo-road,point_only,terrain,loo-road,computed,300,30,0,"{""success"":30}","[297.0,305.0]",228.54686166458,2.4307491128153917,"[{""coverage_rate"":0.16666666666666666,""level"":0.5,""mean_area_m2"":223421.38628076002},{""coverage_rate"":0.8,""level"":0.8,""mean_area_m2"":418127.80367118306},{""coverage_rate"":0.8333333333333334,""level"":0.9,""mean_area_m2"":561658.9064124029},{""coverage_rate"":0.8666666666666667,""level"":0.95,""mean_area_m2"":698215.6490135033}]"
point_only:terrain:loo-road,point_only,terrain,loo-road,computed,900,30,0,"{""success"":30}","[899.0,910.0]",506.26285858086163,3.5922374806305655,"[{""coverage_rate"":0.16666666666666666,""level"":0.5,""mean_area_m2"":744792.6523424071},{""coverage_rate"":0.4666666666666667,""level"":0.8,""mean_area_m2"":1693841.5623785001},{""coverage_rate"":0.8333333333333334,""level"":0.9,""mean_area_m2"":2475764.8809975744},{""coverage_rate"":0.8666666666666667,""level"":0.95,""mean_area_m2"":3239980.032484648}]"
point_only:terrain:loo-road,point_only,terrain,loo-road,computed,1800,30,0,"{""success"":30}","[1792.0,1805.0]",800.6361192247799,4.213366733424315,"[{""coverage_rate"":0.1,""level"":0.5,""mean_area_m2"":1536208.1724606035},{""coverage_rate"":0.5,""level"":0.8,""mean_area_m2"":3911578.251904676},{""coverage_rate"":0.6,""level"":0.9,""mean_area_m2"":5699008.363651305},{""coverage_rate"":0.8,""level"":0.95,""mean_area_m2"":7686086.868887614}]"
point_only:terrain:loo-surface,point_only,terrain,loo-surface,computed,60,30,0,"{""success"":30}","[50.0,67.0]",50.941662958582064,1.3434683327241146,"[{""coverage_rate"":0.4,""level"":0.5,""mean_area_m2"":16976.568403420093},{""coverage_rate"":0.8333333333333334,""level"":0.8,""mean_area_m2"":28517.562856220375},{""coverage_rate"":0.8333333333333334,""level"":0.9,""mean_area_m2"":36447.355381275076},{""coverage_rate"":0.9666666666666667,""level"":0.95,""mean_area_m2"":43619.58872255226}]"
point_only:terrain:loo-surface,point_only,terrain,loo-surface,computed,300,30,0,"{""success"":30}","[297.0,305.0]",235.81116941426697,2.381768702130133,"[{""coverage_rate"":0.2,""level"":0.5,""mean_area_m2"":223769.1732823001},{""coverage_rate"":0.6,""level"":0.8,""mean_area_m2"":434875.31475918426},{""coverage_rate"":0.7,""level"":0.9,""mean_area_m2"":591881.5687870912},{""coverage_rate"":0.8333333333333334,""level"":0.95,""mean_area_m2"":753985.2025736577}]"
point_only:terrain:loo-surface,point_only,terrain,loo-surface,computed,900,30,0,"{""success"":30}","[899.0,910.0]",578.1192343116018,3.5369948387874954,"[{""coverage_rate"":0.16666666666666666,""level"":0.5,""mean_area_m2"":826210.4522326135},{""coverage_rate"":0.5,""level"":0.8,""mean_area_m2"":1915937.1659648803},{""coverage_rate"":0.5333333333333333,""level"":0.9,""mean_area_m2"":2696198.4165403126},{""coverage_rate"":0.8333333333333334,""level"":0.95,""mean_area_m2"":3462423.6832259074}]"
point_only:terrain:loo-surface,point_only,terrain,loo-surface,computed,1800,30,0,"{""success"":30}","[1792.0,1805.0]",992.610164768395,4.171959023293879,"[{""coverage_rate"":0.0,""level"":0.5,""mean_area_m2"":1615566.5933120237},{""coverage_rate"":0.4,""level"":0.8,""mean_area_m2"":3945503.2770427885},{""coverage_rate"":0.5,""level"":0.9,""mean_area_m2"":5945822.1218892075},{""coverage_rate"":0.6333333333333333,""level"":0.95,""mean_area_m2"":7966195.087175507}]"
point_only:terrain:loo-worldcover,point_only,terrain,loo-worldcover,computed,60,30,0,"{""success"":30}","[50.0,67.0]",49.538457974431516,1.3437288592764545,"[{""coverage_rate"":0.5,""level"":0.5,""mean_area_m2"":17583.541182241916},{""coverage_rate"":0.8,""level"":0.8,""mean_area_m2"":29298.158946859312},{""coverage_rate"":0.8333333333333334,""level"":0.9,""mean_area_m2"":36771.84110564852},{""coverage_rate"":1.0,""level"":0.95,""mean_area_m2"":43893.663701872276}]"
point_only:terrain:loo-worldcover,point_only,terrain,loo-worldcover,computed,300,30,0,"{""success"":30}","[297.0,305.0]",214.7317774895406,2.4178145596756258,"[{""coverage_rate"":0.3333333333333333,""level"":0.5,""mean_area_m2"":221995.37415293563},{""coverage_rate"":0.6666666666666666,""level"":0.8,""mean_area_m2"":425477.8721073876},{""coverage_rate"":0.6666666666666666,""level"":0.9,""mean_area_m2"":594211.5440381642},{""coverage_rate"":0.9666666666666667,""level"":0.95,""mean_area_m2"":767860.96348599}]"
point_only:terrain:loo-worldcover,point_only,terrain,loo-worldcover,computed,900,30,0,"{""success"":30}","[899.0,910.0]",517.0031568059387,3.5344351753161254,"[{""coverage_rate"":0.3333333333333333,""level"":0.5,""mean_area_m2"":756534.5870175125},{""coverage_rate"":0.5,""level"":0.8,""mean_area_m2"":1789736.216726318},{""coverage_rate"":0.8333333333333334,""level"":0.9,""mean_area_m2"":2576239.8054546583},{""coverage_rate"":0.8333333333333334,""level"":0.95,""mean_area_m2"":3365608.0570856645}]"
point_only:terrain:loo-worldcover,point_only,terrain,loo-worldcover,computed,1800,30,0,"{""success"":30}","[1792.0,1805.0]",874.7261037092085,4.214735672103797,"[{""coverage_rate"":0.16666666666666666,""level"":0.5,""mean_area_m2"":1620115.3373497198},{""coverage_rate"":0.5,""level"":0.8,""mean_area_m2"":3958110.4366605775},{""coverage_rate"":0.7,""level"":0.9,""mean_area_m2"":5895996.08408632},{""coverage_rate"":0.8333333333333334,""level"":0.95,""mean_area_m2"":7864986.063612896}]"
