table_id,origin_mode,matrix,configuration,status,expected_forecasts,available_score_rows,missing_score_rows,counts_by_status,time_weighted_energy_score_m,ade_grid_mean_m,time_weighted_displacement_error_m,fde_m,path_energy_score_m,by_time
causal_prefix:NEX326-diagnostic:diagnostic/full-exact-kernel,causal_prefix,NEX326-diagnostic,diagnostic/full-exact-kernel,computed,230,230,0,"{""success"":230}",477.22254925118176,635.2263797449373,635.2263797449373,1324.9746862127608,611.4362770851734,"[{""actual_elapsed_seconds_range"":[49.0,67.0],""coverage"":[{""coverage_rate"":0.33043478260869563,""level"":0.5,""mean_area_m2"":13161.972651083564},{""coverage_rate"":0.8869565217391304,""level"":0.8,""mean_area_m2"":30600.71371009365},{""coverage_rate"":0.9565217391304348,""level"":0.9,""mean_area_m2"":43757.58537467432},{""coverage_rate"":0.9565217391304348,""level"":0.95,""mean_area_m2"":57303.86021987387}],""energy_score_m"":50.47575022264215,""nominal_seconds"":60,""position_entropy_nats"":1.3596733058413863},{""actual_elapsed_seconds_range"":[294.0,305.0],""coverage"":[{""coverage_rate"":0.06956521739130435,""level"":0.5,""mean_area_m2"":94450.62989259465},{""coverage_rate"":0.26521739130434785,""level"":0.8,""mean_area_m2"":209176.17512363003},{""coverage_rate"":0.3826086956521739,""level"":0.9,""mean_area_m2"":291996.25136599963},{""coverage_rate"":0.48695652173913045,""level"":0.95,""mean_area_m2"":375607.8217367924}],""energy_score_m"":242.54472638943844,""nominal_seconds"":300,""position_entropy_nats"":1.9194388140198126},{""actual_elapsed_seconds_range"":[889.0,910.0],""coverage"":[{""coverage_rate"":0.09130434782608696,""level"":0.5,""mean_area_m2"":537520.9274160537},{""coverage_rate"":0.24347826086956523,""level"":0.8,""mean_area_m2"":1060258.2720114065},{""coverage_rate"":0.32608695652173914,""level"":0.9,""mean_area_m2"":1406916.876463262},{""coverage_rate"":0.45217391304347826,""level"":0.95,""mean_area_m2"":1753551.0210080987}],""energy_score_m"":608.2991152832415,""nominal_seconds"":900,""position_entropy_nats"":3.2189435335938286},{""actual_elapsed_seconds_range"":[1785.0,1814.0],""coverage"":[{""coverage_rate"":0.34347826086956523,""level"":0.5,""mean_area_m2"":1994586.5992871383},{""coverage_rate"":0.3695652173913043,""level"":0.8,""mean_area_m2"":3558613.4148278995},{""coverage_rate"":0.45652173913043476,""level"":0.9,""mean_area_m2"":4551494.726550522},{""coverage_rate"":0.5173913043478261,""level"":0.95,""mean_area_m2"":5477448.846717694}],""energy_score_m"":1007.5706051094053,""nominal_seconds"":1800,""position_entropy_nats"":4.122182836515143}]"
causal_prefix:NEX326-methods:arm-01/full,causal_prefix,NEX326-methods,arm-01/full,computed,230,230,0,"{""success"":230}",477.8536696875933,636.1083738231829,636.1083738231829,1326.0918029570769,612.1424304613653,"[{""actual_elapsed_seconds_range"":[49.0,67.0],""coverage"":[{""coverage_rate"":0.33043478260869563,""level"":0.5,""mean_area_m2"":13047.523707194792},{""coverage_rate"":0.8739130434782608,""level"":0.8,""mean_area_m2"":30574.998204825584},{""coverage_rate"":0.9565217391304348,""level"":0.9,""mean_area_m2"":43615.82915665533},{""coverage_rate"":0.9652173913043478,""level"":0.95,""mean_area_m2"":56974.559343916764}],""energy_score_m"":50.569749444899905,""nominal_seconds"":60,""position_entropy_nats"":1.3612956897758868},{""actual_elapsed_seconds_range"":[294.0,305.0],""coverage"":[{""coverage_rate"":0.06521739130434782,""level"":0.5,""mean_area_m2"":94044.06900348778},{""coverage_rate"":0.2565217391304348,""level"":0.8,""mean_area_m2"":210061.2757065879},{""coverage_rate"":0.3782608695652174,""level"":0.9,""mean_area_m2"":294242.1552486306},{""coverage_rate"":0.5043478260869565,""level"":0.95,""mean_area_m2"":377548.9627645232}],""energy_score_m"":243.228509869058,""nominal_seconds"":300,""position_entropy_nats"":1.9187070448472194},{""actual_elapsed_seconds_range"":[889.0,910.0],""coverage"":[{""coverage_rate"":0.09565217391304348,""level"":0.5,""mean_area_m2"":538703.6250196926},{""coverage_rate"":0.24347826086956523,""level"":0.8,""mean_area_m2"":1061634.7094808016},{""coverage_rate"":0.3521739130434783,""level"":0.9,""mean_area_m2"":1415312.25368895},{""coverage_rate"":0.4391304347826087,""level"":0.95,""mean_area_m2"":1752518.9027769798}],""energy_score_m"":609.2671942332843,""nominal_seconds"":900,""position_entropy_nats"":3.223508893978943},{""actual_elapsed_seconds_range"":[1785.0,1814.0],""coverage"":[{""coverage_rate"":0.3347826086956522,""level"":0.5,""mean_area_m2"":2001613.1974139411},{""coverage_rate"":0.3739130434782609,""level"":0.8,""mean_area_m2"":3552234.7595854863},{""coverage_rate"":0.4652173913043478,""level"":0.9,""mean_area_m2"":4534038.789235507},{""coverage_rate"":0.5217391304347826,""level"":0.95,""mean_area_m2"":5495544.830147503}],""energy_score_m"":1008.349225203131,""nominal_seconds"":1800,""position_entropy_nats"":4.125728383046294}]"
causal_prefix:NEX326-methods:arm-02/pointwise,causal_prefix,NEX326-methods,arm-02/pointwise,computed,230,230,0,"{""success"":230}",510.80677775067153,635.2343103377295,635.2343103377295,1324.1769399266336,655.8333598145676,"[{""actual_elapsed_seconds_range"":[49.0,67.0],""coverage"":[{""coverage_rate"":0.3391304347826087,""level"":0.5,""mean_area_m2"":13106.149778816713},{""coverage_rate"":0.8913043478260869,""level"":0.8,""mean_area_m2"":30375.188336452284},{""coverage_rate"":0.9565217391304348,""level"":0.9,""mean_area_m2"":43284.88203633896},{""coverage_rate"":0.9565217391304348,""level"":0.95,""mean_area_m2"":56538.383791867855}],""energy_score_m"":50.365793140526385,""nominal_seconds"":60,""position_entropy_nats"":1.3597627717815182},{""actual_elapsed_seconds_range"":[294.0,305.0],""coverage"":[{""coverage_rate"":0.021739130434782608,""level"":0.5,""mean_area_m2"":67834.25930237329},{""coverage_rate"":0.1565217391304348,""level"":0.8,""mean_area_m2"":158732.5101441613},{""coverage_rate"":0.24782608695652175,""level"":0.9,""mean_area_m2"":226339.7554728904},{""coverage_rate"":0.391304347826087,""level"":0.95,""mean_area_m2"":296103.0731129539}],""energy_score_m"":249.10392563593734,""nominal_seconds"":300,""position_entropy_nats"":1.7335967627826654},{""actual_elapsed_seconds_range"":[889.0,910.0],""coverage"":[{""coverage_rate"":0.021739130434782608,""level"":0.5,""mean_area_m2"":217754.7553404203},{""coverage_rate"":0.06521739130434782,""level"":0.8,""mean_area_m2"":511404.57058482536},{""coverage_rate"":0.10869565217391304,""level"":0.9,""mean_area_m2"":730599.9987680922},{""coverage_rate"":0.1608695652173913,""level"":0.95,""mean_area_m2"":951229.561682905}],""energy_score_m"":652.0912113814785,""nominal_seconds"":900,""position_entropy_nats"":2.680380976181813},{""actual_elapsed_seconds_range"":[1785.0,1814.0],""coverage"":[{""coverage_rate"":0.06521739130434782,""level"":0.5,""mean_area_m2"":487856.7005602502},{""coverage_rate"":0.1565217391304348,""level"":0.8,""mean_area_m2"":1140674.4990201725},{""coverage_rate"":0.21739130434782608,""level"":0.9,""mean_area_m2"":1628930.172461981},{""coverage_rate"":0.3,""level"":0.95,""mean_area_m2"":2133880.9558384586}],""energy_score_m"":1091.666180844744,""nominal_seconds"":1800,""position_entropy_nats"":3.3925673827038505}]"
causal_prefix:NEX326-methods:arm-03/single_gaussian,causal_prefix,NEX326-methods,arm-03/single_gaussian,computed,230,230,0,"{""success"":230}",499.86740902569727,622.8875200868647,622.8875200868647,1316.4472029855613,648.3207237039751,"[{""actual_elapsed_seconds_range"":[49.0,67.0],""coverage"":[{""coverage_rate"":0.4,""level"":0.5,""mean_area_m2"":12822.477988312954},{""coverage_rate"":0.8478260869565217,""level"":0.8,""mean_area_m2"":29710.71233864293},{""coverage_rate"":0.9565217391304348,""level"":0.9,""mean_area_m2"":42440.60798328862},{""coverage_rate"":0.9565217391304348,""level"":0.95,""mean_area_m2"":55532.052024923}],""energy_score_m"":48.607105079728335,""nominal_seconds"":60,""position_entropy_nats"":1.3263726526036412},{""actual_elapsed_seconds_range"":[294.0,305.0],""coverage"":[{""coverage_rate"":0.030434782608695653,""level"":0.5,""mean_area_m2"":67210.65188568372},{""coverage_rate"":0.21739130434782608,""level"":0.8,""mean_area_m2"":157178.57295098176},{""coverage_rate"":0.3173913043478261,""level"":0.9,""mean_area_m2"":223989.80797667222},{""coverage_rate"":0.5130434782608696,""level"":0.95,""mean_area_m2"":292796.50189957715}],""energy_score_m"":237.81055947109985,""nominal_seconds"":300,""position_entropy_nats"":1.7223414895016014},{""actual_elapsed_seconds_range"":[889.0,910.0],""coverage"":[{""coverage_rate"":0.021739130434782608,""level"":0.5,""mean_area_m2"":227424.45789569363},{""coverage_rate"":0.1,""level"":0.8,""mean_area_m2"":530898.7005815302},{""coverage_rate"":0.1782608695652174,""level"":0.9,""mean_area_m2"":760139.2373072209},{""coverage_rate"":0.2826086956521739,""level"":0.95,""mean_area_m2"":994098.9173857155}],""energy_score_m"":627.2290050690283,""nominal_seconds"":900,""position_entropy_nats"":2.7185007073927077},{""actual_elapsed_seconds_range"":[1785.0,1814.0],""coverage"":[{""coverage_rate"":0.1565217391304348,""level"":0.5,""mean_area_m2"":550984.930839094},{""coverage_rate"":0.1956521739130435,""level"":0.8,""mean_area_m2"":1290875.6120688727},{""coverage_rate"":0.32608695652173914,""level"":0.9,""mean_area_m2"":1839573.1459503728},{""coverage_rate"":0.4260869565217391,""level"":0.95,""mean_area_m2"":2419977.8548748298}],""energy_score_m"":1085.8229664829328,""nominal_seconds"":1800,""position_entropy_nats"":3.505154955253806}]"
causal_prefix:NEX326-methods:arm-04/gmm_kernel,causal_prefix,NEX326-methods,arm-04/gmm_kernel,computed,230,230,0,"{""success"":230}",475.02732262916334,621.951522724069,621.951522724069,1299.105653917597,612.9493018233445,"[{""actual_elapsed_seconds_range"":[49.0,67.0],""coverage"":[{""coverage_rate"":0.7652173913043478,""level"":0.5,""mean_area_m2"":24881.35086899709},{""coverage_rate"":0.9565217391304348,""level"":0.8,""mean_area_m2"":52126.328909589145},{""coverage_rate"":0.9695652173913043,""level"":0.9,""mean_area_m2"":71568.23336155227},{""coverage_rate"":0.9956521739130435,""level"":0.95,""mean_area_m2"":91465.09496310566}],""energy_score_m"":50.35216084765841,""nominal_seconds"":60,""position_entropy_nats"":1.365313122160601},{""actual_elapsed_seconds_range"":[294.0,305.0],""coverage"":[{""coverage_rate"":0.14782608695652175,""level"":0.5,""mean_area_m2"":121743.52249205699},{""coverage_rate"":0.41304347826086957,""level"":0.8,""mean_area_m2"":281237.3057876388},{""coverage_rate"":0.6652173913043479,""level"":0.9,""mean_area_m2"":399730.97835145995},{""coverage_rate"":0.8304347826086956,""level"":0.95,""mean_area_m2"":518244.3392215069}],""energy_score_m"":228.87097461928965,""nominal_seconds"":300,""position_entropy_nats"":2.1707958529990683},{""actual_elapsed_seconds_range"":[889.0,910.0],""coverage"":[{""coverage_rate"":0.043478260869565216,""level"":0.5,""mean_area_m2"":399284.573129518},{""coverage_rate"":0.21739130434782608,""level"":0.8,""mean_area_m2"":925577.5422460972},{""coverage_rate"":0.34782608695652173,""level"":0.9,""mean_area_m2"":1320879.162240923},{""coverage_rate"":0.49130434782608695,""level"":0.95,""mean_area_m2"":1722957.944243618}],""energy_score_m"":598.6958584447951,""nominal_seconds"":900,""position_entropy_nats"":3.2107205197104762},{""actual_elapsed_seconds_range"":[1785.0,1814.0],""coverage"":[{""coverage_rate"":0.15217391304347827,""level"":0.5,""mean_area_m2"":925611.4637216482},{""coverage_rate"":0.3565217391304348,""level"":0.8,""mean_area_m2"":2151246.982119571},{""coverage_rate"":0.45217391304347826,""level"":0.9,""mean_area_m2"":3079163.3501970354},{""coverage_rate"":0.4782608695652174,""level"":0.95,""mean_area_m2"":4027806.87179257}],""energy_score_m"":1022.1902966049105,""nominal_seconds"":1800,""position_entropy_nats"":3.9609863362907762}]"
causal_prefix:NEX326-methods:arm-05/explicit_decomp,causal_prefix,NEX326-methods,arm-05/explicit_decomp,computed,230,230,0,"{""success"":230}",535.810993055604,647.644782066602,647.644782066602,1403.0847230677905,700.5755189088567,"[{""actual_elapsed_seconds_range"":[49.0,67.0],""coverage"":[{""coverage_rate"":0.4608695652173913,""level"":0.5,""mean_area_m2"":12002.887155186163},{""coverage_rate"":0.7695652173913043,""level"":0.8,""mean_area_m2"":27899.27097252516},{""coverage_rate"":0.9130434782608695,""level"":0.9,""mean_area_m2"":39969.057504467826},{""coverage_rate"":0.9521739130434783,""level"":0.95,""mean_area_m2"":52097.59430366912}],""energy_score_m"":48.21045107937237,""nominal_seconds"":60,""position_entropy_nats"":1.2717409451102075},{""actual_elapsed_seconds_range"":[294.0,305.0],""coverage"":[{""coverage_rate"":0.1,""level"":0.5,""mean_area_m2"":60331.39939654102},{""coverage_rate"":0.22608695652173913,""level"":0.8,""mean_area_m2"":140889.19180213314},{""coverage_rate"":0.3217391304347826,""level"":0.9,""mean_area_m2"":200700.0026676097},{""coverage_rate"":0.4391304347826087,""level"":0.95,""mean_area_m2"":262013.75715104755}],""energy_score_m"":239.20373005692514,""nominal_seconds"":300,""position_entropy_nats"":1.6297606922785144},{""actual_elapsed_seconds_range"":[889.0,910.0],""coverage"":[{""coverage_rate"":0.004347826086956522,""level"":0.5,""mean_area_m2"":183974.6942276477},{""coverage_rate"":0.10869565217391304,""level"":0.8,""mean_area_m2"":427085.59829796903},{""coverage_rate"":0.13478260869565217,""level"":0.9,""mean_area_m2"":610613.1515311389},{""coverage_rate"":0.2,""level"":0.95,""mean_area_m2"":794089.8788612452}],""energy_score_m"":658.214529141966,""nominal_seconds"":900,""position_entropy_nats"":2.5299527362129224},{""actual_elapsed_seconds_range"":[1785.0,1814.0],""coverage"":[{""coverage_rate"":0.06521739130434782,""level"":0.5,""mean_area_m2"":375236.00642220804},{""coverage_rate"":0.1956521739130435,""level"":0.8,""mean_area_m2"":872143.5085313872},{""coverage_rate"":0.21739130434782608,""level"":0.9,""mean_area_m2"":1247355.061807238},{""coverage_rate"":0.26521739130434785,""level"":0.95,""mean_area_m2"":1632361.9007154733}],""energy_score_m"":1197.6152619441532,""nominal_seconds"":1800,""position_entropy_nats"":3.1618064119348497}]"
causal_prefix:NEX326-methods:arm-06/dt120,causal_prefix,NEX326-methods,arm-06/dt120,computed,230,230,0,"{""success"":230}",466.2964375467217,638.7286102607595,638.7286102607595,1329.8141035646565,597.9894234210935,"[{""actual_elapsed_seconds_range"":[49.0,67.0],""coverage"":[{""coverage_rate"":0.6434782608695652,""level"":0.5,""mean_area_m2"":23109.93125650394},{""coverage_rate"":0.9565217391304348,""level"":0.8,""mean_area_m2"":53890.867232509525},{""coverage_rate"":0.9826086956521739,""level"":0.9,""mean_area_m2"":77309.3772030845},{""coverage_rate"":1.0,""level"":0.95,""mean_area_m2"":100347.09358363705}],""energy_score_m"":51.52948009188198,""nominal_seconds"":60,""position_entropy_nats"":1.3827575135227033},{""actual_elapsed_seconds_range"":[294.0,305.0],""coverage"":[{""coverage_rate"":0.16521739130434782,""level"":0.5,""mean_area_m2"":145487.3518540062},{""coverage_rate"":0.40869565217391307,""level"":0.8,""mean_area_m2"":330378.7174823383},{""coverage_rate"":0.7086956521739131,""level"":0.9,""mean_area_m2"":468901.30868506856},{""coverage_rate"":0.8565217391304348,""level"":0.95,""mean_area_m2"":603198.8662055696}],""energy_score_m"":233.98347620800132,""nominal_seconds"":300,""position_entropy_nats"":2.2962289756962107},{""actual_elapsed_seconds_range"":[889.0,910.0],""coverage"":[{""coverage_rate"":0.11739130434782609,""level"":0.5,""mean_area_m2"":705027.4795157232},{""coverage_rate"":0.3521739130434783,""level"":0.8,""mean_area_m2"":1479566.972857381},{""coverage_rate"":0.5478260869565217,""level"":0.9,""mean_area_m2"":2018719.3134050516},{""coverage_rate"":0.6043478260869565,""level"":0.95,""mean_area_m2"":2562214.9520558016}],""energy_score_m"":592.5491633325584,""nominal_seconds"":900,""position_entropy_nats"":3.577846618753314},{""actual_elapsed_seconds_range"":[1785.0,1814.0],""coverage"":[{""coverage_rate"":0.34782608695652173,""level"":0.5,""mean_area_m2"":2378511.3434339585},{""coverage_rate"":0.45652173913043476,""level"":0.8,""mean_area_m2"":4533039.64777084},{""coverage_rate"":0.5695652173913044,""level"":0.9,""mean_area_m2"":5969075.060412904},{""coverage_rate"":0.6086956521739131,""level"":0.95,""mean_area_m2"":7356458.743271542}],""energy_score_m"":987.1236305544448,""nominal_seconds"":1800,""position_entropy_nats"":4.46779907014405}]"
causal_prefix:NEX326-methods:arm-06/dt30,causal_prefix,NEX326-methods,arm-06/dt30,computed,230,230,0,"{""success"":230}",486.41612263607914,631.8124040113339,631.8124040113339,1317.553774464761,621.8476606010738,"[{""actual_elapsed_seconds_range"":[49.0,67.0],""coverage"":[{""coverage_rate"":0.2217391304347826,""level"":0.5,""mean_area_m2"":7522.786743819245},{""coverage_rate"":0.45652173913043476,""level"":0.8,""mean_area_m2"":17401.240231713153},{""coverage_rate"":0.7260869565217392,""level"":0.9,""mean_area_m2"":24814.286193848573},{""coverage_rate"":0.9304347826086956,""level"":0.95,""mean_area_m2"":32467.98931122546}],""energy_score_m"":51.362543589523376,""nominal_seconds"":60,""position_entropy_nats"":1.3384589968004148},{""actual_elapsed_seconds_range"":[294.0,305.0],""coverage"":[{""coverage_rate"":0.021739130434782608,""level"":0.5,""mean_area_m2"":65738.09039864024},{""coverage_rate"":0.16956521739130434,""level"":0.8,""mean_area_m2"":138371.91661735185},{""coverage_rate"":0.23043478260869565,""level"":0.9,""mean_area_m2"":189811.92481005122},{""coverage_rate"":0.29130434782608694,""level"":0.95,""mean_area_m2"":240052.99900639104}],""energy_score_m"":251.36089358296405,""nominal_seconds"":300,""position_entropy_nats"":1.5855085246406004},{""actual_elapsed_seconds_range"":[889.0,910.0],""coverage"":[{""coverage_rate"":0.08260869565217391,""level"":0.5,""mean_area_m2"":444309.59796497214},{""coverage_rate"":0.17391304347826086,""level"":0.8,""mean_area_m2"":809083.7552353055},{""coverage_rate"":0.24347826086956523,""level"":0.9,""mean_area_m2"":1038687.5406810791},{""coverage_rate"":0.3130434782608696,""level"":0.95,""mean_area_m2"":1261002.4197108308}],""energy_score_m"":621.7691604400674,""nominal_seconds"":900,""position_entropy_nats"":2.8665856857546608},{""actual_elapsed_seconds_range"":[1785.0,1814.0],""coverage"":[{""coverage_rate"":0.3130434782608696,""level"":0.5,""mean_area_m2"":1775547.7851372294},{""coverage_rate"":0.3521739130434783,""level"":0.8,""mean_area_m2"":2933391.7212625104},{""coverage_rate"":0.3826086956521739,""level"":0.9,""mean_area_m2"":3619338.5111253},{""coverage_rate"":0.44782608695652176,""level"":0.95,""mean_area_m2"":4254599.942017159}],""energy_score_m"":1021.1718929317618,""nominal_seconds"":1800,""position_entropy_nats"":3.7068051784650793}]"
causal_prefix:NEX326-methods:arm-06/dt300,causal_prefix,NEX326-methods,arm-06/dt300,computed,230,230,0,"{""success"":230}",454.44906426368436,644.3694763803749,644.3694763803749,1335.7318898865938,581.5236880576929,"[{""actual_elapsed_seconds_range"":[49.0,67.0],""coverage"":[{""coverage_rate"":0.9565217391304348,""level"":0.5,""mean_area_m2"":46202.08768702831},{""coverage_rate"":1.0,""level"":0.8,""mean_area_m2"":108009.79813237164},{""coverage_rate"":1.0,""level"":0.9,""mean_area_m2"":155027.72433826307},{""coverage_rate"":1.0,""level"":0.95,""mean_area_m2"":203571.98844083576}],""energy_score_m"":56.58492129508212,""nominal_seconds"":60,""position_entropy_nats"":1.5415220391876752},{""actual_elapsed_seconds_range"":[294.0,305.0],""coverage"":[{""coverage_rate"":0.3,""level"":0.5,""mean_area_m2"":266859.8491374791},{""coverage_rate"":0.8782608695652174,""level"":0.8,""mean_area_m2"":618774.121281968},{""coverage_rate"":0.9652173913043478,""level"":0.9,""mean_area_m2"":878660.3348455776},{""coverage_rate"":0.9782608695652174,""level"":0.95,""mean_area_m2"":1145254.7954123348}],""energy_score_m"":229.27600728716814,""nominal_seconds"":300,""position_entropy_nats"":2.8419906283840537},{""actual_elapsed_seconds_range"":[889.0,910.0],""coverage"":[{""coverage_rate"":0.20869565217391303,""level"":0.5,""mean_area_m2"":1103258.0320244173},{""coverage_rate"":0.5869565217391305,""level"":0.8,""mean_area_m2"":2437661.217677899},{""coverage_rate"":0.717391304347826,""level"":0.9,""mean_area_m2"":3394623.545525827},{""coverage_rate"":0.8608695652173913,""level"":0.95,""mean_area_m2"":4370439.922613751}],""energy_score_m"":574.5322859342516,""nominal_seconds"":900,""position_entropy_nats"":4.047265535105811},{""actual_elapsed_seconds_range"":[1785.0,1814.0],""coverage"":[{""coverage_rate"":0.3826086956521739,""level"":0.5,""mean_area_m2"":3231021.5938583426},{""coverage_rate"":0.6173913043478261,""level"":0.8,""mean_area_m2"":6695773.452650033},{""coverage_rate"":0.6434782608695652,""level"":0.9,""mean_area_m2"":9108883.426654615},{""coverage_rate"":0.7,""level"":0.95,""mean_area_m2"":11527729.130667504}],""energy_score_m"":957.4030425382355,""nominal_seconds"":1800,""position_entropy_nats"":4.8508783342948725}]"
causal_prefix:NEX326-methods:arm-06/dt60,causal_prefix,NEX326-methods,arm-06/dt60,computed,230,230,0,"{""success"":230}",477.8536696875933,636.1083738231829,636.1083738231829,1326.0918029570769,612.1424304613653,"[{""actual_elapsed_seconds_range"":[49.0,67.0],""coverage"":[{""coverage_rate"":0.33043478260869563,""level"":0.5,""mean_area_m2"":13047.523707194792},{""coverage_rate"":0.8739130434782608,""level"":0.8,""mean_area_m2"":30574.998204825584},{""coverage_rate"":0.9565217391304348,""level"":0.9,""mean_area_m2"":43615.82915665533},{""coverage_rate"":0.9652173913043478,""level"":0.95,""mean_area_m2"":56974.559343916764}],""energy_score_m"":50.569749444899905,""nominal_seconds"":60,""position_entropy_nats"":1.3612956897758868},{""actual_elapsed_seconds_range"":[294.0,305.0],""coverage"":[{""coverage_rate"":0.06521739130434782,""level"":0.5,""mean_area_m2"":94044.06900348778},{""coverage_rate"":0.2565217391304348,""level"":0.8,""mean_area_m2"":210061.2757065879},{""coverage_rate"":0.3782608695652174,""level"":0.9,""mean_area_m2"":294242.1552486306},{""coverage_rate"":0.5043478260869565,""level"":0.95,""mean_area_m2"":377548.9627645232}],""energy_score_m"":243.228509869058,""nominal_seconds"":300,""position_entropy_nats"":1.9187070448472194},{""actual_elapsed_seconds_range"":[889.0,910.0],""coverage"":[{""coverage_rate"":0.09565217391304348,""level"":0.5,""mean_area_m2"":538703.6250196926},{""coverage_rate"":0.24347826086956523,""level"":0.8,""mean_area_m2"":1061634.7094808016},{""coverage_rate"":0.3521739130434783,""level"":0.9,""mean_area_m2"":1415312.25368895},{""coverage_rate"":0.4391304347826087,""level"":0.95,""mean_area_m2"":1752518.9027769798}],""energy_score_m"":609.2671942332843,""nominal_seconds"":900,""position_entropy_nats"":3.223508893978943},{""actual_elapsed_seconds_range"":[1785.0,1814.0],""coverage"":[{""coverage_rate"":0.3347826086956522,""level"":0.5,""mean_area_m2"":2001613.1974139411},{""coverage_rate"":0.3739130434782609,""level"":0.8,""mean_area_m2"":3552234.7595854863},{""coverage_rate"":0.4652173913043478,""level"":0.9,""mean_area_m2"":4534038.789235507},{""coverage_rate"":0.5217391304347826,""level"":0.95,""mean_area_m2"":5495544.830147503}],""energy_score_m"":1008.349225203131,""nominal_seconds"":1800,""position_entropy_nats"":4.125728383046294}]"
causal_prefix:NEX326-methods:arm-06/dt600,causal_prefix,NEX326-methods,arm-06/dt600,computed,230,230,0,"{""success"":230}",453.1622779936355,651.4628519374805,651.4628519374805,1340.9389117738315,576.4882173241878,"[{""actual_elapsed_seconds_range"":[49.0,67.0],""coverage"":[{""coverage_rate"":0.9782608695652174,""level"":0.5,""mean_area_m2"":75034.64490241985},{""coverage_rate"":1.0,""level"":0.8,""mean_area_m2"":175741.30743191714},{""coverage_rate"":1.0,""level"":0.9,""mean_area_m2"":251977.9318456204},{""coverage_rate"":1.0,""level"":0.95,""mean_area_m2"":330779.8823967587}],""energy_score_m"":63.78395573327537,""nominal_seconds"":60,""position_entropy_nats"":1.81410647059637},{""actual_elapsed_seconds_range"":[294.0,305.0],""coverage"":[{""coverage_rate"":0.5217391304347826,""level"":0.5,""mean_area_m2"":422469.29922808154},{""coverage_rate"":0.9782608695652174,""level"":0.8,""mean_area_m2"":974999.5519508396},{""coverage_rate"":0.991304347826087,""level"":0.9,""mean_area_m2"":1394728.8420997825},{""coverage_rate"":1.0,""level"":0.95,""mean_area_m2"":1822087.4640446533}],""energy_score_m"":234.31854144507832,""nominal_seconds"":300,""position_entropy_nats"":3.2525853478931914},{""actual_elapsed_seconds_range"":[889.0,910.0],""coverage"":[{""coverage_rate"":0.3826086956521739,""level"":0.5,""mean_area_m2"":1601816.8347757293},{""coverage_rate"":0.7304347826086957,""level"":0.8,""mean_area_m2"":3601815.9338199175},{""coverage_rate"":0.9260869565217391,""level"":0.9,""mean_area_m2"":5057954.876412795},{""coverage_rate"":0.9782608695652174,""level"":0.95,""mean_area_m2"":6495767.0421978915}],""energy_score_m"":572.6531665668824,""nominal_seconds"":900,""position_entropy_nats"":4.389313590022913},{""actual_elapsed_seconds_range"":[1785.0,1814.0],""coverage"":[{""coverage_rate"":0.5,""level"":0.5,""mean_area_m2"":4360400.530510369},{""coverage_rate"":0.6869565217391305,""level"":0.8,""mean_area_m2"":9219117.301609274},{""coverage_rate"":0.7913043478260869,""level"":0.9,""mean_area_m2"":12608550.310041096},{""coverage_rate"":0.8739130434782608,""level"":0.95,""mean_area_m2"":15958538.734976038}],""energy_score_m"":941.8934482293059,""nominal_seconds"":1800,""position_entropy_nats"":5.111590603580858}]"
causal_prefix:NEX326-methods:arm-07/full,causal_prefix,NEX326-methods,arm-07/full,computed,230,230,0,"{""success"":230}",476.67566883023034,634.7514657921654,634.7514657921654,1322.134840737624,610.7494634270763,"[{""actual_elapsed_seconds_range"":[49.0,67.0],""coverage"":[{""coverage_rate"":0.32608695652173914,""level"":0.5,""mean_area_m2"":13117.244159456273},{""coverage_rate"":0.8913043478260869,""level"":0.8,""mean_area_m2"":30646.41086950024},{""coverage_rate"":0.9565217391304348,""level"":0.9,""mean_area_m2"":43738.951806390985},{""coverage_rate"":0.9565217391304348,""level"":0.95,""mean_area_m2"":57012.775956942365}],""energy_score_m"":50.52368791059411,""nominal_seconds"":60,""position_entropy_nats"":1.3605868386766307},{""actual_elapsed_seconds_range"":[294.0,305.0],""coverage"":[{""coverage_rate"":0.07391304347826087,""level"":0.5,""mean_area_m2"":94524.4688026374},{""coverage_rate"":0.26521739130434785,""level"":0.8,""mean_area_m2"":209059.3756748372},{""coverage_rate"":0.3782608695652174,""level"":0.9,""mean_area_m2"":290581.35120075854},{""coverage_rate"":0.49130434782608695,""level"":0.95,""mean_area_m2"":374080.290725527}],""energy_score_m"":242.2754444644496,""nominal_seconds"":300,""position_entropy_nats"":1.9143510018040026},{""actual_elapsed_seconds_range"":[889.0,910.0],""coverage"":[{""coverage_rate"":0.08695652173913043,""level"":0.5,""mean_area_m2"":538245.7649503557},{""coverage_rate"":0.23043478260869565,""level"":0.8,""mean_area_m2"":1057632.5667607172},{""coverage_rate"":0.3347826086956522,""level"":0.9,""mean_area_m2"":1409835.793085588},{""coverage_rate"":0.45652173913043476,""level"":0.95,""mean_area_m2"":1746040.8625337414}],""energy_score_m"":608.7570097663493,""nominal_seconds"":900,""position_entropy_nats"":3.217358284472478},{""actual_elapsed_seconds_range"":[1785.0,1814.0],""coverage"":[{""coverage_rate"":0.3391304347826087,""level"":0.5,""mean_area_m2"":1987737.206854386},{""coverage_rate"":0.3695652173913043,""level"":0.8,""mean_area_m2"":3530468.3826230983},{""coverage_rate"":0.45652173913043476,""level"":0.9,""mean_area_m2"":4536624.159966221},{""coverage_rate"":0.5260869565217391,""level"":0.95,""mean_area_m2"":5468580.052337323}],""energy_score_m"":1005.1465331795281,""nominal_seconds"":1800,""position_entropy_nats"":4.119043928789531}]"
causal_prefix:NEX326-methods:arm-08/qmle,causal_prefix,NEX326-methods,arm-08/qmle,computed,230,230,0,"{""success"":230}",476.95122115210313,635.5554443634584,635.5554443634584,1325.1450509971935,611.1646752685956,"[{""actual_elapsed_seconds_range"":[49.0,67.0],""coverage"":[{""coverage_rate"":0.33043478260869563,""level"":0.5,""mean_area_m2"":13083.824789375736},{""coverage_rate"":0.8739130434782608,""level"":0.8,""mean_area_m2"":30504.058176296287},{""coverage_rate"":0.9565217391304348,""level"":0.9,""mean_area_m2"":43843.64911003375},{""coverage_rate"":0.9608695652173913,""level"":0.95,""mean_area_m2"":57074.562371761735}],""energy_score_m"":50.333183639605025,""nominal_seconds"":60,""position_entropy_nats"":1.3595676939959775},{""actual_elapsed_seconds_range"":[294.0,305.0],""coverage"":[{""coverage_rate"":0.06521739130434782,""level"":0.5,""mean_area_m2"":95656.08801386521},{""coverage_rate"":0.25217391304347825,""level"":0.8,""mean_area_m2"":210783.28869501327},{""coverage_rate"":0.3869565217391304,""level"":0.9,""mean_area_m2"":293307.49442881125},{""coverage_rate"":0.5173913043478261,""level"":0.95,""mean_area_m2"":374431.76675667905}],""energy_score_m"":242.1353322361886,""nominal_seconds"":300,""position_entropy_nats"":1.9188796178794514},{""actual_elapsed_seconds_range"":[889.0,910.0],""coverage"":[{""coverage_rate"":0.08695652173913043,""level"":0.5,""mean_area_m2"":539783.7646792064},{""coverage_rate"":0.25217391304347825,""level"":0.8,""mean_area_m2"":1064327.0684970964},{""coverage_rate"":0.34347826086956523,""level"":0.9,""mean_area_m2"":1418423.2415590463},{""coverage_rate"":0.45217391304347826,""level"":0.95,""mean_area_m2"":1758937.4498597886}],""energy_score_m"":608.8536821521122,""nominal_seconds"":900,""position_entropy_nats"":3.223793273204119},{""actual_elapsed_seconds_range"":[1785.0,1814.0],""coverage"":[{""coverage_rate"":0.33043478260869563,""level"":0.5,""mean_area_m2"":1995877.514051237},{""coverage_rate"":0.3695652173913043,""level"":0.8,""mean_area_m2"":3558145.659516703},{""coverage_rate"":0.4652173913043478,""level"":0.9,""mean_area_m2"":4558430.004868338},{""coverage_rate"":0.5434782608695652,""level"":0.95,""mean_area_m2"":5476454.676871288}],""energy_score_m"":1006.4826865805068,""nominal_seconds"":1800,""position_entropy_nats"":4.12749354383995}]"
causal_prefix:NEX326-methods:arm-09/mixed,causal_prefix,NEX326-methods,arm-09/mixed,computed,230,230,0,"{""success"":230}",470.12562653574054,630.3245655301969,630.3245655301969,1315.6538075414364,602.8622617788261,"[{""actual_elapsed_seconds_range"":[49.0,67.0],""coverage"":[{""coverage_rate"":0.32608695652173914,""level"":0.5,""mean_area_m2"":12978.700986114185},{""coverage_rate"":0.8869565217391304,""level"":0.8,""mean_area_m2"":30493.424310873917},{""coverage_rate"":0.9565217391304348,""level"":0.9,""mean_area_m2"":43681.1660392927},{""coverage_rate"":0.9565217391304348,""level"":0.95,""mean_area_m2"":57326.279236397335}],""energy_score_m"":50.162857030837955,""nominal_seconds"":60,""position_entropy_nats"":1.3535219261816176},{""actual_elapsed_seconds_range"":[294.0,305.0],""coverage"":[{""coverage_rate"":0.07391304347826087,""level"":0.5,""mean_area_m2"":91767.72034471668},{""coverage_rate"":0.24347826086956523,""level"":0.8,""mean_area_m2"":205723.02440448946},{""coverage_rate"":0.4043478260869565,""level"":0.9,""mean_area_m2"":287336.0095526936},{""coverage_rate"":0.5434782608695652,""level"":0.95,""mean_area_m2"":369873.46717515006}],""energy_score_m"":238.69227602787737,""nominal_seconds"":300,""position_entropy_nats"":1.9132637716774885},{""actual_elapsed_seconds_range"":[889.0,910.0],""coverage"":[{""coverage_rate"":0.06956521739130435,""level"":0.5,""mean_area_m2"":511777.4117768613},{""coverage_rate"":0.24782608695652175,""level"":0.8,""mean_area_m2"":1030089.7103067036},{""coverage_rate"":0.34782608695652173,""level"":0.9,""mean_area_m2"":1377922.2940145654},{""coverage_rate"":0.4782608695652174,""level"":0.95,""mean_area_m2"":1721384.3791573488}],""energy_score_m"":600.3572236373428,""nominal_seconds"":900,""position_entropy_nats"":3.2441499634325264},{""actual_elapsed_seconds_range"":[1785.0,1814.0],""coverage"":[{""coverage_rate"":0.32608695652173914,""level"":0.5,""mean_area_m2"":1893450.0990408226},{""coverage_rate"":0.40869565217391307,""level"":0.8,""mean_area_m2"":3453151.008651971},{""coverage_rate"":0.4652173913043478,""level"":0.9,""mean_area_m2"":4455106.231926939},{""coverage_rate"":0.5173913043478261,""level"":0.95,""mean_area_m2"":5387196.316761668}],""energy_score_m"":991.290149446904,""nominal_seconds"":1800,""position_entropy_nats"":4.185682820889587}]"
causal_prefix:NEX326-methods:arm-09/pure_es,causal_prefix,NEX326-methods,arm-09/pure_es,computed,230,230,0,"{""success"":230}",471.3620746657201,631.3623409957304,631.3623409957304,1318.4823368931256,604.6194824374767,"[{""actual_elapsed_seconds_range"":[49.0,67.0],""coverage"":[{""coverage_rate"":0.3391304347826087,""level"":0.5,""mean_area_m2"":12995.553750739085},{""coverage_rate"":0.8695652173913043,""level"":0.8,""mean_area_m2"":30295.01442767841},{""coverage_rate"":0.9565217391304348,""level"":0.9,""mean_area_m2"":43267.07037855296},{""coverage_rate"":0.9565217391304348,""level"":0.95,""mean_area_m2"":56738.09156017184}],""energy_score_m"":50.09400309328436,""nominal_seconds"":60,""position_entropy_nats"":1.3549444974778138},{""actual_elapsed_seconds_range"":[294.0,305.0],""coverage"":[{""coverage_rate"":0.09565217391304348,""level"":0.5,""mean_area_m2"":91033.19163941522},{""coverage_rate"":0.22608695652173913,""level"":0.8,""mean_area_m2"":205499.0709159717},{""coverage_rate"":0.391304347826087,""level"":0.9,""mean_area_m2"":287174.47594440257},{""coverage_rate"":0.5565217391304348,""level"":0.95,""mean_area_m2"":370973.17527964374}],""energy_score_m"":238.9430097390072,""nominal_seconds"":300,""position_entropy_nats"":1.908137153897138},{""actual_elapsed_seconds_range"":[889.0,910.0],""coverage"":[{""coverage_rate"":0.08260869565217391,""level"":0.5,""mean_area_m2"":509408.25556576176},{""coverage_rate"":0.2391304347826087,""level"":0.8,""mean_area_m2"":1028655.1256519274},{""coverage_rate"":0.3521739130434783,""level"":0.9,""mean_area_m2"":1380354.3370405317},{""coverage_rate"":0.47391304347826085,""level"":0.95,""mean_area_m2"":1719043.2749234193}],""energy_score_m"":601.7417129868413,""nominal_seconds"":900,""position_entropy_nats"":3.2422928169008336},{""actual_elapsed_seconds_range"":[1785.0,1814.0],""coverage"":[{""coverage_rate"":0.3391304347826087,""level"":0.5,""mean_area_m2"":1892282.1734249664},{""coverage_rate"":0.4043478260869565,""level"":0.8,""mean_area_m2"":3444429.288885375},{""coverage_rate"":0.45652173913043476,""level"":0.9,""mean_area_m2"":4429480.252394656},{""coverage_rate"":0.5173913043478261,""level"":0.95,""mean_area_m2"":5374913.589236902}],""energy_score_m"":994.6695728437473,""nominal_seconds"":1800,""position_entropy_nats"":4.1830399336605995}]"
causal_prefix:NEX326-methods:arm-10/d2_closed,causal_prefix,NEX326-methods,arm-10/d2_closed,computed,230,230,0,"{""success"":230}",476.67566883023034,634.7514657921654,634.7514657921654,1322.134840737624,610.7494634270763,"[{""actual_elapsed_seconds_range"":[49.0,67.0],""coverage"":[{""coverage_rate"":0.32608695652173914,""level"":0.5,""mean_area_m2"":13117.244159456273},{""coverage_rate"":0.8913043478260869,""level"":0.8,""mean_area_m2"":30646.41086950024},{""coverage_rate"":0.9565217391304348,""level"":0.9,""mean_area_m2"":43738.951806390985},{""coverage_rate"":0.9565217391304348,""level"":0.95,""mean_area_m2"":57012.775956942365}],""energy_score_m"":50.52368791059411,""nominal_seconds"":60,""position_entropy_nats"":1.3605868386766307},{""actual_elapsed_seconds_range"":[294.0,305.0],""coverage"":[{""coverage_rate"":0.07391304347826087,""level"":0.5,""mean_area_m2"":94524.4688026374},{""coverage_rate"":0.26521739130434785,""level"":0.8,""mean_area_m2"":209059.3756748372},{""coverage_rate"":0.3782608695652174,""level"":0.9,""mean_area_m2"":290581.35120075854},{""coverage_rate"":0.49130434782608695,""level"":0.95,""mean_area_m2"":374080.290725527}],""energy_score_m"":242.2754444644496,""nominal_seconds"":300,""position_entropy_nats"":1.9143510018040026},{""actual_elapsed_seconds_range"":[889.0,910.0],""coverage"":[{""coverage_rate"":0.08695652173913043,""level"":0.5,""mean_area_m2"":538245.7649503557},{""coverage_rate"":0.23043478260869565,""level"":0.8,""mean_area_m2"":1057632.5667607172},{""coverage_rate"":0.3347826086956522,""level"":0.9,""mean_area_m2"":1409835.793085588},{""coverage_rate"":0.45652173913043476,""level"":0.95,""mean_area_m2"":1746040.8625337414}],""energy_score_m"":608.7570097663493,""nominal_seconds"":900,""position_entropy_nats"":3.217358284472478},{""actual_elapsed_seconds_range"":[1785.0,1814.0],""coverage"":[{""coverage_rate"":0.3391304347826087,""level"":0.5,""mean_area_m2"":1987737.206854386},{""coverage_rate"":0.3695652173913043,""level"":0.8,""mean_area_m2"":3530468.3826230983},{""coverage_rate"":0.45652173913043476,""level"":0.9,""mean_area_m2"":4536624.159966221},{""coverage_rate"":0.5260869565217391,""level"":0.95,""mean_area_m2"":5468580.052337323}],""energy_score_m"":1005.1465331795281,""nominal_seconds"":1800,""position_entropy_nats"":4.119043928789531}]"
causal_prefix:NEX326-methods:arm-10/d2_mc,causal_prefix,NEX326-methods,arm-10/d2_mc,computed,230,230,0,"{""success"":230}",476.67566883023034,634.7514657921654,634.7514657921654,1322.134840737624,610.7494634270763,"[{""actual_elapsed_seconds_range"":[49.0,67.0],""coverage"":[{""coverage_rate"":0.32608695652173914,""level"":0.5,""mean_area_m2"":13117.244159456273},{""coverage_rate"":0.8913043478260869,""level"":0.8,""mean_area_m2"":30646.41086950024},{""coverage_rate"":0.9565217391304348,""level"":0.9,""mean_area_m2"":43738.951806390985},{""coverage_rate"":0.9565217391304348,""level"":0.95,""mean_area_m2"":57012.775956942365}],""energy_score_m"":50.52368791059411,""nominal_seconds"":60,""position_entropy_nats"":1.3605868386766307},{""actual_elapsed_seconds_range"":[294.0,305.0],""coverage"":[{""coverage_rate"":0.07391304347826087,""level"":0.5,""mean_area_m2"":94524.4688026374},{""coverage_rate"":0.26521739130434785,""level"":0.8,""mean_area_m2"":209059.3756748372},{""coverage_rate"":0.3782608695652174,""level"":0.9,""mean_area_m2"":290581.35120075854},{""coverage_rate"":0.49130434782608695,""level"":0.95,""mean_area_m2"":374080.290725527}],""energy_score_m"":242.2754444644496,""nominal_seconds"":300,""position_entropy_nats"":1.9143510018040026},{""actual_elapsed_seconds_range"":[889.0,910.0],""coverage"":[{""coverage_rate"":0.08695652173913043,""level"":0.5,""mean_area_m2"":538245.7649503557},{""coverage_rate"":0.23043478260869565,""level"":0.8,""mean_area_m2"":1057632.5667607172},{""coverage_rate"":0.3347826086956522,""level"":0.9,""mean_area_m2"":1409835.793085588},{""coverage_rate"":0.45652173913043476,""level"":0.95,""mean_area_m2"":1746040.8625337414}],""energy_score_m"":608.7570097663493,""nominal_seconds"":900,""position_entropy_nats"":3.217358284472478},{""actual_elapsed_seconds_range"":[1785.0,1814.0],""coverage"":[{""coverage_rate"":0.3391304347826087,""level"":0.5,""mean_area_m2"":1987737.206854386},{""coverage_rate"":0.3695652173913043,""level"":0.8,""mean_area_m2"":3530468.3826230983},{""coverage_rate"":0.45652173913043476,""level"":0.9,""mean_area_m2"":4536624.159966221},{""coverage_rate"":0.5260869565217391,""level"":0.95,""mean_area_m2"":5468580.052337323}],""energy_score_m"":1005.1465331795281,""nominal_seconds"":1800,""position_entropy_nats"":4.119043928789531}]"
causal_prefix:NEX326-methods:arm-11/full,causal_prefix,NEX326-methods,arm-11/full,computed,230,230,0,"{""success"":230}",475.98529427441423,633.9990136585451,633.9990136585451,1320.70063390923,609.7603499685607,"[{""actual_elapsed_seconds_range"":[49.0,67.0],""coverage"":[{""coverage_rate"":0.33043478260869563,""level"":0.5,""mean_area_m2"":13152.86381145388},{""coverage_rate"":0.8826086956521739,""level"":0.8,""mean_area_m2"":30666.526240661984},{""coverage_rate"":0.9565217391304348,""level"":0.9,""mean_area_m2"":43758.51884399879},{""coverage_rate"":0.9565217391304348,""level"":0.95,""mean_area_m2"":56832.15789023374}],""energy_score_m"":50.36623802787099,""nominal_seconds"":60,""position_entropy_nats"":1.3596633239727633},{""actual_elapsed_seconds_range"":[294.0,305.0],""coverage"":[{""coverage_rate"":0.08695652173913043,""level"":0.5,""mean_area_m2"":94535.260727572},{""coverage_rate"":0.24782608695652175,""level"":0.8,""mean_area_m2"":209813.2839633924},{""coverage_rate"":0.3869565217391304,""level"":0.9,""mean_area_m2"":293120.840722093},{""coverage_rate"":0.5217391304347826,""level"":0.95,""mean_area_m2"":375799.8988333415}],""energy_score_m"":242.16667155025314,""nominal_seconds"":300,""position_entropy_nats"":1.9192468145888113},{""actual_elapsed_seconds_range"":[889.0,910.0],""coverage"":[{""coverage_rate"":0.09130434782608696,""level"":0.5,""mean_area_m2"":536012.6537391213},{""coverage_rate"":0.23478260869565218,""level"":0.8,""mean_area_m2"":1061002.7845862883},{""coverage_rate"":0.34782608695652173,""level"":0.9,""mean_area_m2"":1414436.4681166194},{""coverage_rate"":0.4608695652173913,""level"":0.95,""mean_area_m2"":1749817.5164202864}],""energy_score_m"":607.7282006871314,""nominal_seconds"":900,""position_entropy_nats"":3.2197168627549426},{""actual_elapsed_seconds_range"":[1785.0,1814.0],""coverage"":[{""coverage_rate"":0.3347826086956522,""level"":0.5,""mean_area_m2"":1988597.137578611},{""coverage_rate"":0.3739130434782609,""level"":0.8,""mean_area_m2"":3551245.9493673},{""coverage_rate"":0.4652173913043478,""level"":0.9,""mean_area_m2"":4534898.233491227},{""coverage_rate"":0.5260869565217391,""level"":0.95,""mean_area_m2"":5475447.440780227}],""energy_score_m"":1003.6800668324009,""nominal_seconds"":1800,""position_entropy_nats"":4.118802732425581}]"
causal_prefix:NEX326-methods:arm-12/scratch,causal_prefix,NEX326-methods,arm-12/scratch,computed,230,230,0,"{""success"":230}",478.5890111831785,640.1174600270223,640.1174600270223,1338.9568615089088,613.4054880710448,"[{""actual_elapsed_seconds_range"":[49.0,67.0],""coverage"":[{""coverage_rate"":0.3391304347826087,""level"":0.5,""mean_area_m2"":13373.724904255883},{""coverage_rate"":0.9130434782608695,""level"":0.8,""mean_area_m2"":31217.492255181904},{""coverage_rate"":0.9565217391304348,""level"":0.9,""mean_area_m2"":44609.09426286567},{""coverage_rate"":0.9652173913043478,""level"":0.95,""mean_area_m2"":58095.40010700831}],""energy_score_m"":50.64658034345092,""nominal_seconds"":60,""position_entropy_nats"":1.362917376985492},{""actual_elapsed_seconds_range"":[294.0,305.0],""coverage"":[{""coverage_rate"":0.1,""level"":0.5,""mean_area_m2"":100954.2509775753},{""coverage_rate"":0.2782608695652174,""level"":0.8,""mean_area_m2"":220208.4084312192},{""coverage_rate"":0.4043478260869565,""level"":0.9,""mean_area_m2"":306428.8733565662},{""coverage_rate"":0.5217391304347826,""level"":0.95,""mean_area_m2"":392880.73548708373}],""energy_score_m"":242.9696901075238,""nominal_seconds"":300,""position_entropy_nats"":1.9453023941816203},{""actual_elapsed_seconds_range"":[889.0,910.0],""coverage"":[{""coverage_rate"":0.12608695652173912,""level"":0.5,""mean_area_m2"":602841.7879688683},{""coverage_rate"":0.28695652173913044,""level"":0.8,""mean_area_m2"":1157278.1518324742},{""coverage_rate"":0.3782608695652174,""level"":0.9,""mean_area_m2"":1525399.938035327},{""coverage_rate"":0.45217391304347826,""level"":0.95,""mean_area_m2"":1886230.3939730758}],""energy_score_m"":607.793654622463,""nominal_seconds"":900,""position_entropy_nats"":3.242925985226554},{""actual_elapsed_seconds_range"":[1785.0,1814.0],""coverage"":[{""coverage_rate"":0.32608695652173914,""level"":0.5,""mean_area_m2"":2275510.33823079},{""coverage_rate"":0.3869565217391304,""level"":0.8,""mean_area_m2"":3967295.2355834194},{""coverage_rate"":0.4652173913043478,""level"":0.9,""mean_area_m2"":5021038.49554303},{""coverage_rate"":0.5739130434782609,""level"":0.95,""mean_area_m2"":6003210.286174475}],""energy_score_m"":1012.9461196592761,""nominal_seconds"":1800,""position_entropy_nats"":4.119189317341816}]"
causal_prefix:NEX326-methods:arm-14/reptile,causal_prefix,NEX326-methods,arm-14/reptile,computed,230,230,0,"{""success"":230}",478.18001874632444,629.9611537334611,629.9611537334611,1320.8083482395914,614.6598276937889,"[{""actual_elapsed_seconds_range"":[49.0,67.0],""coverage"":[{""coverage_rate"":0.34782608695652173,""level"":0.5,""mean_area_m2"":13350.75554246867},{""coverage_rate"":0.8956521739130435,""level"":0.8,""mean_area_m2"":31097.026783823847},{""coverage_rate"":0.9565217391304348,""level"":0.9,""mean_area_m2"":44495.38533761885},{""coverage_rate"":0.9608695652173913,""level"":0.95,""mean_area_m2"":58274.75250521113}],""energy_score_m"":50.151177897522764,""nominal_seconds"":60,""position_entropy_nats"":1.355898325587419},{""actual_elapsed_seconds_range"":[294.0,305.0],""coverage"":[{""coverage_rate"":0.08695652173913043,""level"":0.5,""mean_area_m2"":90823.13207604419},{""coverage_rate"":0.2608695652173913,""level"":0.8,""mean_area_m2"":204059.9437465291},{""coverage_rate"":0.3739130434782609,""level"":0.9,""mean_area_m2"":285670.85903893673},{""coverage_rate"":0.5173913043478261,""level"":0.95,""mean_area_m2"":369279.5241994094}],""energy_score_m"":239.45800252853806,""nominal_seconds"":300,""position_entropy_nats"":1.8990640815017559},{""actual_elapsed_seconds_range"":[889.0,910.0],""coverage"":[{""coverage_rate"":0.11739130434782609,""level"":0.5,""mean_area_m2"":490584.7743259947},{""coverage_rate"":0.27391304347826084,""level"":0.8,""mean_area_m2"":990166.4620643262},{""coverage_rate"":0.33043478260869563,""level"":0.9,""mean_area_m2"":1334316.385923143},{""coverage_rate"":0.4217391304347826,""level"":0.95,""mean_area_m2"":1659715.8546198213}],""energy_score_m"":602.7162323009919,""nominal_seconds"":900,""position_entropy_nats"":3.1659126716395662},{""actual_elapsed_seconds_range"":[1785.0,1814.0],""coverage"":[{""coverage_rate"":0.3,""level"":0.5,""mean_area_m2"":1777206.8973721028},{""coverage_rate"":0.3695652173913043,""level"":0.8,""mean_area_m2"":3264968.2363093286},{""coverage_rate"":0.41739130434782606,""level"":0.9,""mean_area_m2"":4226567.296498726},{""coverage_rate"":0.5,""level"":0.95,""mean_area_m2"":5136672.907467127}],""energy_score_m"":1020.3946622582451,""nominal_seconds"":1800,""position_entropy_nats"":4.06762255738562}]"
causal_prefix:NEX326-methods:arm-15/drift_only,causal_prefix,NEX326-methods,arm-15/drift_only,computed,230,230,0,"{""success"":230}",476.49013222296753,634.356285911806,634.356285911806,1320.6176379976541,610.2617937809571,"[{""actual_elapsed_seconds_range"":[49.0,67.0],""coverage"":[{""coverage_rate"":0.3217391304347826,""level"":0.5,""mean_area_m2"":13091.207051738002},{""coverage_rate"":0.8913043478260869,""level"":0.8,""mean_area_m2"":30474.124955754734},{""coverage_rate"":0.9565217391304348,""level"":0.9,""mean_area_m2"":43584.1577955675},{""coverage_rate"":0.9565217391304348,""level"":0.95,""mean_area_m2"":57184.97039913674}],""energy_score_m"":50.5702174304467,""nominal_seconds"":60,""position_entropy_nats"":1.3596507366913577},{""actual_elapsed_seconds_range"":[294.0,305.0],""coverage"":[{""coverage_rate"":0.06956521739130435,""level"":0.5,""mean_area_m2"":94667.79578832242},{""coverage_rate"":0.25217391304347825,""level"":0.8,""mean_area_m2"":209493.1644223601},{""coverage_rate"":0.39565217391304347,""level"":0.9,""mean_area_m2"":292897.9772667745},{""coverage_rate"":0.5043478260869565,""level"":0.95,""mean_area_m2"":375834.19303115393}],""energy_score_m"":242.57721902277092,""nominal_seconds"":300,""position_entropy_nats"":1.9141305087417606},{""actual_elapsed_seconds_range"":[889.0,910.0],""coverage"":[{""coverage_rate"":0.09130434782608696,""level"":0.5,""mean_area_m2"":536225.6803087582},{""coverage_rate"":0.2391304347826087,""level"":0.8,""mean_area_m2"":1061460.2807817655},{""coverage_rate"":0.34347826086956523,""level"":0.9,""mean_area_m2"":1414790.8064438084},{""coverage_rate"":0.44782608695652176,""level"":0.95,""mean_area_m2"":1759973.1724441508}],""energy_score_m"":608.6966355471386,""nominal_seconds"":900,""position_entropy_nats"":3.2177986230740703},{""actual_elapsed_seconds_range"":[1785.0,1814.0],""coverage"":[{""coverage_rate"":0.32608695652173914,""level"":0.5,""mean_area_m2"":1990705.9000178005},{""coverage_rate"":0.3782608695652174,""level"":0.8,""mean_area_m2"":3542927.408903103},{""coverage_rate"":0.46956521739130436,""level"":0.9,""mean_area_m2"":4534650.204445425},{""coverage_rate"":0.5260869565217391,""level"":0.95,""mean_area_m2"":5463974.348767464}],""energy_score_m"":1004.1164568915138,""nominal_seconds"":1800,""position_entropy_nats"":4.121356973497437}]"
causal_prefix:NEX326-methods:arm-15/two_step,causal_prefix,NEX326-methods,arm-15/two_step,computed,230,230,0,"{""success"":230}",475.9493793623632,634.3103503229656,634.3103503229656,1322.3994323463949,609.9371060894828,"[{""actual_elapsed_seconds_range"":[49.0,67.0],""coverage"":[{""coverage_rate"":0.3347826086956522,""level"":0.5,""mean_area_m2"":13147.5700371696},{""coverage_rate"":0.8826086956521739,""level"":0.8,""mean_area_m2"":30689.186446942167},{""coverage_rate"":0.9565217391304348,""level"":0.9,""mean_area_m2"":43802.68386062628},{""coverage_rate"":0.9565217391304348,""level"":0.95,""mean_area_m2"":57299.19784150382}],""energy_score_m"":50.39226990313778,""nominal_seconds"":60,""position_entropy_nats"":1.3607676449131665},{""actual_elapsed_seconds_range"":[294.0,305.0],""coverage"":[{""coverage_rate"":0.0782608695652174,""level"":0.5,""mean_area_m2"":94839.2509201113},{""coverage_rate"":0.25217391304347825,""level"":0.8,""mean_area_m2"":211421.2288274827},{""coverage_rate"":0.3782608695652174,""level"":0.9,""mean_area_m2"":294357.64487934567},{""coverage_rate"":0.508695652173913,""level"":0.95,""mean_area_m2"":377623.6204645754}],""energy_score_m"":241.93406461109308,""nominal_seconds"":300,""position_entropy_nats"":1.9187697565044004},{""actual_elapsed_seconds_range"":[889.0,910.0],""coverage"":[{""coverage_rate"":0.08695652173913043,""level"":0.5,""mean_area_m2"":540132.6648933566},{""coverage_rate"":0.24782608695652175,""level"":0.8,""mean_area_m2"":1065397.8991679882},{""coverage_rate"":0.3565217391304348,""level"":0.9,""mean_area_m2"":1417538.1890683544},{""coverage_rate"":0.46956521739130436,""level"":0.95,""mean_area_m2"":1763125.3409888821}],""energy_score_m"":606.7563712045276,""nominal_seconds"":900,""position_entropy_nats"":3.2248419209920653},{""actual_elapsed_seconds_range"":[1785.0,1814.0],""coverage"":[{""coverage_rate"":0.3391304347826087,""level"":0.5,""mean_area_m2"":2003131.6650388942},{""coverage_rate"":0.3739130434782609,""level"":0.8,""mean_area_m2"":3561656.926649287},{""coverage_rate"":0.46956521739130436,""level"":0.9,""mean_area_m2"":4560523.728222167},{""coverage_rate"":0.5173913043478261,""level"":0.95,""mean_area_m2"":5480136.921539415}],""energy_score_m"":1004.7148117306944,""nominal_seconds"":1800,""position_entropy_nats"":4.127969001717125}]"
causal_prefix:NEX326-methods:arm-16/full,causal_prefix,NEX326-methods,arm-16/full,computed,230,230,0,"{""success"":230}",475.9041331413437,633.8773371153627,633.8773371153627,1321.242691312827,609.6887991028798,"[{""actual_elapsed_seconds_range"":[49.0,67.0],""coverage"":[{""coverage_rate"":0.3347826086956522,""level"":0.5,""mean_area_m2"":13148.454140948184},{""coverage_rate"":0.8739130434782608,""level"":0.8,""mean_area_m2"":30583.57463385182},{""coverage_rate"":0.9565217391304348,""level"":0.9,""mean_area_m2"":43698.34142939075},{""coverage_rate"":0.9565217391304348,""level"":0.95,""mean_area_m2"":56897.59862053666}],""energy_score_m"":50.293285772108575,""nominal_seconds"":60,""position_entropy_nats"":1.3613943292087363},{""actual_elapsed_seconds_range"":[294.0,305.0],""coverage"":[{""coverage_rate"":0.07391304347826087,""level"":0.5,""mean_area_m2"":94313.8342507697},{""coverage_rate"":0.2608695652173913,""level"":0.8,""mean_area_m2"":209685.90042756143},{""coverage_rate"":0.3782608695652174,""level"":0.9,""mean_area_m2"":292774.8691219015},{""coverage_rate"":0.5173913043478261,""level"":0.95,""mean_area_m2"":376725.92062424216}],""energy_score_m"":242.0590919527277,""nominal_seconds"":300,""position_entropy_nats"":1.9152502975172176},{""actual_elapsed_seconds_range"":[889.0,910.0],""coverage"":[{""coverage_rate"":0.08695652173913043,""level"":0.5,""mean_area_m2"":539369.1358510008},{""coverage_rate"":0.24782608695652175,""level"":0.8,""mean_area_m2"":1060742.2967199024},{""coverage_rate"":0.3347826086956522,""level"":0.9,""mean_area_m2"":1406930.3170472544},{""coverage_rate"":0.4652173913043478,""level"":0.95,""mean_area_m2"":1754039.9895371536}],""energy_score_m"":607.0956427667184,""nominal_seconds"":900,""position_entropy_nats"":3.2204189285611107},{""actual_elapsed_seconds_range"":[1785.0,1814.0],""coverage"":[{""coverage_rate"":0.3347826086956522,""level"":0.5,""mean_area_m2"":1989863.8188922075},{""coverage_rate"":0.3782608695652174,""level"":0.8,""mean_area_m2"":3534469.145828955},{""coverage_rate"":0.45652173913043476,""level"":0.9,""mean_area_m2"":4520782.13897938},{""coverage_rate"":0.5391304347826087,""level"":0.95,""mean_area_m2"":5448225.411761781}],""energy_score_m"":1004.1685120738202,""nominal_seconds"":1800,""position_entropy_nats"":4.117587592085249}]"
causal_prefix:NEX326-methods:arm-18/full,causal_prefix,NEX326-methods,arm-18/full,computed,230,230,0,"{""success"":230}",477.222550654561,635.2263797534794,635.2263797534794,1324.974686216706,611.4362786880092,"[{""actual_elapsed_seconds_range"":[49.0,67.0],""coverage"":[{""coverage_rate"":0.33043478260869563,""level"":0.5,""mean_area_m2"":13161.971764217571},{""coverage_rate"":0.8869565217391304,""level"":0.8,""mean_area_m2"":30600.711903371368},{""coverage_rate"":0.9565217391304348,""level"":0.9,""mean_area_m2"":43757.58262335927},{""coverage_rate"":0.9565217391304348,""level"":0.95,""mean_area_m2"":57303.85648446927}],""energy_score_m"":50.475750271447836,""nominal_seconds"":60,""position_entropy_nats"":1.3596733058413863},{""actual_elapsed_seconds_range"":[294.0,305.0],""coverage"":[{""coverage_rate"":0.06956521739130435,""level"":0.5,""mean_area_m2"":94450.62580701894},{""coverage_rate"":0.26521739130434785,""level"":0.8,""mean_area_m2"":209176.16485484378},{""coverage_rate"":0.3826086956521739,""level"":0.9,""mean_area_m2"":291996.237536824},{""coverage_rate"":0.48695652173913045,""level"":0.95,""mean_area_m2"":375607.80293186696}],""energy_score_m"":242.5447275720755,""nominal_seconds"":300,""position_entropy_nats"":1.9194388140198126},{""actual_elapsed_seconds_range"":[889.0,910.0],""coverage"":[{""coverage_rate"":0.09130434782608696,""level"":0.5,""mean_area_m2"":537520.9104491516},{""coverage_rate"":0.24347826086956523,""level"":0.8,""mean_area_m2"":1060258.2434090623},{""coverage_rate"":0.32608695652173914,""level"":0.9,""mean_area_m2"":1406916.817189766},{""coverage_rate"":0.45217391304347826,""level"":0.95,""mean_area_m2"":1753550.9611266442}],""energy_score_m"":608.2991174231471,""nominal_seconds"":900,""position_entropy_nats"":3.2189435335938286},{""actual_elapsed_seconds_range"":[1785.0,1814.0],""coverage"":[{""coverage_rate"":0.34347826086956523,""level"":0.5,""mean_area_m2"":1994586.5528303788},{""coverage_rate"":0.3695652173913043,""level"":0.8,""mean_area_m2"":3558613.334545235},{""coverage_rate"":0.45652173913043476,""level"":0.9,""mean_area_m2"":4551494.619031318},{""coverage_rate"":0.5173913043478261,""level"":0.95,""mean_area_m2"":5477448.706021515}],""energy_score_m"":1007.5706073515735,""nominal_seconds"":1800,""position_entropy_nats"":4.122182836515143}]"
causal_prefix:NEX326-methods:arm-19/em,causal_prefix,NEX326-methods,arm-19/em,computed,230,230,0,"{""success"":230}",477.24800345665267,635.2363292232188,635.2363292232188,1324.9892338924058,611.4649488537187,"[{""actual_elapsed_seconds_range"":[49.0,67.0],""coverage"":[{""coverage_rate"":0.33043478260869563,""level"":0.5,""mean_area_m2"":13154.157644651497},{""coverage_rate"":0.8826086956521739,""level"":0.8,""mean_area_m2"":30583.295412167485},{""coverage_rate"":0.9565217391304348,""level"":0.9,""mean_area_m2"":43732.65057295475},{""coverage_rate"":0.9565217391304348,""level"":0.95,""mean_area_m2"":57271.05435698295}],""energy_score_m"":50.47740255726934,""nominal_seconds"":60,""position_entropy_nats"":1.359688176402269},{""actual_elapsed_seconds_range"":[294.0,305.0],""coverage"":[{""coverage_rate"":0.06956521739130435,""level"":0.5,""mean_area_m2"":94398.37235526134},{""coverage_rate"":0.26521739130434785,""level"":0.8,""mean_area_m2"":209059.04764222956},{""coverage_rate"":0.3826086956521739,""level"":0.9,""mean_area_m2"":291836.1280827427},{""coverage_rate"":0.48695652173913045,""level"":0.95,""mean_area_m2"":375403.336259739}],""energy_score_m"":242.5633753768498,""nominal_seconds"":300,""position_entropy_nats"":1.9190581116345282},{""actual_elapsed_seconds_range"":[889.0,910.0],""coverage"":[{""coverage_rate"":0.09130434782608696,""level"":0.5,""mean_area_m2"":537212.5266150193},{""coverage_rate"":0.24347826086956523,""level"":0.8,""mean_area_m2"":1059699.9923106565},{""coverage_rate"":0.32608695652173914,""level"":0.9,""mean_area_m2"":1406094.068686262},{""coverage_rate"":0.45217391304347826,""level"":0.95,""mean_area_m2"":1752598.335877547}],""energy_score_m"":608.3449466006512,""nominal_seconds"":900,""position_entropy_nats"":3.2184261845802253},{""actual_elapsed_seconds_range"":[1785.0,1814.0],""coverage"":[{""coverage_rate"":0.34347826086956523,""level"":0.5,""mean_area_m2"":1993376.0427616085},{""coverage_rate"":0.3695652173913043,""level"":0.8,""mean_area_m2"":3556562.5916495915},{""coverage_rate"":0.45652173913043476,""level"":0.9,""mean_area_m2"":4548944.630525154},{""coverage_rate"":0.5173913043478261,""level"":0.95,""mean_area_m2"":5474260.717475412}],""energy_score_m"":1007.6062892918404,""nominal_seconds"":1800,""position_entropy_nats"":4.121631924222603}]"
causal_prefix:NEX326-methods:arm-19/euler,causal_prefix,NEX326-methods,arm-19/euler,computed,230,230,0,"{""success"":230}",477.24800345665267,635.2363292232188,635.2363292232188,1324.9892338924058,611.4649488537187,"[{""actual_elapsed_seconds_range"":[49.0,67.0],""coverage"":[{""coverage_rate"":0.33043478260869563,""level"":0.5,""mean_area_m2"":13154.157644651497},{""coverage_rate"":0.8826086956521739,""level"":0.8,""mean_area_m2"":30583.295412167485},{""coverage_rate"":0.9565217391304348,""level"":0.9,""mean_area_m2"":43732.65057295475},{""coverage_rate"":0.9565217391304348,""level"":0.95,""mean_area_m2"":57271.05435698295}],""energy_score_m"":50.47740255726934,""nominal_seconds"":60,""position_entropy_nats"":1.359688176402269},{""actual_elapsed_seconds_range"":[294.0,305.0],""coverage"":[{""coverage_rate"":0.06956521739130435,""level"":0.5,""mean_area_m2"":94398.37235526134},{""coverage_rate"":0.26521739130434785,""level"":0.8,""mean_area_m2"":209059.04764222956},{""coverage_rate"":0.3826086956521739,""level"":0.9,""mean_area_m2"":291836.1280827427},{""coverage_rate"":0.48695652173913045,""level"":0.95,""mean_area_m2"":375403.336259739}],""energy_score_m"":242.5633753768498,""nominal_seconds"":300,""position_entropy_nats"":1.9190581116345282},{""actual_elapsed_seconds_range"":[889.0,910.0],""coverage"":[{""coverage_rate"":0.09130434782608696,""level"":0.5,""mean_area_m2"":537212.5266150193},{""coverage_rate"":0.24347826086956523,""level"":0.8,""mean_area_m2"":1059699.9923106565},{""coverage_rate"":0.32608695652173914,""level"":0.9,""mean_area_m2"":1406094.068686262},{""coverage_rate"":0.45217391304347826,""level"":0.95,""mean_area_m2"":1752598.335877547}],""energy_score_m"":608.3449466006512,""nominal_seconds"":900,""position_entropy_nats"":3.2184261845802253},{""actual_elapsed_seconds_range"":[1785.0,1814.0],""coverage"":[{""coverage_rate"":0.34347826086956523,""level"":0.5,""mean_area_m2"":1993376.0427616085},{""coverage_rate"":0.3695652173913043,""level"":0.8,""mean_area_m2"":3556562.5916495915},{""coverage_rate"":0.45652173913043476,""level"":0.9,""mean_area_m2"":4548944.630525154},{""coverage_rate"":0.5173913043478261,""level"":0.95,""mean_area_m2"":5474260.717475412}],""energy_score_m"":1007.6062892918404,""nominal_seconds"":1800,""position_entropy_nats"":4.121631924222603}]"
causal_prefix:NEX326-methods:arm-20/full,causal_prefix,NEX326-methods,arm-20/full,computed,230,230,0,"{""success"":230}",476.2860559464645,634.213512085103,634.213512085103,1320.937314972707,610.1985736000952,"[{""actual_elapsed_seconds_range"":[49.0,67.0],""coverage"":[{""coverage_rate"":0.3347826086956522,""level"":0.5,""mean_area_m2"":13292.904302732995},{""coverage_rate"":0.8913043478260869,""level"":0.8,""mean_area_m2"":30686.806326003865},{""coverage_rate"":0.9565217391304348,""level"":0.9,""mean_area_m2"":43737.6454182715},{""coverage_rate"":0.9608695652173913,""level"":0.95,""mean_area_m2"":57290.38978137356}],""energy_score_m"":50.459334323163134,""nominal_seconds"":60,""position_entropy_nats"":1.361796111868126},{""actual_elapsed_seconds_range"":[294.0,305.0],""coverage"":[{""coverage_rate"":0.0782608695652174,""level"":0.5,""mean_area_m2"":94664.62257980909},{""coverage_rate"":0.26521739130434785,""level"":0.8,""mean_area_m2"":210603.8183449528},{""coverage_rate"":0.3782608695652174,""level"":0.9,""mean_area_m2"":294892.2438110379},{""coverage_rate"":0.5260869565217391,""level"":0.95,""mean_area_m2"":378043.24406303535}],""energy_score_m"":242.38875898322468,""nominal_seconds"":300,""position_entropy_nats"":1.9205916607210225},{""actual_elapsed_seconds_range"":[889.0,910.0],""coverage"":[{""coverage_rate"":0.08695652173913043,""level"":0.5,""mean_area_m2"":539887.6531250458},{""coverage_rate"":0.23478260869565218,""level"":0.8,""mean_area_m2"":1060717.6380588664},{""coverage_rate"":0.3347826086956522,""level"":0.9,""mean_area_m2"":1415444.6144144898},{""coverage_rate"":0.45217391304347826,""level"":0.95,""mean_area_m2"":1763800.7698551926}],""energy_score_m"":607.8524903642123,""nominal_seconds"":900,""position_entropy_nats"":3.223325360579771},{""actual_elapsed_seconds_range"":[1785.0,1814.0],""coverage"":[{""coverage_rate"":0.3391304347826087,""level"":0.5,""mean_area_m2"":1991718.4731089217},{""coverage_rate"":0.3695652173913043,""level"":0.8,""mean_area_m2"":3553984.1486875443},{""coverage_rate"":0.46956521739130436,""level"":0.9,""mean_area_m2"":4553418.607086459},{""coverage_rate"":0.5217391304347826,""level"":0.95,""mean_area_m2"":5481318.448804495}],""energy_score_m"":1004.4436401152578,""nominal_seconds"":1800,""position_entropy_nats"":4.122322824920948}]"
causal_prefix:NEX326-methods:arm-21/crn,causal_prefix,NEX326-methods,arm-21/crn,computed,230,230,0,"{""success"":230}",476.2859995953036,634.2135095563643,634.2135095563643,1320.9373071965456,610.1984857878055,"[{""actual_elapsed_seconds_range"":[49.0,67.0],""coverage"":[{""coverage_rate"":0.3347826086956522,""level"":0.5,""mean_area_m2"":13292.905788747852},{""coverage_rate"":0.8913043478260869,""level"":0.8,""mean_area_m2"":30686.80639077663},{""coverage_rate"":0.9565217391304348,""level"":0.9,""mean_area_m2"":43737.64284883558},{""coverage_rate"":0.9608695652173913,""level"":0.95,""mean_area_m2"":57290.39625091758}],""energy_score_m"":50.45933384231455,""nominal_seconds"":60,""position_entropy_nats"":1.361796111868126},{""actual_elapsed_seconds_range"":[294.0,305.0],""coverage"":[{""coverage_rate"":0.0782608695652174,""level"":0.5,""mean_area_m2"":94664.61964168963},{""coverage_rate"":0.26521739130434785,""level"":0.8,""mean_area_m2"":210603.92009160746},{""coverage_rate"":0.3782608695652174,""level"":0.9,""mean_area_m2"":294892.2536930424},{""coverage_rate"":0.5260869565217391,""level"":0.95,""mean_area_m2"":378043.1783116443}],""energy_score_m"":242.38874285227314,""nominal_seconds"":300,""position_entropy_nats"":1.9205916607210225},{""actual_elapsed_seconds_range"":[889.0,910.0],""coverage"":[{""coverage_rate"":0.08695652173913043,""level"":0.5,""mean_area_m2"":539888.7868495504},{""coverage_rate"":0.23478260869565218,""level"":0.8,""mean_area_m2"":1060717.8265993032},{""coverage_rate"":0.3347826086956522,""level"":0.9,""mean_area_m2"":1415444.7560529134},{""coverage_rate"":0.45217391304347826,""level"":0.95,""mean_area_m2"":1763800.5073936656}],""energy_score_m"":607.8524029888481,""nominal_seconds"":900,""position_entropy_nats"":3.2233223333698735},{""actual_elapsed_seconds_range"":[1785.0,1814.0],""coverage"":[{""coverage_rate"":0.3391304347826087,""level"":0.5,""mean_area_m2"":1991726.531587573},{""coverage_rate"":0.3695652173913043,""level"":0.8,""mean_area_m2"":3553989.258060052},{""coverage_rate"":0.46956521739130436,""level"":0.9,""mean_area_m2"":4553420.301605909},{""coverage_rate"":0.5217391304347826,""level"":0.95,""mean_area_m2"":5481302.993702687}],""energy_score_m"":1004.4435186977792,""nominal_seconds"":1800,""position_entropy_nats"":4.122340407477267}]"
causal_prefix:NEX326-methods:arm-21/mc,causal_prefix,NEX326-methods,arm-21/mc,computed,230,230,0,"{""success"":230}",475.50674225102097,633.6972195942315,633.6972195942315,1319.9739896089754,609.0532196329866,"[{""actual_elapsed_seconds_range"":[49.0,67.0],""coverage"":[{""coverage_rate"":0.3391304347826087,""level"":0.5,""mean_area_m2"":13125.766457550984},{""coverage_rate"":0.8826086956521739,""level"":0.8,""mean_area_m2"":30634.835576669775},{""coverage_rate"":0.9565217391304348,""level"":0.9,""mean_area_m2"":43611.4514338505},{""coverage_rate"":0.9608695652173913,""level"":0.95,""mean_area_m2"":57259.579313508}],""energy_score_m"":50.48077617625286,""nominal_seconds"":60,""position_entropy_nats"":1.360314679550115},{""actual_elapsed_seconds_range"":[294.0,305.0],""coverage"":[{""coverage_rate"":0.06956521739130435,""level"":0.5,""mean_area_m2"":93851.3626306722},{""coverage_rate"":0.26521739130434785,""level"":0.8,""mean_area_m2"":209038.57105908278},{""coverage_rate"":0.3652173913043478,""level"":0.9,""mean_area_m2"":291304.1307531327},{""coverage_rate"":0.5260869565217391,""level"":0.95,""mean_area_m2"":376099.2618520348}],""energy_score_m"":242.04652024799984,""nominal_seconds"":300,""position_entropy_nats"":1.9117060622973594},{""actual_elapsed_seconds_range"":[889.0,910.0],""coverage"":[{""coverage_rate"":0.09130434782608696,""level"":0.5,""mean_area_m2"":538081.2614734712},{""coverage_rate"":0.2391304347826087,""level"":0.8,""mean_area_m2"":1055502.3577144942},{""coverage_rate"":0.34347826086956523,""level"":0.9,""mean_area_m2"":1407446.2139591114},{""coverage_rate"":0.46956521739130436,""level"":0.95,""mean_area_m2"":1744623.0554995313}],""energy_score_m"":607.0405716314185,""nominal_seconds"":900,""position_entropy_nats"":3.217015506257578},{""actual_elapsed_seconds_range"":[1785.0,1814.0],""coverage"":[{""coverage_rate"":0.3391304347826087,""level"":0.5,""mean_area_m2"":1986002.3699873167},{""coverage_rate"":0.3695652173913043,""level"":0.8,""mean_area_m2"":3534252.4623541934},{""coverage_rate"":0.4608695652173913,""level"":0.9,""mean_area_m2"":4526337.719620772},{""coverage_rate"":0.5391304347826087,""level"":0.95,""mean_area_m2"":5452693.52496732}],""energy_score_m"":1002.4591009484125,""nominal_seconds"":1800,""position_entropy_nats"":4.118677554696574}]"
causal_prefix:inertial:all,causal_prefix,inertial,all,computed,46,46,0,"{""success"":46}",824.7279113214591,824.7279113214591,824.7279113214591,2095.7834901174965,1162.9016610810982,"[{""actual_elapsed_seconds_range"":[49.0,67.0],""coverage"":[{""coverage_rate"":0.0,""level"":0.5,""mean_area_m2"":0.0},{""coverage_rate"":0.0,""level"":0.8,""mean_area_m2"":0.0},{""coverage_rate"":0.0,""level"":0.9,""mean_area_m2"":0.0},{""coverage_rate"":0.0,""level"":0.95,""mean_area_m2"":0.0}],""energy_score_m"":31.172460629641932,""nominal_seconds"":60,""position_entropy_nats"":0.0},{""actual_elapsed_seconds_range"":[294.0,305.0],""coverage"":[{""coverage_rate"":0.0,""level"":0.5,""mean_area_m2"":0.0},{""coverage_rate"":0.0,""level"":0.8,""mean_area_m2"":0.0},{""coverage_rate"":0.0,""level"":0.9,""mean_area_m2"":0.0},{""coverage_rate"":0.0,""level"":0.95,""mean_area_m2"":0.0}],""energy_score_m"":237.92713645422208,""nominal_seconds"":300,""position_entropy_nats"":0.0},{""actual_elapsed_seconds_range"":[889.0,910.0],""coverage"":[{""coverage_rate"":0.0,""level"":0.5,""mean_area_m2"":0.0},{""coverage_rate"":0.0,""level"":0.8,""mean_area_m2"":0.0},{""coverage_rate"":0.0,""level"":0.9,""mean_area_m2"":0.0},{""coverage_rate"":0.0,""level"":0.95,""mean_area_m2"":0.0}],""energy_score_m"":934.0285580844752,""nominal_seconds"":900,""position_entropy_nats"":0.0},{""actual_elapsed_seconds_range"":[1785.0,1814.0],""coverage"":[{""coverage_rate"":0.0,""level"":0.5,""mean_area_m2"":0.0},{""coverage_rate"":0.0,""level"":0.8,""mean_area_m2"":0.0},{""coverage_rate"":0.0,""level"":0.9,""mean_area_m2"":0.0},{""coverage_rate"":0.0,""level"":0.95,""mean_area_m2"":0.0}],""energy_score_m"":2095.7834901174965,""nominal_seconds"":1800,""position_entropy_nats"":0.0}]"
causal_prefix:terrain:all-terrain,causal_prefix,terrain,all-terrain,unavailable,230,230,0,"{""failed"":1,""success"":229}",,,,,,
causal_prefix:terrain:base,causal_prefix,terrain,base,computed,230,230,0,"{""success"":230}",450.24317602859554,620.6345043560391,620.6345043560391,1408.070828427106,603.6244347325727,"[{""actual_elapsed_seconds_range"":[49.0,67.0],""coverage"":[{""coverage_rate"":0.7521739130434782,""level"":0.5,""mean_area_m2"":5736.610142567147},{""coverage_rate"":0.9608695652173913,""level"":0.8,""mean_area_m2"":13233.696002547977},{""coverage_rate"":0.9782608695652174,""level"":0.9,""mean_area_m2"":18935.976536949594},{""coverage_rate"":0.991304347826087,""level"":0.95,""mean_area_m2"":24765.565428367994}],""energy_score_m"":23.58107978625003,""nominal_seconds"":60,""position_entropy_nats"":0.8184284163237175},{""actual_elapsed_seconds_range"":[294.0,305.0],""coverage"":[{""coverage_rate"":0.4434782608695652,""level"":0.5,""mean_area_m2"":194116.7659149617},{""coverage_rate"":0.782608695652174,""level"":0.8,""mean_area_m2"":362009.310001286},{""coverage_rate"":0.9304347826086956,""level"":0.9,""mean_area_m2"":480524.2123649041},{""coverage_rate"":0.9652173913043478,""level"":0.95,""mean_area_m2"":599350.4411249206}],""energy_score_m"":176.76343029169914,""nominal_seconds"":300,""position_entropy_nats"":2.346444253861946},{""actual_elapsed_seconds_range"":[889.0,910.0],""coverage"":[{""coverage_rate"":0.2608695652173913,""level"":0.5,""mean_area_m2"":811201.2846609032},{""coverage_rate"":0.43043478260869567,""level"":0.8,""mean_area_m2"":1768362.7194594652},{""coverage_rate"":0.5782608695652174,""level"":0.9,""mean_area_m2"":2422293.5227529416},{""coverage_rate"":0.7347826086956522,""level"":0.95,""mean_area_m2"":3049187.7283430244}],""energy_score_m"":554.5618004676373,""nominal_seconds"":900,""position_entropy_nats"":3.7244259705180935},{""actual_elapsed_seconds_range"":[1785.0,1814.0],""coverage"":[{""coverage_rate"":0.13478260869565217,""level"":0.5,""mean_area_m2"":1673279.2984284137},{""coverage_rate"":0.3391304347826087,""level"":0.8,""mean_area_m2"":3866170.5650923224},{""coverage_rate"":0.4826086956521739,""level"":0.9,""mean_area_m2"":5505910.4290865185},{""coverage_rate"":0.5956521739130435,""level"":0.95,""mean_area_m2"":7137821.704635855}],""energy_score_m"":1046.0663935687955,""nominal_seconds"":1800,""position_entropy_nats"":4.41122902478407}]"
causal_prefix:terrain:lio-river,causal_prefix,terrain,lio-river,unavailable,230,230,0,"{""failed"":1,""success"":229}",,,,,,
causal_prefix:terrain:lio-road,causal_prefix,terrain,lio-road,unavailable,230,230,0,"{""failed"":1,""success"":229}",,,,,,
causal_prefix:terrain:lio-surface,causal_prefix,terrain,lio-surface,computed,230,230,0,"{""success"":230}",455.04334506060184,622.3200039916663,622.3200039916663,1391.568417954944,607.9155454992206,"[{""actual_elapsed_seconds_range"":[49.0,67.0],""coverage"":[{""coverage_rate"":0.6565217391304348,""level"":0.5,""mean_area_m2"":5479.177076633315},{""coverage_rate"":0.9478260869565217,""level"":0.8,""mean_area_m2"":12691.519526128934},{""coverage_rate"":0.9782608695652174,""level"":0.9,""mean_area_m2"":18421.827410714086},{""coverage_rate"":0.991304347826087,""level"":0.95,""mean_area_m2"":24279.48492554919}],""energy_score_m"":24.196935795712935,""nominal_seconds"":60,""position_entropy_nats"":0.7896614608669443},{""actual_elapsed_seconds_range"":[294.0,305.0],""coverage"":[{""coverage_rate"":0.3652173913043478,""level"":0.5,""mean_area_m2"":180459.10235488135},{""coverage_rate"":0.7782608695652173,""level"":0.8,""mean_area_m2"":348475.8111294619},{""coverage_rate"":0.8521739130434782,""level"":0.9,""mean_area_m2"":474211.6866164184},{""coverage_rate"":0.9260869565217391,""level"":0.95,""mean_area_m2"":605374.7526187048}],""energy_score_m"":183.48834115260257,""nominal_seconds"":300,""position_entropy_nats"":2.2858053679453545},{""actual_elapsed_seconds_range"":[889.0,910.0],""coverage"":[{""coverage_rate"":0.1608695652173913,""level"":0.5,""mean_area_m2"":796254.4213873757},{""coverage_rate"":0.45652173913043476,""level"":0.8,""mean_area_m2"":1755205.2247316786},{""coverage_rate"":0.6130434782608696,""level"":0.9,""mean_area_m2"":2420241.9112448515},{""coverage_rate"":0.7652173913043478,""level"":0.95,""mean_area_m2"":3087418.250600141}],""energy_score_m"":572.5768583452099,""nominal_seconds"":900,""position_entropy_nats"":3.6804729369715594},{""actual_elapsed_seconds_range"":[1785.0,1814.0],""coverage"":[{""coverage_rate"":0.2,""level"":0.5,""mean_area_m2"":1723992.8812683257},{""coverage_rate"":0.47391304347826085,""level"":0.8,""mean_area_m2"":3978406.8329432923},{""coverage_rate"":0.48695652173913045,""level"":0.9,""mean_area_m2"":5671631.59811524},{""coverage_rate"":0.5521739130434783,""level"":0.95,""mean_area_m2"":7376221.274391293}],""energy_score_m"":1039.9112449488819,""nominal_seconds"":1800,""position_entropy_nats"":4.374219399161231}]"
causal_prefix:terrain:lio-worldcover,causal_prefix,terrain,lio-worldcover,computed,230,230,0,"{""success"":230}",446.4338191837136,615.1625790060141,615.1625790060141,1396.1311751575472,598.4944863093381,"[{""actual_elapsed_seconds_range"":[49.0,67.0],""coverage"":[{""coverage_rate"":0.7086956521739131,""level"":0.5,""mean_area_m2"":5700.8366106154235},{""coverage_rate"":0.9521739130434783,""level"":0.8,""mean_area_m2"":13169.406080053122},{""coverage_rate"":0.9782608695652174,""level"":0.9,""mean_area_m2"":18846.005080026436},{""coverage_rate"":0.9956521739130435,""level"":0.95,""mean_area_m2"":24624.93537185538}],""energy_score_m"":24.002643741145558,""nominal_seconds"":60,""position_entropy_nats"":0.8146868364201818},{""actual_elapsed_seconds_range"":[294.0,305.0],""coverage"":[{""coverage_rate"":0.40869565217391307,""level"":0.5,""mean_area_m2"":189672.80328380316},{""coverage_rate"":0.7260869565217392,""level"":0.8,""mean_area_m2"":357174.1946189104},{""coverage_rate"":0.9130434782608695,""level"":0.9,""mean_area_m2"":477427.0959080632},{""coverage_rate"":0.9782608695652174,""level"":0.95,""mean_area_m2"":598519.0710860862}],""energy_score_m"":178.64713150449617,""nominal_seconds"":300,""position_entropy_nats"":2.3241474852076136},{""actual_elapsed_seconds_range"":[889.0,910.0],""coverage"":[{""coverage_rate"":0.2391304347826087,""level"":0.5,""mean_area_m2"":799217.6712993525},{""coverage_rate"":0.48695652173913045,""level"":0.8,""mean_area_m2"":1790562.782450797},{""coverage_rate"":0.6434782608695652,""level"":0.9,""mean_area_m2"":2467296.7485894132},{""coverage_rate"":0.7521739130434782,""level"":0.95,""mean_area_m2"":3115036.2370794285}],""energy_score_m"":548.2434856222434,""nominal_seconds"":900,""position_entropy_nats"":3.684306974327935},{""actual_elapsed_seconds_range"":[1785.0,1814.0],""coverage"":[{""coverage_rate"":0.1608695652173913,""level"":0.5,""mean_area_m2"":1689132.4868799914},{""coverage_rate"":0.34782608695652173,""level"":0.8,""mean_area_m2"":3921519.4846938215},{""coverage_rate"":0.5304347826086957,""level"":0.9,""mean_area_m2"":5640038.374012448},{""coverage_rate"":0.6173913043478261,""level"":0.95,""mean_area_m2"":7315853.472260988}],""energy_score_m"":1034.842015866969,""nominal_seconds"":1800,""position_entropy_nats"":4.356782026682536}]"
causal_prefix:terrain:loo-river,causal_prefix,terrain,loo-river,computed,230,230,0,"{""success"":230}",487.88464847408926,645.4916891965587,645.4916891965587,1425.6175240134178,646.0397372340948,"[{""actual_elapsed_seconds_range"":[49.0,67.0],""coverage"":[{""coverage_rate"":0.5434782608695652,""level"":0.5,""mean_area_m2"":5321.450864192407},{""coverage_rate"":0.8869565217391304,""level"":0.8,""mean_area_m2"":12229.138557317052},{""coverage_rate"":0.9391304347826087,""level"":0.9,""mean_area_m2"":17653.918978746184},{""coverage_rate"":0.9739130434782609,""level"":0.95,""mean_area_m2"":23367.317727320904}],""energy_score_m"":27.278607959947713,""nominal_seconds"":60,""position_entropy_nats"":0.7680654689398307},{""actual_elapsed_seconds_range"":[294.0,305.0],""coverage"":[{""coverage_rate"":0.3695652173913043,""level"":0.5,""mean_area_m2"":163634.98387918784},{""coverage_rate"":0.591304347826087,""level"":0.8,""mean_area_m2"":331202.1633407357},{""coverage_rate"":0.7521739130434782,""level"":0.9,""mean_area_m2"":463905.06226074294},{""coverage_rate"":0.8826086956521739,""level"":0.95,""mean_area_m2"":604160.2638096701}],""energy_score_m"":205.4877409378653,""nominal_seconds"":300,""position_entropy_nats"":2.156721709601106},{""actual_elapsed_seconds_range"":[889.0,910.0],""coverage"":[{""coverage_rate"":0.19130434782608696,""level"":0.5,""mean_area_m2"":754623.5805684834},{""coverage_rate"":0.47391304347826085,""level"":0.8,""mean_area_m2"":1737815.9074961399},{""coverage_rate"":0.6739130434782609,""level"":0.9,""mean_area_m2"":2443317.6466583004},{""coverage_rate"":0.7347826086956522,""level"":0.95,""mean_area_m2"":3190861.1803804236}],""energy_score_m"":617.7293801983684,""nominal_seconds"":900,""position_entropy_nats"":3.466580669888707},{""actual_elapsed_seconds_range"":[1785.0,1814.0],""coverage"":[{""coverage_rate"":0.20869565217391303,""level"":0.5,""mean_area_m2"":1606915.3591009623},{""coverage_rate"":0.3695652173913043,""level"":0.8,""mean_area_m2"":3909396.242340543},{""coverage_rate"":0.5130434782608696,""level"":0.9,""mean_area_m2"":5684944.815302103},{""coverage_rate"":0.6086956521739131,""level"":0.95,""mean_area_m2"":7555591.352485681}],""energy_score_m"":1101.0428648001755,""nominal_seconds"":1800,""position_entropy_nats"":4.127569891241691}]"
causal_prefix:terrain:loo-road,causal_prefix,terrain,loo-road,computed,230,230,0,"{""success"":230}",451.5409750715864,604.6153537484706,604.6153537484706,1422.7279135958695,613.2036910807604,"[{""actual_elapsed_seconds_range"":[49.0,67.0],""coverage"":[{""coverage_rate"":0.6043478260869565,""level"":0.5,""mean_area_m2"":5104.551286105434},{""coverage_rate"":0.9521739130434783,""level"":0.8,""mean_area_m2"":11914.721374185463},{""coverage_rate"":0.9565217391304348,""level"":0.9,""mean_area_m2"":17378.225191518337},{""coverage_rate"":0.9652173913043478,""level"":0.95,""mean_area_m2"":23091.4386366218}],""energy_score_m"":24.20871203814738,""nominal_seconds"":60,""position_entropy_nats"":0.7401907797961879},{""actual_elapsed_seconds_range"":[294.0,305.0],""coverage"":[{""coverage_rate"":0.4434782608695652,""level"":0.5,""mean_area_m2"":155099.55427928347},{""coverage_rate"":0.6956521739130435,""level"":0.8,""mean_area_m2"":319874.1321425382},{""coverage_rate"":0.8695652173913043,""level"":0.9,""mean_area_m2"":454145.94958296354},{""coverage_rate"":0.9347826086956522,""level"":0.95,""mean_area_m2"":596808.133299166}],""energy_score_m"":173.92576160745043,""nominal_seconds"":300,""position_entropy_nats"":2.165382849712599},{""actual_elapsed_seconds_range"":[889.0,910.0],""coverage"":[{""coverage_rate"":0.2565217391304348,""level"":0.5,""mean_area_m2"":714478.2119641972},{""coverage_rate"":0.6086956521739131,""level"":0.8,""mean_area_m2"":1608191.558947972},{""coverage_rate"":0.717391304347826,""level"":0.9,""mean_area_m2"":2295637.4178840276},{""coverage_rate"":0.7521739130434782,""level"":0.95,""mean_area_m2"":3063038.353677703}],""energy_score_m"":524.5729879723002,""nominal_seconds"":900,""position_entropy_nats"":3.496642999359485},{""actual_elapsed_seconds_range"":[1785.0,1814.0],""coverage"":[{""coverage_rate"":0.13478260869565217,""level"":0.5,""mean_area_m2"":1542999.5654582486},{""coverage_rate"":0.28695652173913044,""level"":0.8,""mean_area_m2"":3841159.031260937},{""coverage_rate"":0.4826086956521739,""level"":0.9,""mean_area_m2"":5685098.965933545},{""coverage_rate"":0.6478260869565218,""level"":0.95,""mean_area_m2"":7696152.9613534985}],""energy_score_m"":1083.456438668447,""nominal_seconds"":1800,""position_entropy_nats"":4.167447341417663}]"
causal_prefix:terrain:loo-surface,causal_prefix,terrain,loo-surface,computed,230,230,0,"{""success"":230}",467.00428553137755,628.6553434570628,628.6553434570628,1457.30601942453,628.271384043116,"[{""actual_elapsed_seconds_range"":[49.0,67.0],""coverage"":[{""coverage_rate"":0.591304347826087,""level"":0.5,""mean_area_m2"":5300.628264244712},{""coverage_rate"":0.8956521739130435,""level"":0.8,""mean_area_m2"":12254.695444815654},{""coverage_rate"":0.9565217391304348,""level"":0.9,""mean_area_m2"":17611.611719338107},{""coverage_rate"":0.9695652173913043,""level"":0.95,""mean_area_m2"":23079.703198696243}],""energy_score_m"":26.118726968938965,""nominal_seconds"":60,""position_entropy_nats"":0.7483704003342356},{""actual_elapsed_seconds_range"":[294.0,305.0],""coverage"":[{""coverage_rate"":0.33043478260869563,""level"":0.5,""mean_area_m2"":158669.24744480127},{""coverage_rate"":0.6869565217391305,""level"":0.8,""mean_area_m2"":326937.64827842213},{""coverage_rate"":0.8434782608695652,""level"":0.9,""mean_area_m2"":460232.9614655213},{""coverage_rate"":0.9304347826086956,""level"":0.95,""mean_area_m2"":599295.2761222556}],""energy_score_m"":188.94655991237505,""nominal_seconds"":300,""position_entropy_nats"":2.155424856945566},{""actual_elapsed_seconds_range"":[889.0,910.0],""coverage"":[{""coverage_rate"":0.3,""level"":0.5,""mean_area_m2"":776707.8727949358},{""coverage_rate"":0.5173913043478261,""level"":0.8,""mean_area_m2"":1736867.1457529005},{""coverage_rate"":0.6826086956521739,""level"":0.9,""mean_area_m2"":2469676.322120587},{""coverage_rate"":0.7521739130434782,""level"":0.95,""mean_area_m2"":3259525.191774309}],""energy_score_m"":550.1553522367045,""nominal_seconds"":900,""position_entropy_nats"":3.4657363348681676},{""actual_elapsed_seconds_range"":[1785.0,1814.0],""coverage"":[{""coverage_rate"":0.15217391304347827,""level"":0.5,""mean_area_m2"":1659465.560382677},{""coverage_rate"":0.32608695652173914,""level"":0.8,""mean_area_m2"":4148921.704561924},{""coverage_rate"":0.4782608695652174,""level"":0.9,""mean_area_m2"":6087257.612368164},{""coverage_rate"":0.5608695652173913,""level"":0.95,""mean_area_m2"":8201559.504512485}],""energy_score_m"":1102.7965030074915,""nominal_seconds"":1800,""position_entropy_nats"":4.142266638381865}]"
causal_prefix:terrain:loo-worldcover,causal_prefix,terrain,loo-worldcover,computed,230,230,0,"{""success"":230}",469.561640778357,622.2669635671576,622.2669635671576,1432.1946816147417,629.6885799953828,"[{""actual_elapsed_seconds_range"":[49.0,67.0],""coverage"":[{""coverage_rate"":0.5434782608695652,""level"":0.5,""mean_area_m2"":5080.4315667081755},{""coverage_rate"":0.8869565217391304,""level"":0.8,""mean_area_m2"":11784.605337649886},{""coverage_rate"":0.9521739130434783,""level"":0.9,""mean_area_m2"":17150.38783920063},{""coverage_rate"":1.0,""level"":0.95,""mean_area_m2"":22839.73164186866}],""energy_score_m"":25.985473504360993,""nominal_seconds"":60,""position_entropy_nats"":0.7195424184588357},{""actual_elapsed_seconds_range"":[294.0,305.0],""coverage"":[{""coverage_rate"":0.4260869565217391,""level"":0.5,""mean_area_m2"":160093.66329969978},{""coverage_rate"":0.7434782608695653,""level"":0.8,""mean_area_m2"":332747.46998818027},{""coverage_rate"":0.8391304347826087,""level"":0.9,""mean_area_m2"":471796.017176078},{""coverage_rate"":0.8913043478260869,""level"":0.95,""mean_area_m2"":612020.1237069726}],""energy_score_m"":188.772899249897,""nominal_seconds"":300,""position_entropy_nats"":2.1476162951535644},{""actual_elapsed_seconds_range"":[889.0,910.0],""coverage"":[{""coverage_rate"":0.20434782608695654,""level"":0.5,""mean_area_m2"":732932.9496438686},{""coverage_rate"":0.5608695652173913,""level"":0.8,""mean_area_m2"":1677083.0297721326},{""coverage_rate"":0.6826086956521739,""level"":0.9,""mean_area_m2"":2418025.488938422},{""coverage_rate"":0.7565217391304347,""level"":0.95,""mean_area_m2"":3234006.1260676044}],""energy_score_m"":558.5109104612508,""nominal_seconds"":900,""position_entropy_nats"":3.470695705245865},{""actual_elapsed_seconds_range"":[1785.0,1814.0],""coverage"":[{""coverage_rate"":0.1608695652173913,""level"":0.5,""mean_area_m2"":1560430.3214099284},{""coverage_rate"":0.34782608695652173,""level"":0.8,""mean_area_m2"":3892259.448892187},{""coverage_rate"":0.43043478260869567,""level"":0.9,""mean_area_m2"":5815012.331012333},{""coverage_rate"":0.5956521739130435,""level"":0.95,""mean_area_m2"":8094390.305296543}],""energy_score_m"":1104.9772798979193,""nominal_seconds"":1800,""position_entropy_nats"":4.131619120464062}]"
known_velocity:NEX326-diagnostic:diagnostic/full-exact-kernel,known_velocity,NEX326-diagnostic,diagnostic/full-exact-kernel,computed,30,30,0,"{""success"":30}",431.048566140529,608.6091230085702,608.6091230085702,1194.3565328994255,534.4760433357702,"[{""actual_elapsed_seconds_range"":[50.0,67.0],""coverage"":[{""coverage_rate"":0.3333333333333333,""level"":0.5,""mean_area_m2"":12842.47711862562},{""coverage_rate"":0.7666666666666667,""level"":0.8,""mean_area_m2"":30255.103545539234},{""coverage_rate"":1.0,""level"":0.9,""mean_area_m2"":43131.87625733162},{""coverage_rate"":1.0,""level"":0.95,""mean_area_m2"":56319.111673988155}],""energy_score_m"":51.43680360395158,""nominal_seconds"":60,""position_entropy_nats"":1.383050131391021},{""actual_elapsed_seconds_range"":[297.0,305.0],""coverage"":[{""coverage_rate"":0.0,""level"":0.5,""mean_area_m2"":96262.72325264828},{""coverage_rate"":0.03333333333333333,""level"":0.8,""mean_area_m2"":212360.1150222882},{""coverage_rate"":0.4,""level"":0.9,""mean_area_m2"":295818.3680749374},{""coverage_rate"":0.6666666666666666,""level"":0.95,""mean_area_m2"":379394.6299880597}],""energy_score_m"":248.08720524357668,""nominal_seconds"":300,""position_entropy_nats"":1.9332354431257166},{""actual_elapsed_seconds_range"":[899.0,910.0],""coverage"":[{""coverage_rate"":0.0,""level"":0.5,""mean_area_m2"":539947.53432846},{""coverage_rate"":0.0,""level"":0.8,""mean_area_m2"":1060670.3489131622},{""coverage_rate"":0.0,""level"":0.9,""mean_area_m2"":1407784.3459913472},{""coverage_rate"":0.16666666666666666,""level"":0.95,""mean_area_m2"":1732949.5338118873}],""energy_score_m"":593.3693187475153,""nominal_seconds"":900,""position_entropy_nats"":3.2846507390543054},{""actual_elapsed_seconds_range"":[1792.0,1805.0],""coverage"":[{""coverage_rate"":0.06666666666666667,""level"":0.5,""mean_area_m2"":1958637.554600513},{""coverage_rate"":0.43333333333333335,""level"":0.8,""mean_area_m2"":3399718.3676445344},{""coverage_rate"":0.5,""level"":0.9,""mean_area_m2"":4317192.388479319},{""coverage_rate"":0.5333333333333333,""level"":0.95,""mean_area_m2"":5218754.906905434}],""energy_score_m"":831.3009369670721,""nominal_seconds"":1800,""position_entropy_nats"":4.203905699159981}]"
known_velocity:NEX326-methods:arm-01/full,known_velocity,NEX326-methods,arm-01/full,computed,30,30,0,"{""success"":30}",431.88515238347975,609.9051615794916,609.9051615794916,1195.450213569326,535.7788739650391,"[{""actual_elapsed_seconds_range"":[50.0,67.0],""coverage"":[{""coverage_rate"":0.3333333333333333,""level"":0.5,""mean_area_m2"":12820.190415245106},{""coverage_rate"":0.8666666666666667,""level"":0.8,""mean_area_m2"":29415.443154114608},{""coverage_rate"":1.0,""level"":0.9,""mean_area_m2"":42454.956683347555},{""coverage_rate"":1.0,""level"":0.95,""mean_area_m2"":55240.90009970858}],""energy_score_m"":50.90450288444015,""nominal_seconds"":60,""position_entropy_nats"":1.3820696749973307},{""actual_elapsed_seconds_range"":[297.0,305.0],""coverage"":[{""coverage_rate"":0.0,""level"":0.5,""mean_area_m2"":96256.14936479338},{""coverage_rate"":0.0,""level"":0.8,""mean_area_m2"":213404.1250041322},{""coverage_rate"":0.3333333333333333,""level"":0.9,""mean_area_m2"":296021.53298460855},{""coverage_rate"":0.6666666666666666,""level"":0.95,""mean_area_m2"":376169.9287315693}],""energy_score_m"":250.14961543356418,""nominal_seconds"":300,""position_entropy_nats"":1.9376179466625483},{""actual_elapsed_seconds_range"":[899.0,910.0],""coverage"":[{""coverage_rate"":0.0,""level"":0.5,""mean_area_m2"":544589.8884298416},{""coverage_rate"":0.0,""level"":0.8,""mean_area_m2"":1045307.849511054},{""coverage_rate"":0.0,""level"":0.9,""mean_area_m2"":1388068.780324741},{""coverage_rate"":0.26666666666666666,""level"":0.95,""mean_area_m2"":1741550.3698318894}],""energy_score_m"":595.3645284797009,""nominal_seconds"":900,""position_entropy_nats"":3.280194897221317},{""actual_elapsed_seconds_range"":[1792.0,1805.0],""coverage"":[{""coverage_rate"":0.1,""level"":0.5,""mean_area_m2"":1946486.7555454965},{""coverage_rate"":0.4666666666666667,""level"":0.8,""mean_area_m2"":3394975.3908535233},{""coverage_rate"":0.5,""level"":0.9,""mean_area_m2"":4364444.839291276},{""coverage_rate"":0.6,""level"":0.95,""mean_area_m2"":5271030.239020318}],""energy_score_m"":831.1219627362137,""nominal_seconds"":1800,""position_entropy_nats"":4.197826418577422}]"
known_velocity:NEX326-methods:arm-02/pointwise,known_velocity,NEX326-methods,arm-02/pointwise,computed,30,30,0,"{""success"":30}",480.1722408415144,609.7773677458162,609.7773677458162,1195.3013407043027,598.9882316191428,"[{""actual_elapsed_seconds_range"":[50.0,67.0],""coverage"":[{""coverage_rate"":0.3333333333333333,""level"":0.5,""mean_area_m2"":12747.56126327853},{""coverage_rate"":0.7333333333333333,""level"":0.8,""mean_area_m2"":29721.14580524376},{""coverage_rate"":1.0,""level"":0.9,""mean_area_m2"":42472.87994443163},{""coverage_rate"":1.0,""level"":0.95,""mean_area_m2"":55287.770962799346}],""energy_score_m"":51.64462592357675,""nominal_seconds"":60,""position_entropy_nats"":1.3835115763203742},{""actual_elapsed_seconds_range"":[297.0,305.0],""coverage"":[{""coverage_rate"":0.0,""level"":0.5,""mean_area_m2"":67436.58082029062},{""coverage_rate"":0.0,""level"":0.8,""mean_area_m2"":156292.43187934448},{""coverage_rate"":0.0,""level"":0.9,""mean_area_m2"":225054.93506113807},{""coverage_rate"":0.3,""level"":0.95,""mean_area_m2"":293188.7911764497}],""energy_score_m"":258.760585098945,""nominal_seconds"":300,""position_entropy_nats"":1.737839590166388},{""actual_elapsed_seconds_range"":[899.0,910.0],""coverage"":[{""coverage_rate"":0.0,""level"":0.5,""mean_area_m2"":214253.15383379636},{""coverage_rate"":0.0,""level"":0.8,""mean_area_m2"":499723.74961651984},{""coverage_rate"":0.0,""level"":0.9,""mean_area_m2"":718680.9535604751},{""coverage_rate"":0.0,""level"":0.95,""mean_area_m2"":943377.5066408685}],""energy_score_m"":656.7172201980035,""nominal_seconds"":900,""position_entropy_nats"":2.6655740791449754},{""actual_elapsed_seconds_range"":[1792.0,1805.0],""coverage"":[{""coverage_rate"":0.0,""level"":0.5,""mean_area_m2"":486462.1173202418},{""coverage_rate"":0.0,""level"":0.8,""mean_area_m2"":1121660.0322882163},{""coverage_rate"":0.0,""level"":0.9,""mean_area_m2"":1602966.9795871854},{""coverage_rate"":0.26666666666666666,""level"":0.95,""mean_area_m2"":2104741.777834974}],""energy_score_m"":953.5665321455325,""nominal_seconds"":1800,""position_entropy_nats"":3.3859456109905266}]"
known_velocity:NEX326-methods:arm-03/single_gaussian,known_velocity,NEX326-methods,arm-03/single_gaussian,unavailable,30,30,0,"{""failed"":1,""success"":29}",,,,,,
known_velocity:NEX326-methods:arm-04/gmm_kernel,known_velocity,NEX326-methods,arm-04/gmm_kernel,computed,30,30,0,"{""success"":30}",444.43185175322253,604.1848462303541,604.1848462303541,1185.182821852755,554.7842475642396,"[{""actual_elapsed_seconds_range"":[50.0,67.0],""coverage"":[{""coverage_rate"":0.5666666666666667,""level"":0.5,""mean_area_m2"":24491.899442600752},{""coverage_rate"":1.0,""level"":0.8,""mean_area_m2"":50820.505316768045},{""coverage_rate"":1.0,""level"":0.9,""mean_area_m2"":70557.84124398352},{""coverage_rate"":1.0,""level"":0.95,""mean_area_m2"":90484.84361998703}],""energy_score_m"":51.68241853241521,""nominal_seconds"":60,""position_entropy_nats"":1.38611812289622},{""actual_elapsed_seconds_range"":[297.0,305.0],""coverage"":[{""coverage_rate"":0.0,""level"":0.5,""mean_area_m2"":122444.95643428755},{""coverage_rate"":0.36666666666666664,""level"":0.8,""mean_area_m2"":277997.65908465435},{""coverage_rate"":0.6333333333333333,""level"":0.9,""mean_area_m2"":400937.4613101156},{""coverage_rate"":0.8,""level"":0.95,""mean_area_m2"":518164.5605763016}],""energy_score_m"":240.31973915937064,""nominal_seconds"":300,""position_entropy_nats"":2.1697883843053947},{""actual_elapsed_seconds_range"":[899.0,910.0],""coverage"":[{""coverage_rate"":0.0,""level"":0.5,""mean_area_m2"":408439.96904883545},{""coverage_rate"":0.0,""level"":0.8,""mean_area_m2"":940583.6035251667},{""coverage_rate"":0.13333333333333333,""level"":0.9,""mean_area_m2"":1351441.427513788},{""coverage_rate"":0.26666666666666666,""level"":0.95,""mean_area_m2"":1759332.0829239378}],""energy_score_m"":603.4237235598974,""nominal_seconds"":900,""position_entropy_nats"":3.2222562754424477},{""actual_elapsed_seconds_range"":[1792.0,1805.0],""coverage"":[{""coverage_rate"":0.0,""level"":0.5,""mean_area_m2"":948468.7069700932},{""coverage_rate"":0.3,""level"":0.8,""mean_area_m2"":2147960.5298319976},{""coverage_rate"":0.5,""level"":0.9,""mean_area_m2"":3121966.553266747},{""coverage_rate"":0.5,""level"":0.95,""mean_area_m2"":4081277.390878159}],""energy_score_m"":882.3015257612071,""nominal_seconds"":1800,""position_entropy_nats"":3.967312350609801}]"
known_velocity:NEX326-methods:arm-05/explicit_decomp,known_velocity,NEX326-methods,arm-05/explicit_decomp,computed,30,30,0,"{""success"":30}",586.219762966606,703.157723403529,703.157723403529,1573.4083667055431,766.4307510074361,"[{""actual_elapsed_seconds_range"":[50.0,67.0],""coverage"":[{""coverage_rate"":0.36666666666666664,""level"":0.5,""mean_area_m2"":11704.895789928583},{""coverage_rate"":0.6666666666666666,""level"":0.8,""mean_area_m2"":27593.815060757195},{""coverage_rate"":0.8333333333333334,""level"":0.9,""mean_area_m2"":38819.589834465834},{""coverage_rate"":1.0,""level"":0.95,""mean_area_m2"":51004.823368098194}],""energy_score_m"":52.2640213738711,""nominal_seconds"":60,""position_entropy_nats"":1.2774276062921035},{""actual_elapsed_seconds_range"":[297.0,305.0],""coverage"":[{""coverage_rate"":0.16666666666666666,""level"":0.5,""mean_area_m2"":61014.856347401816},{""coverage_rate"":0.16666666666666666,""level"":0.8,""mean_area_m2"":140867.04521251973},{""coverage_rate"":0.16666666666666666,""level"":0.9,""mean_area_m2"":202227.08002297964},{""coverage_rate"":0.16666666666666666,""level"":0.95,""mean_area_m2"":265162.6015798245}],""energy_score_m"":267.9609502068026,""nominal_seconds"":300,""position_entropy_nats"":1.6335542476389946},{""actual_elapsed_seconds_range"":[899.0,910.0],""coverage"":[{""coverage_rate"":0.0,""level"":0.5,""mean_area_m2"":185020.68560946872},{""coverage_rate"":0.2,""level"":0.8,""mean_area_m2"":429298.43762605067},{""coverage_rate"":0.3333333333333333,""level"":0.9,""mean_area_m2"":602157.8149516399},{""coverage_rate"":0.5,""level"":0.95,""mean_area_m2"":782717.0187278369}],""energy_score_m"":672.2873165291992,""nominal_seconds"":900,""position_entropy_nats"":2.5308329568939714},{""actual_elapsed_seconds_range"":[1792.0,1805.0],""coverage"":[{""coverage_rate"":0.0,""level"":0.5,""mean_area_m2"":367411.49625940516},{""coverage_rate"":0.03333333333333333,""level"":0.8,""mean_area_m2"":876962.2409513101},{""coverage_rate"":0.16666666666666666,""level"":0.9,""mean_area_m2"":1250656.672252617},{""coverage_rate"":0.16666666666666666,""level"":0.95,""mean_area_m2"":1638542.3987786805}],""energy_score_m"":1352.3667637565513,""nominal_seconds"":1800,""position_entropy_nats"":3.1579119704062366}]"
known_velocity:NEX326-methods:arm-06/dt120,known_velocity,NEX326-methods,arm-06/dt120,computed,30,30,0,"{""success"":30}",420.87239945721285,610.9340401788407,610.9340401788407,1202.994142114578,524.6960093257375,"[{""actual_elapsed_seconds_range"":[50.0,67.0],""coverage"":[{""coverage_rate"":0.5,""level"":0.5,""mean_area_m2"":22891.867396893445},{""coverage_rate"":1.0,""level"":0.8,""mean_area_m2"":52384.51011117109},{""coverage_rate"":1.0,""level"":0.9,""mean_area_m2"":75140.95034799348},{""coverage_rate"":1.0,""level"":0.95,""mean_area_m2"":98757.57636825318}],""energy_score_m"":50.69241267761575,""nominal_seconds"":60,""position_entropy_nats"":1.3912470806107538},{""actual_elapsed_seconds_range"":[297.0,305.0],""coverage"":[{""coverage_rate"":0.0,""level"":0.5,""mean_area_m2"":145961.84962735168},{""coverage_rate"":0.5,""level"":0.8,""mean_area_m2"":337869.89702366636},{""coverage_rate"":0.6666666666666666,""level"":0.9,""mean_area_m2"":474506.026020851},{""coverage_rate"":0.8333333333333334,""level"":0.95,""mean_area_m2"":616830.9334294044}],""energy_score_m"":236.97328989806937,""nominal_seconds"":300,""position_entropy_nats"":2.314300894496557},{""actual_elapsed_seconds_range"":[899.0,910.0],""coverage"":[{""coverage_rate"":0.0,""level"":0.5,""mean_area_m2"":700887.8299180067},{""coverage_rate"":0.0,""level"":0.8,""mean_area_m2"":1481593.4494424234},{""coverage_rate"":0.5333333333333333,""level"":0.9,""mean_area_m2"":2015020.2438197883},{""coverage_rate"":0.8333333333333334,""level"":0.95,""mean_area_m2"":2546710.49625652}],""energy_score_m"":573.5593517189238,""nominal_seconds"":900,""position_entropy_nats"":3.615185362121304},{""actual_elapsed_seconds_range"":[1792.0,1805.0],""coverage"":[{""coverage_rate"":0.3,""level"":0.5,""mean_area_m2"":2322914.84483813},{""coverage_rate"":0.5,""level"":0.8,""mean_area_m2"":4405544.640448975},{""coverage_rate"":0.6666666666666666,""level"":0.9,""mean_area_m2"":5781712.341691768},{""coverage_rate"":0.8333333333333334,""level"":0.95,""mean_area_m2"":7219114.62651923}],""energy_score_m"":822.264543534242,""nominal_seconds"":1800,""position_entropy_nats"":4.530899513528551}]"
known_velocity:NEX326-methods:arm-06/dt30,known_velocity,NEX326-methods,arm-06/dt30,unavailable,30,30,0,"{""failed"":1,""success"":29}",,,,,,
known_velocity:NEX326-methods:arm-06/dt300,known_velocity,NEX326-methods,arm-06/dt300,computed,30,30,0,"{""success"":30}",411.221114930023,613.9734414924282,613.9734414924282,1203.0719400845087,512.6462907817863,"[{""actual_elapsed_seconds_range"":[50.0,67.0],""coverage"":[{""coverage_rate"":1.0,""level"":0.5,""mean_area_m2"":44075.55416008925},{""coverage_rate"":1.0,""level"":0.8,""mean_area_m2"":105710.87850956849},{""coverage_rate"":1.0,""level"":0.9,""mean_area_m2"":151657.3610678419},{""coverage_rate"":1.0,""level"":0.95,""mean_area_m2"":197224.42724162844}],""energy_score_m"":55.922132263091356,""nominal_seconds"":60,""position_entropy_nats"":1.5293799420095704},{""actual_elapsed_seconds_range"":[297.0,305.0],""coverage"":[{""coverage_rate"":0.26666666666666666,""level"":0.5,""mean_area_m2"":263859.8804368774},{""coverage_rate"":0.8333333333333334,""level"":0.8,""mean_area_m2"":611604.3226837779},{""coverage_rate"":1.0,""level"":0.9,""mean_area_m2"":876310.3125397018},{""coverage_rate"":1.0,""level"":0.95,""mean_area_m2"":1146480.590585984}],""energy_score_m"":229.29484430544562,""nominal_seconds"":300,""position_entropy_nats"":2.8352473434381706},{""actual_elapsed_seconds_range"":[899.0,910.0],""coverage"":[{""coverage_rate"":0.0,""level"":0.5,""mean_area_m2"":1088339.908965075},{""coverage_rate"":0.7333333333333333,""level"":0.8,""mean_area_m2"":2424991.821469129},{""coverage_rate"":0.9,""level"":0.9,""mean_area_m2"":3417857.092038384},{""coverage_rate"":1.0,""level"":0.95,""mean_area_m2"":4376713.569892711}],""energy_score_m"":554.2792367354342,""nominal_seconds"":900,""position_entropy_nats"":4.055566305604595},{""actual_elapsed_seconds_range"":[1792.0,1805.0],""coverage"":[{""coverage_rate"":0.43333333333333335,""level"":0.5,""mean_area_m2"":3217871.436318655},{""coverage_rate"":0.8333333333333334,""level"":0.8,""mean_area_m2"":6610051.378897118},{""coverage_rate"":0.8333333333333334,""level"":0.9,""mean_area_m2"":8961600.608953595},{""coverage_rate"":0.9333333333333333,""level"":0.95,""mean_area_m2"":11177776.359007088}],""energy_score_m"":805.388246416121,""nominal_seconds"":1800,""position_entropy_nats"":4.8837805323384}]"
known_velocity:NEX326-methods:arm-06/dt60,known_velocity,NEX326-methods,arm-06/dt60,computed,30,30,0,"{""success"":30}",431.88515238347975,609.9051615794916,609.9051615794916,1195.450213569326,535.7788739650391,"[{""actual_elapsed_seconds_range"":[50.0,67.0],""coverage"":[{""coverage_rate"":0.3333333333333333,""level"":0.5,""mean_area_m2"":12820.190415245106},{""coverage_rate"":0.8666666666666667,""level"":0.8,""mean_area_m2"":29415.443154114608},{""coverage_rate"":1.0,""level"":0.9,""mean_area_m2"":42454.956683347555},{""coverage_rate"":1.0,""level"":0.95,""mean_area_m2"":55240.90009970858}],""energy_score_m"":50.90450288444015,""nominal_seconds"":60,""position_entropy_nats"":1.3820696749973307},{""actual_elapsed_seconds_range"":[297.0,305.0],""coverage"":[{""coverage_rate"":0.0,""level"":0.5,""mean_area_m2"":96256.14936479338},{""coverage_rate"":0.0,""level"":0.8,""mean_area_m2"":213404.1250041322},{""coverage_rate"":0.3333333333333333,""level"":0.9,""mean_area_m2"":296021.53298460855},{""coverage_rate"":0.6666666666666666,""level"":0.95,""mean_area_m2"":376169.9287315693}],""energy_score_m"":250.14961543356418,""nominal_seconds"":300,""position_entropy_nats"":1.9376179466625483},{""actual_elapsed_seconds_range"":[899.0,910.0],""coverage"":[{""coverage_rate"":0.0,""level"":0.5,""mean_area_m2"":544589.8884298416},{""coverage_rate"":0.0,""level"":0.8,""mean_area_m2"":1045307.849511054},{""coverage_rate"":0.0,""level"":0.9,""mean_area_m2"":1388068.780324741},{""coverage_rate"":0.26666666666666666,""level"":0.95,""mean_area_m2"":1741550.3698318894}],""energy_score_m"":595.3645284797009,""nominal_seconds"":900,""position_entropy_nats"":3.280194897221317},{""actual_elapsed_seconds_range"":[1792.0,1805.0],""coverage"":[{""coverage_rate"":0.1,""level"":0.5,""mean_area_m2"":1946486.7555454965},{""coverage_rate"":0.4666666666666667,""level"":0.8,""mean_area_m2"":3394975.3908535233},{""coverage_rate"":0.5,""level"":0.9,""mean_area_m2"":4364444.839291276},{""coverage_rate"":0.6,""level"":0.95,""mean_area_m2"":5271030.239020318}],""energy_score_m"":831.1219627362137,""nominal_seconds"":1800,""position_entropy_nats"":4.197826418577422}]"
known_velocity:NEX326-methods:arm-06/dt600,known_velocity,NEX326-methods,arm-06/dt600,computed,30,30,0,"{""success"":30}",400.66318015601775,600.5770515960651,600.5770515960651,1176.5738185525015,499.3209940519775,"[{""actual_elapsed_seconds_range"":[50.0,67.0],""coverage"":[{""coverage_rate"":1.0,""level"":0.5,""mean_area_m2"":73314.12666400711},{""coverage_rate"":1.0,""level"":0.8,""mean_area_m2"":169634.7619176517},{""coverage_rate"":1.0,""level"":0.9,""mean_area_m2"":246336.8583096364},{""coverage_rate"":1.0,""level"":0.95,""mean_area_m2"":331332.21449815325}],""energy_score_m"":62.02076341074054,""nominal_seconds"":60,""position_entropy_nats"":1.794973004171367},{""actual_elapsed_seconds_range"":[297.0,305.0],""coverage"":[{""coverage_rate"":0.6333333333333333,""level"":0.5,""mean_area_m2"":431167.92243086133},{""coverage_rate"":1.0,""level"":0.8,""mean_area_m2"":991880.299370075},{""coverage_rate"":1.0,""level"":0.9,""mean_area_m2"":1407610.5147620747},{""coverage_rate"":1.0,""level"":0.95,""mean_area_m2"":1868700.513695474}],""energy_score_m"":224.23098838031828,""nominal_seconds"":300,""position_entropy_nats"":3.2771753419902216},{""actual_elapsed_seconds_range"":[899.0,910.0],""coverage"":[{""coverage_rate"":0.3,""level"":0.5,""mean_area_m2"":1633992.3050025858},{""coverage_rate"":1.0,""level"":0.8,""mean_area_m2"":3663156.522664399},{""coverage_rate"":1.0,""level"":0.9,""mean_area_m2"":5192322.80213757},{""coverage_rate"":1.0,""level"":0.95,""mean_area_m2"":6666613.645381483}],""energy_score_m"":529.020823859176,""nominal_seconds"":900,""position_entropy_nats"":4.40316002474189},{""actual_elapsed_seconds_range"":[1792.0,1805.0],""coverage"":[{""coverage_rate"":0.5,""level"":0.5,""mean_area_m2"":4549970.814453277},{""coverage_rate"":0.8333333333333334,""level"":0.8,""mean_area_m2"":9439387.04334024},{""coverage_rate"":1.0,""level"":0.9,""mean_area_m2"":12884929.124854263},{""coverage_rate"":1.0,""level"":0.95,""mean_area_m2"":16258569.030112607}],""energy_score_m"":787.3801449738361,""nominal_seconds"":1800,""position_entropy_nats"":5.147744749513902}]"
known_velocity:NEX326-methods:arm-07/full,known_velocity,NEX326-methods,arm-07/full,computed,30,30,0,"{""success"":30}",435.1676899636672,613.695549753326,613.695549753326,1203.8641546183533,539.2206335242635,"[{""actual_elapsed_seconds_range"":[50.0,67.0],""coverage"":[{""coverage_rate"":0.3333333333333333,""level"":0.5,""mean_area_m2"":12757.281146914507},{""coverage_rate"":0.6666666666666666,""level"":0.8,""mean_area_m2"":29822.97572546348},{""coverage_rate"":1.0,""level"":0.9,""mean_area_m2"":42977.06030551201},{""coverage_rate"":1.0,""level"":0.95,""mean_area_m2"":56625.127769956525}],""energy_score_m"":52.201845369034295,""nominal_seconds"":60,""position_entropy_nats"":1.3826001122062288},{""actual_elapsed_seconds_range"":[297.0,305.0],""coverage"":[{""coverage_rate"":0.0,""level"":0.5,""mean_area_m2"":94580.45087519391},{""coverage_rate"":0.0,""level"":0.8,""mean_area_m2"":207071.26544655274},{""coverage_rate"":0.26666666666666666,""level"":0.9,""mean_area_m2"":287825.19513736287},{""coverage_rate"":0.6333333333333333,""level"":0.95,""mean_area_m2"":371970.70023578027}],""energy_score_m"":250.90037699292583,""nominal_seconds"":300,""position_entropy_nats"":1.919798627009901},{""actual_elapsed_seconds_range"":[899.0,910.0],""coverage"":[{""coverage_rate"":0.0,""level"":0.5,""mean_area_m2"":538411.9406346821},{""coverage_rate"":0.0,""level"":0.8,""mean_area_m2"":1052076.2852832237},{""coverage_rate"":0.0,""level"":0.9,""mean_area_m2"":1385187.2479809115},{""coverage_rate"":0.16666666666666666,""level"":0.95,""mean_area_m2"":1706971.8644582268}],""energy_score_m"":599.6534943481787,""nominal_seconds"":900,""position_entropy_nats"":3.2774708414402456},{""actual_elapsed_seconds_range"":[1792.0,1805.0],""coverage"":[{""coverage_rate"":0.06666666666666667,""level"":0.5,""mean_area_m2"":1973430.8835034515},{""coverage_rate"":0.43333333333333335,""level"":0.8,""mean_area_m2"":3373241.7678988962},{""coverage_rate"":0.5,""level"":0.9,""mean_area_m2"":4310908.943092809},{""coverage_rate"":0.5,""level"":0.95,""mean_area_m2"":5162536.968657101}],""energy_score_m"":837.9150431445299,""nominal_seconds"":1800,""position_entropy_nats"":4.184261213053924}]"
known_velocity:NEX326-methods:arm-08/qmle,known_velocity,NEX326-methods,arm-08/qmle,computed,30,30,0,"{""success"":30}",432.59334608878146,610.4811659809308,610.4811659809308,1196.7922229193853,536.0321156556151,"[{""actual_elapsed_seconds_range"":[50.0,67.0],""coverage"":[{""coverage_rate"":0.3333333333333333,""level"":0.5,""mean_area_m2"":12895.811770869464},{""coverage_rate"":0.8,""level"":0.8,""mean_area_m2"":29728.96691484466},{""coverage_rate"":1.0,""level"":0.9,""mean_area_m2"":42777.28004058913},{""coverage_rate"":1.0,""level"":0.95,""mean_area_m2"":57312.28223189865}],""energy_score_m"":51.09172420808803,""nominal_seconds"":60,""position_entropy_nats"":1.3829915412277252},{""actual_elapsed_seconds_range"":[297.0,305.0],""coverage"":[{""coverage_rate"":0.0,""level"":0.5,""mean_area_m2"":95636.0315960089},{""coverage_rate"":0.0,""level"":0.8,""mean_area_m2"":210838.26101981048},{""coverage_rate"":0.3,""level"":0.9,""mean_area_m2"":291075.45028913126},{""coverage_rate"":0.6333333333333333,""level"":0.95,""mean_area_m2"":376827.52541567624}],""energy_score_m"":250.2340769196011,""nominal_seconds"":300,""position_entropy_nats"":1.9333166044012666},{""actual_elapsed_seconds_range"":[899.0,910.0],""coverage"":[{""coverage_rate"":0.0,""level"":0.5,""mean_area_m2"":538676.4626137378},{""coverage_rate"":0.0,""level"":0.8,""mean_area_m2"":1042651.8964799757},{""coverage_rate"":0.0,""level"":0.9,""mean_area_m2"":1401617.6857646394},{""coverage_rate"":0.2,""level"":0.95,""mean_area_m2"":1741879.6142658712}],""energy_score_m"":596.0799259951497,""nominal_seconds"":900,""position_entropy_nats"":3.2810206906035613},{""actual_elapsed_seconds_range"":[1792.0,1805.0],""coverage"":[{""coverage_rate"":0.0,""level"":0.5,""mean_area_m2"":1940913.5783803256},{""coverage_rate"":0.5,""level"":0.8,""mean_area_m2"":3406329.0359654767},{""coverage_rate"":0.5,""level"":0.9,""mean_area_m2"":4332357.858558783},{""coverage_rate"":0.5,""level"":0.95,""mean_area_m2"":5201442.106140089}],""energy_score_m"":832.9676572322866,""nominal_seconds"":1800,""position_entropy_nats"":4.196602204646658}]"
known_velocity:NEX326-methods:arm-09/mixed,known_velocity,NEX326-methods,arm-09/mixed,computed,30,30,0,"{""success"":30}",440.8694127792157,613.5851214431071,613.5851214431071,1203.8197281238506,547.3627467325338,"[{""actual_elapsed_seconds_range"":[50.0,67.0],""coverage"":[{""coverage_rate"":0.3333333333333333,""level"":0.5,""mean_area_m2"":12613.86708284064},{""coverage_rate"":0.7333333333333333,""level"":0.8,""mean_area_m2"":29605.243230294214},{""coverage_rate"":1.0,""level"":0.9,""mean_area_m2"":42380.1442054837},{""coverage_rate"":1.0,""level"":0.95,""mean_area_m2"":55307.688222420016}],""energy_score_m"":51.689085808969224,""nominal_seconds"":60,""position_entropy_nats"":1.3828345409820477},{""actual_elapsed_seconds_range"":[297.0,305.0],""coverage"":[{""coverage_rate"":0.0,""level"":0.5,""mean_area_m2"":93118.21935346289},{""coverage_rate"":0.0,""level"":0.8,""mean_area_m2"":207004.3759718902},{""coverage_rate"":0.3,""level"":0.9,""mean_area_m2"":288655.3802677157},{""coverage_rate"":0.6,""level"":0.95,""mean_area_m2"":370097.13579381065}],""energy_score_m"":252.57801971810534,""nominal_seconds"":300,""position_entropy_nats"":1.9216343296321234},{""actual_elapsed_seconds_range"":[899.0,910.0],""coverage"":[{""coverage_rate"":0.0,""level"":0.5,""mean_area_m2"":510805.37624270725},{""coverage_rate"":0.0,""level"":0.8,""mean_area_m2"":993669.5291232303},{""coverage_rate"":0.0,""level"":0.9,""mean_area_m2"":1343077.8196149168},{""coverage_rate"":0.2,""level"":0.95,""mean_area_m2"":1673341.0990140801}],""energy_score_m"":604.2252469055707,""nominal_seconds"":900,""position_entropy_nats"":3.2593516127828916},{""actual_elapsed_seconds_range"":[1792.0,1805.0],""coverage"":[{""coverage_rate"":0.13333333333333333,""level"":0.5,""mean_area_m2"":1854145.6447144977},{""coverage_rate"":0.4666666666666667,""level"":0.8,""mean_area_m2"":3263679.6144906054},{""coverage_rate"":0.5,""level"":0.9,""mean_area_m2"":4162141.6603839397},{""coverage_rate"":0.5,""level"":0.95,""mean_area_m2"":5116420.479420865}],""energy_score_m"":854.9852986842177,""nominal_seconds"":1800,""position_entropy_nats"":4.2111524034481}]"
known_velocity:NEX326-methods:arm-09/pure_es,known_velocity,NEX326-methods,arm-09/pure_es,computed,30,30,0,"{""success"":30}",439.2840959810282,611.7171838150841,611.7171838150841,1201.477446923685,545.5754311721088,"[{""actual_elapsed_seconds_range"":[50.0,67.0],""coverage"":[{""coverage_rate"":0.3333333333333333,""level"":0.5,""mean_area_m2"":12608.115811431897},{""coverage_rate"":0.8,""level"":0.8,""mean_area_m2"":29483.254553635557},{""coverage_rate"":1.0,""level"":0.9,""mean_area_m2"":42097.85858145784},{""coverage_rate"":1.0,""level"":0.95,""mean_area_m2"":55905.755966360935}],""energy_score_m"":51.51233291839443,""nominal_seconds"":60,""position_entropy_nats"":1.3840666710653375},{""actual_elapsed_seconds_range"":[297.0,305.0],""coverage"":[{""coverage_rate"":0.0,""level"":0.5,""mean_area_m2"":91305.8735918278},{""coverage_rate"":0.0,""level"":0.8,""mean_area_m2"":204955.31286722986},{""coverage_rate"":0.3333333333333333,""level"":0.9,""mean_area_m2"":286515.3932916611},{""coverage_rate"":0.6333333333333333,""level"":0.95,""mean_area_m2"":370942.75415761245}],""energy_score_m"":250.6827230621965,""nominal_seconds"":300,""position_entropy_nats"":1.9161901329222484},{""actual_elapsed_seconds_range"":[899.0,910.0],""coverage"":[{""coverage_rate"":0.0,""level"":0.5,""mean_area_m2"":510704.7630166877},{""coverage_rate"":0.0,""level"":0.8,""mean_area_m2"":1015521.4572153302},{""coverage_rate"":0.0,""level"":0.9,""mean_area_m2"":1348266.014549378},{""coverage_rate"":0.2,""level"":0.95,""mean_area_m2"":1688950.940563516}],""energy_score_m"":601.7113966399504,""nominal_seconds"":900,""position_entropy_nats"":3.268315738296035},{""actual_elapsed_seconds_range"":[1792.0,1805.0],""coverage"":[{""coverage_rate"":0.16666666666666666,""level"":0.5,""mean_area_m2"":1871945.2890184927},{""coverage_rate"":0.5,""level"":0.8,""mean_area_m2"":3288402.650825928},{""coverage_rate"":0.5,""level"":0.9,""mean_area_m2"":4210122.417303492},{""coverage_rate"":0.5,""level"":0.95,""mean_area_m2"":5118285.554863496}],""energy_score_m"":853.2299313035712,""nominal_seconds"":1800,""position_entropy_nats"":4.216403909291521}]"
known_velocity:NEX326-methods:arm-10/d2_closed,known_velocity,NEX326-methods,arm-10/d2_closed,computed,30,30,0,"{""success"":30}",435.1676899636672,613.695549753326,613.695549753326,1203.8641546183533,539.2206335242635,"[{""actual_elapsed_seconds_range"":[50.0,67.0],""coverage"":[{""coverage_rate"":0.3333333333333333,""level"":0.5,""mean_area_m2"":12757.281146914507},{""coverage_rate"":0.6666666666666666,""level"":0.8,""mean_area_m2"":29822.97572546348},{""coverage_rate"":1.0,""level"":0.9,""mean_area_m2"":42977.06030551201},{""coverage_rate"":1.0,""level"":0.95,""mean_area_m2"":56625.127769956525}],""energy_score_m"":52.201845369034295,""nominal_seconds"":60,""position_entropy_nats"":1.3826001122062288},{""actual_elapsed_seconds_range"":[297.0,305.0],""coverage"":[{""coverage_rate"":0.0,""level"":0.5,""mean_area_m2"":94580.45087519391},{""coverage_rate"":0.0,""level"":0.8,""mean_area_m2"":207071.26544655274},{""coverage_rate"":0.26666666666666666,""level"":0.9,""mean_area_m2"":287825.19513736287},{""coverage_rate"":0.6333333333333333,""level"":0.95,""mean_area_m2"":371970.70023578027}],""energy_score_m"":250.90037699292583,""nominal_seconds"":300,""position_entropy_nats"":1.919798627009901},{""actual_elapsed_seconds_range"":[899.0,910.0],""coverage"":[{""coverage_rate"":0.0,""level"":0.5,""mean_area_m2"":538411.9406346821},{""coverage_rate"":0.0,""level"":0.8,""mean_area_m2"":1052076.2852832237},{""coverage_rate"":0.0,""level"":0.9,""mean_area_m2"":1385187.2479809115},{""coverage_rate"":0.16666666666666666,""level"":0.95,""mean_area_m2"":1706971.8644582268}],""energy_score_m"":599.6534943481787,""nominal_seconds"":900,""position_entropy_nats"":3.2774708414402456},{""actual_elapsed_seconds_range"":[1792.0,1805.0],""coverage"":[{""coverage_rate"":0.06666666666666667,""level"":0.5,""mean_area_m2"":1973430.8835034515},{""coverage_rate"":0.43333333333333335,""level"":0.8,""mean_area_m2"":3373241.7678988962},{""coverage_rate"":0.5,""level"":0.9,""mean_area_m2"":4310908.943092809},{""coverage_rate"":0.5,""level"":0.95,""mean_area_m2"":5162536.968657101}],""energy_score_m"":837.9150431445299,""nominal_seconds"":1800,""position_entropy_nats"":4.184261213053924}]"
known_velocity:NEX326-methods:arm-10/d2_mc,known_velocity,NEX326-methods,arm-10/d2_mc,computed,30,30,0,"{""success"":30}",435.1676899636672,613.695549753326,613.695549753326,1203.8641546183533,539.2206335242635,"[{""actual_elapsed_seconds_range"":[50.0,67.0],""coverage"":[{""coverage_rate"":0.3333333333333333,""level"":0.5,""mean_area_m2"":12757.281146914507},{""coverage_rate"":0.6666666666666666,""level"":0.8,""mean_area_m2"":29822.97572546348},{""coverage_rate"":1.0,""level"":0.9,""mean_area_m2"":42977.06030551201},{""coverage_rate"":1.0,""level"":0.95,""mean_area_m2"":56625.127769956525}],""energy_score_m"":52.201845369034295,""nominal_seconds"":60,""position_entropy_nats"":1.3826001122062288},{""actual_elapsed_seconds_range"":[297.0,305.0],""coverage"":[{""coverage_rate"":0.0,""level"":0.5,""mean_area_m2"":94580.45087519391},{""coverage_rate"":0.0,""level"":0.8,""mean_area_m2"":207071.26544655274},{""coverage_rate"":0.26666666666666666,""level"":0.9,""mean_area_m2"":287825.19513736287},{""coverage_rate"":0.6333333333333333,""level"":0.95,""mean_area_m2"":371970.70023578027}],""energy_score_m"":250.90037699292583,""nominal_seconds"":300,""position_entropy_nats"":1.919798627009901},{""actual_elapsed_seconds_range"":[899.0,910.0],""coverage"":[{""coverage_rate"":0.0,""level"":0.5,""mean_area_m2"":538411.9406346821},{""coverage_rate"":0.0,""level"":0.8,""mean_area_m2"":1052076.2852832237},{""coverage_rate"":0.0,""level"":0.9,""mean_area_m2"":1385187.2479809115},{""coverage_rate"":0.16666666666666666,""level"":0.95,""mean_area_m2"":1706971.8644582268}],""energy_score_m"":599.6534943481787,""nominal_seconds"":900,""position_entropy_nats"":3.2774708414402456},{""actual_elapsed_seconds_range"":[1792.0,1805.0],""coverage"":[{""coverage_rate"":0.06666666666666667,""level"":0.5,""mean_area_m2"":1973430.8835034515},{""coverage_rate"":0.43333333333333335,""level"":0.8,""mean_area_m2"":3373241.7678988962},{""coverage_rate"":0.5,""level"":0.9,""mean_area_m2"":4310908.943092809},{""coverage_rate"":0.5,""level"":0.95,""mean_area_m2"":5162536.968657101}],""energy_score_m"":837.9150431445299,""nominal_seconds"":1800,""position_entropy_nats"":4.184261213053924}]"
known_velocity:NEX326-methods:arm-11/full,known_velocity,NEX326-methods,arm-11/full,computed,30,30,0,"{""success"":30}",436.0207625580761,614.2437764887404,614.2437764887404,1205.9536335261644,540.449050275474,"[{""actual_elapsed_seconds_range"":[50.0,67.0],""coverage"":[{""coverage_rate"":0.3333333333333333,""level"":0.5,""mean_area_m2"":12918.271966601742},{""coverage_rate"":0.8,""level"":0.8,""mean_area_m2"":30261.457925728915},{""coverage_rate"":1.0,""level"":0.9,""mean_area_m2"":42650.76530682345},{""coverage_rate"":1.0,""level"":0.95,""mean_area_m2"":55782.62017740026}],""energy_score_m"":51.809644886344735,""nominal_seconds"":60,""position_entropy_nats"":1.3836592665419607},{""actual_elapsed_seconds_range"":[297.0,305.0],""coverage"":[{""coverage_rate"":0.0,""level"":0.5,""mean_area_m2"":93596.66704374203},{""coverage_rate"":0.0,""level"":0.8,""mean_area_m2"":209659.6398648853},{""coverage_rate"":0.3,""level"":0.9,""mean_area_m2"":290860.01096516236},{""coverage_rate"":0.6,""level"":0.95,""mean_area_m2"":375843.8263403525}],""energy_score_m"":252.1499021751251,""nominal_seconds"":300,""position_entropy_nats"":1.9329414201656983},{""actual_elapsed_seconds_range"":[899.0,910.0],""coverage"":[{""coverage_rate"":0.0,""level"":0.5,""mean_area_m2"":539247.3507633164},{""coverage_rate"":0.0,""level"":0.8,""mean_area_m2"":1046913.6821360321},{""coverage_rate"":0.0,""level"":0.9,""mean_area_m2"":1382680.7227983573},{""coverage_rate"":0.16666666666666666,""level"":0.95,""mean_area_m2"":1731353.5259347276}],""energy_score_m"":599.2105446398018,""nominal_seconds"":900,""position_entropy_nats"":3.2815828642135214},{""actual_elapsed_seconds_range"":[1792.0,1805.0],""coverage"":[{""coverage_rate"":0.13333333333333333,""level"":0.5,""mean_area_m2"":1950234.5792679586},{""coverage_rate"":0.43333333333333335,""level"":0.8,""mean_area_m2"":3413967.7705561994},{""coverage_rate"":0.5,""level"":0.9,""mean_area_m2"":4380857.428077045},{""coverage_rate"":0.5666666666666667,""level"":0.95,""mean_area_m2"":5334593.397018933}],""energy_score_m"":840.912958531033,""nominal_seconds"":1800,""position_entropy_nats"":4.208194185549518}]"
known_velocity:NEX326-methods:arm-12/scratch,known_velocity,NEX326-methods,arm-12/scratch,computed,30,30,0,"{""success"":30}",440.11423441653807,623.1544147171318,623.1544147171318,1233.071964817424,547.6787800416961,"[{""actual_elapsed_seconds_range"":[50.0,67.0],""coverage"":[{""coverage_rate"":0.3333333333333333,""level"":0.5,""mean_area_m2"":13000.907279805739},{""coverage_rate"":0.8,""level"":0.8,""mean_area_m2"":30339.016840271324},{""coverage_rate"":1.0,""level"":0.9,""mean_area_m2"":43706.67334413508},{""coverage_rate"":1.0,""level"":0.95,""mean_area_m2"":56568.07204243831}],""energy_score_m"":51.75724890361812,""nominal_seconds"":60,""position_entropy_nats"":1.3822902736298726},{""actual_elapsed_seconds_range"":[297.0,305.0],""coverage"":[{""coverage_rate"":0.0,""level"":0.5,""mean_area_m2"":100788.85517427095},{""coverage_rate"":0.0,""level"":0.8,""mean_area_m2"":218692.6992358455},{""coverage_rate"":0.4,""level"":0.9,""mean_area_m2"":307192.8172790536},{""coverage_rate"":0.6666666666666666,""level"":0.95,""mean_area_m2"":391513.3806579307}],""energy_score_m"":251.19350103429306,""nominal_seconds"":300,""position_entropy_nats"":1.9584976726760301},{""actual_elapsed_seconds_range"":[899.0,910.0],""coverage"":[{""coverage_rate"":0.0,""level"":0.5,""mean_area_m2"":581687.9832137064},{""coverage_rate"":0.0,""level"":0.8,""mean_area_m2"":1107112.1414624557},{""coverage_rate"":0.0,""level"":0.9,""mean_area_m2"":1460743.1304981986},{""coverage_rate"":0.26666666666666666,""level"":0.95,""mean_area_m2"":1813122.2723938716}],""energy_score_m"":601.1557038801768,""nominal_seconds"":900,""position_entropy_nats"":3.32242033427041},{""actual_elapsed_seconds_range"":[1792.0,1805.0],""coverage"":[{""coverage_rate"":0.03333333333333333,""level"":0.5,""mean_area_m2"":2085566.8673040175},{""coverage_rate"":0.5,""level"":0.8,""mean_area_m2"":3659495.47847217},{""coverage_rate"":0.5,""level"":0.9,""mean_area_m2"":4614212.719654362},{""coverage_rate"":0.5666666666666667,""level"":0.95,""mean_area_m2"":5516690.023037974}],""energy_score_m"":856.3504838480642,""nominal_seconds"":1800,""position_entropy_nats"":4.21947633030853}]"
known_velocity:NEX326-methods:arm-14/reptile,known_velocity,NEX326-methods,arm-14/reptile,computed,30,30,0,"{""success"":30}",444.5954746621598,619.3544482879225,619.3544482879225,1220.9023825510355,551.1638695648527,"[{""actual_elapsed_seconds_range"":[50.0,67.0],""coverage"":[{""coverage_rate"":0.3333333333333333,""level"":0.5,""mean_area_m2"":12778.062984463202},{""coverage_rate"":0.6333333333333333,""level"":0.8,""mean_area_m2"":29642.954449868605},{""coverage_rate"":1.0,""level"":0.9,""mean_area_m2"":42062.67444052356},{""coverage_rate"":1.0,""level"":0.95,""mean_area_m2"":55693.13109450814}],""energy_score_m"":51.82010448818706,""nominal_seconds"":60,""position_entropy_nats"":1.3842979218776472},{""actual_elapsed_seconds_range"":[297.0,305.0],""coverage"":[{""coverage_rate"":0.0,""level"":0.5,""mean_area_m2"":90150.96746138336},{""coverage_rate"":0.0,""level"":0.8,""mean_area_m2"":202751.18734929856},{""coverage_rate"":0.36666666666666664,""level"":0.9,""mean_area_m2"":283921.4130298133},{""coverage_rate"":0.6666666666666666,""level"":0.95,""mean_area_m2"":368123.53879773966}],""energy_score_m"":253.92851995083677,""nominal_seconds"":300,""position_entropy_nats"":1.9068146533816517},{""actual_elapsed_seconds_range"":[899.0,910.0],""coverage"":[{""coverage_rate"":0.0,""level"":0.5,""mean_area_m2"":484302.60313590453},{""coverage_rate"":0.0,""level"":0.8,""mean_area_m2"":972019.2709667261},{""coverage_rate"":0.0,""level"":0.9,""mean_area_m2"":1308754.0799351807},{""coverage_rate"":0.13333333333333333,""level"":0.95,""mean_area_m2"":1659679.8951004643}],""energy_score_m"":611.6427388028499,""nominal_seconds"":900,""position_entropy_nats"":3.2194114689618405},{""actual_elapsed_seconds_range"":[1792.0,1805.0],""coverage"":[{""coverage_rate"":0.0,""level"":0.5,""mean_area_m2"":1732034.8715943897},{""coverage_rate"":0.3333333333333333,""level"":0.8,""mean_area_m2"":3126397.0143913496},{""coverage_rate"":0.4666666666666667,""level"":0.9,""mean_area_m2"":4046013.979558697},{""coverage_rate"":0.6,""level"":0.95,""mean_area_m2"":4944075.079146026}],""energy_score_m"":860.9905354067652,""nominal_seconds"":1800,""position_entropy_nats"":4.16187226712139}]"
known_velocity:NEX326-methods:arm-15/drift_only,known_velocity,NEX326-methods,arm-15/drift_only,computed,30,30,0,"{""success"":30}",438.28479178445536,615.9936416852377,615.9936416852377,1210.7951899023487,543.3598053910451,"[{""actual_elapsed_seconds_range"":[50.0,67.0],""coverage"":[{""coverage_rate"":0.3333333333333333,""level"":0.5,""mean_area_m2"":12768.90536318605},{""coverage_rate"":0.7666666666666667,""level"":0.8,""mean_area_m2"":29834.603419451883},{""coverage_rate"":1.0,""level"":0.9,""mean_area_m2"":42397.35335487298},{""coverage_rate"":1.0,""level"":0.95,""mean_area_m2"":55031.49484962291}],""energy_score_m"":51.581310717497296,""nominal_seconds"":60,""position_entropy_nats"":1.3821925808937439},{""actual_elapsed_seconds_range"":[297.0,305.0],""coverage"":[{""coverage_rate"":0.0,""level"":0.5,""mean_area_m2"":92483.51907802955},{""coverage_rate"":0.0,""level"":0.8,""mean_area_m2"":208140.92130635068},{""coverage_rate"":0.36666666666666664,""level"":0.9,""mean_area_m2"":290403.83269358013},{""coverage_rate"":0.5666666666666667,""level"":0.95,""mean_area_m2"":369516.4659165026}],""energy_score_m"":252.91317826505806,""nominal_seconds"":300,""position_entropy_nats"":1.9213584340928682},{""actual_elapsed_seconds_range"":[899.0,910.0],""coverage"":[{""coverage_rate"":0.0,""level"":0.5,""mean_area_m2"":530729.5371512177},{""coverage_rate"":0.0,""level"":0.8,""mean_area_m2"":1032617.7082945976},{""coverage_rate"":0.0,""level"":0.9,""mean_area_m2"":1367255.5996381163},{""coverage_rate"":0.03333333333333333,""level"":0.95,""mean_area_m2"":1671566.9251022318}],""energy_score_m"":602.876690290168,""nominal_seconds"":900,""position_entropy_nats"":3.267169462214001},{""actual_elapsed_seconds_range"":[1792.0,1805.0],""coverage"":[{""coverage_rate"":0.03333333333333333,""level"":0.5,""mean_area_m2"":1959450.315970101},{""coverage_rate"":0.4666666666666667,""level"":0.8,""mean_area_m2"":3355375.8894526954},{""coverage_rate"":0.5,""level"":0.9,""mean_area_m2"":4279963.4452207405},{""coverage_rate"":0.5333333333333333,""level"":0.95,""mean_area_m2"":5158515.0802704105}],""energy_score_m"":845.7679878650977,""nominal_seconds"":1800,""position_entropy_nats"":4.180935435087998}]"
known_velocity:NEX326-methods:arm-15/two_step,known_velocity,NEX326-methods,arm-15/two_step,computed,30,30,0,"{""success"":30}",433.69067146934515,611.4812443256247,611.4812443256247,1199.4609969222042,537.7238055011438,"[{""actual_elapsed_seconds_range"":[50.0,67.0],""coverage"":[{""coverage_rate"":0.3333333333333333,""level"":0.5,""mean_area_m2"":12824.72806632666},{""coverage_rate"":0.8,""level"":0.8,""mean_area_m2"":30252.385420139213},{""coverage_rate"":1.0,""level"":0.9,""mean_area_m2"":42745.900976345474},{""coverage_rate"":1.0,""level"":0.95,""mean_area_m2"":55743.94409547419}],""energy_score_m"":51.412562489893325,""nominal_seconds"":60,""position_entropy_nats"":1.383165232229028},{""actual_elapsed_seconds_range"":[297.0,305.0],""coverage"":[{""coverage_rate"":0.0,""level"":0.5,""mean_area_m2"":95884.31164912242},{""coverage_rate"":0.0,""level"":0.8,""mean_area_m2"":206994.18318751693},{""coverage_rate"":0.3333333333333333,""level"":0.9,""mean_area_m2"":289734.4897805281},{""coverage_rate"":0.6666666666666666,""level"":0.95,""mean_area_m2"":372751.69791177544}],""energy_score_m"":249.96101620374858,""nominal_seconds"":300,""position_entropy_nats"":1.924713998984302},{""actual_elapsed_seconds_range"":[899.0,910.0],""coverage"":[{""coverage_rate"":0.0,""level"":0.5,""mean_area_m2"":532490.8123177367},{""coverage_rate"":0.0,""level"":0.8,""mean_area_m2"":1050243.526556523},{""coverage_rate"":0.0,""level"":0.9,""mean_area_m2"":1391530.9659158431},{""coverage_rate"":0.2,""level"":0.95,""mean_area_m2"":1723425.8730867736}],""energy_score_m"":598.1620378671158,""nominal_seconds"":900,""position_entropy_nats"":3.283213651423392},{""actual_elapsed_seconds_range"":[1792.0,1805.0],""coverage"":[{""coverage_rate"":0.06666666666666667,""level"":0.5,""mean_area_m2"":1945609.1037524943},{""coverage_rate"":0.4666666666666667,""level"":0.8,""mean_area_m2"":3409774.298705042},{""coverage_rate"":0.5,""level"":0.9,""mean_area_m2"":4342843.177242721},{""coverage_rate"":0.5666666666666667,""level"":0.95,""mean_area_m2"":5217070.364410178}],""energy_score_m"":835.2270693166231,""nominal_seconds"":1800,""position_entropy_nats"":4.200496634346122}]"
known_velocity:NEX326-methods:arm-16/full,known_velocity,NEX326-methods,arm-16/full,computed,30,30,0,"{""success"":30}",433.14466230320846,611.118110165023,611.118110165023,1198.1322064852986,537.1805638498394,"[{""actual_elapsed_seconds_range"":[50.0,67.0],""coverage"":[{""coverage_rate"":0.3333333333333333,""level"":0.5,""mean_area_m2"":13001.42952070473},{""coverage_rate"":0.7666666666666667,""level"":0.8,""mean_area_m2"":29908.96406939136},{""coverage_rate"":1.0,""level"":0.9,""mean_area_m2"":42647.93869320135},{""coverage_rate"":1.0,""level"":0.95,""mean_area_m2"":55737.23781598555}],""energy_score_m"":51.328463903849325,""nominal_seconds"":60,""position_entropy_nats"":1.3835377179439492},{""actual_elapsed_seconds_range"":[297.0,305.0],""coverage"":[{""coverage_rate"":0.0,""level"":0.5,""mean_area_m2"":94853.66143585913},{""coverage_rate"":0.0,""level"":0.8,""mean_area_m2"":212641.05128131332},{""coverage_rate"":0.3,""level"":0.9,""mean_area_m2"":294105.0094359737},{""coverage_rate"":0.6666666666666666,""level"":0.95,""mean_area_m2"":382336.17400396516}],""energy_score_m"":250.93212569127783,""nominal_seconds"":300,""position_entropy_nats"":1.9383924930985212},{""actual_elapsed_seconds_range"":[899.0,910.0],""coverage"":[{""coverage_rate"":0.0,""level"":0.5,""mean_area_m2"":544056.5561873795},{""coverage_rate"":0.0,""level"":0.8,""mean_area_m2"":1058879.9642197494},{""coverage_rate"":0.0,""level"":0.9,""mean_area_m2"":1412118.28871738},{""coverage_rate"":0.3,""level"":0.95,""mean_area_m2"":1764953.2391368232}],""energy_score_m"":595.9856936685542,""nominal_seconds"":900,""position_entropy_nats"":3.293489002377747},{""actual_elapsed_seconds_range"":[1792.0,1805.0],""coverage"":[{""coverage_rate"":0.1,""level"":0.5,""mean_area_m2"":1944177.3180812174},{""coverage_rate"":0.4666666666666667,""level"":0.8,""mean_area_m2"":3408556.4138706485},{""coverage_rate"":0.5,""level"":0.9,""mean_area_m2"":4362596.4368571425},{""coverage_rate"":0.5333333333333333,""level"":0.95,""mean_area_m2"":5247431.9980791025}],""energy_score_m"":834.3323659491525,""nominal_seconds"":1800,""position_entropy_nats"":4.210180258936052}]"
known_velocity:NEX326-methods:arm-18/full,known_velocity,NEX326-methods,arm-18/full,computed,30,30,0,"{""success"":30}",431.04856795720104,608.6091233371174,608.6091233371174,1194.3565334191949,534.476045241857,"[{""actual_elapsed_seconds_range"":[50.0,67.0],""coverage"":[{""coverage_rate"":0.3333333333333333,""level"":0.5,""mean_area_m2"":12842.476400864396},{""coverage_rate"":0.7666666666666667,""level"":0.8,""mean_area_m2"":30255.10165647373},{""coverage_rate"":1.0,""level"":0.9,""mean_area_m2"":43131.87386217339},{""coverage_rate"":1.0,""level"":0.95,""mean_area_m2"":56319.10790905906}],""energy_score_m"":51.436803794049574,""nominal_seconds"":60,""position_entropy_nats"":1.383050131391021},{""actual_elapsed_seconds_range"":[297.0,305.0],""coverage"":[{""coverage_rate"":0.0,""level"":0.5,""mean_area_m2"":96262.71801242216},{""coverage_rate"":0.03333333333333333,""level"":0.8,""mean_area_m2"":212360.1054298999},{""coverage_rate"":0.4,""level"":0.9,""mean_area_m2"":295818.3546790683},{""coverage_rate"":0.6666666666666666,""level"":0.95,""mean_area_m2"":379394.6076549832}],""energy_score_m"":248.0872069165652,""nominal_seconds"":300,""position_entropy_nats"":1.9332354431257166},{""actual_elapsed_seconds_range"":[899.0,910.0],""coverage"":[{""coverage_rate"":0.0,""level"":0.5,""mean_area_m2"":539947.5168052696},{""coverage_rate"":0.0,""level"":0.8,""mean_area_m2"":1060670.3193266396},{""coverage_rate"":0.0,""level"":0.9,""mean_area_m2"":1407784.3054461146},{""coverage_rate"":0.16666666666666666,""level"":0.95,""mean_area_m2"":1732949.4678046175}],""energy_score_m"":593.369321591889,""nominal_seconds"":900,""position_entropy_nats"":3.2846507390543054},{""actual_elapsed_seconds_range"":[1792.0,1805.0],""coverage"":[{""coverage_rate"":0.06666666666666667,""level"":0.5,""mean_area_m2"":1958637.5123879442},{""coverage_rate"":0.43333333333333335,""level"":0.8,""mean_area_m2"":3399718.2968890863},{""coverage_rate"":0.5,""level"":0.9,""mean_area_m2"":4317192.209852016},{""coverage_rate"":0.5333333333333333,""level"":0.95,""mean_area_m2"":5218754.736680308}],""energy_score_m"":831.3009395262998,""nominal_seconds"":1800,""position_entropy_nats"":4.203905699159981}]"
known_velocity:NEX326-methods:arm-19/em,known_velocity,NEX326-methods,arm-19/em,computed,30,30,0,"{""success"":30}",431.07613851681964,608.6106354762406,608.6106354762406,1194.354839149709,534.5073033579242,"[{""actual_elapsed_seconds_range"":[50.0,67.0],""coverage"":[{""coverage_rate"":0.3333333333333333,""level"":0.5,""mean_area_m2"":12835.290701511618},{""coverage_rate"":0.7666666666666667,""level"":0.8,""mean_area_m2"":30238.822983794027},{""coverage_rate"":1.0,""level"":0.9,""mean_area_m2"":43108.52915393408},{""coverage_rate"":1.0,""level"":0.95,""mean_area_m2"":56286.73121002117}],""energy_score_m"":51.438231642276556,""nominal_seconds"":60,""position_entropy_nats"":1.3830331456678204},{""actual_elapsed_seconds_range"":[297.0,305.0],""coverage"":[{""coverage_rate"":0.0,""level"":0.5,""mean_area_m2"":96204.79630271903},{""coverage_rate"":0.03333333333333333,""level"":0.8,""mean_area_m2"":212244.74350903154},{""coverage_rate"":0.4,""level"":0.9,""mean_area_m2"":295661.5146204118},{""coverage_rate"":0.6666666666666666,""level"":0.95,""mean_area_m2"":379175.5385463242}],""energy_score_m"":248.10477713399325,""nominal_seconds"":300,""position_entropy_nats"":1.9328974019072196},{""actual_elapsed_seconds_range"":[899.0,910.0],""coverage"":[{""coverage_rate"":0.0,""level"":0.5,""mean_area_m2"":539682.7693501095},{""coverage_rate"":0.0,""level"":0.8,""mean_area_m2"":1060208.9637705344},{""coverage_rate"":0.0,""level"":0.9,""mean_area_m2"":1407081.5741582254},{""coverage_rate"":0.16666666666666666,""level"":0.95,""mean_area_m2"":1732105.5177099667}],""energy_score_m"":593.4119088435317,""nominal_seconds"":900,""position_entropy_nats"":3.2839346850365043},{""actual_elapsed_seconds_range"":[1792.0,1805.0],""coverage"":[{""coverage_rate"":0.06666666666666667,""level"":0.5,""mean_area_m2"":1957716.3435990051},{""coverage_rate"":0.43333333333333335,""level"":0.8,""mean_area_m2"":3398136.3388109705},{""coverage_rate"":0.5,""level"":0.9,""mean_area_m2"":4314822.372945051},{""coverage_rate"":0.5333333333333333,""level"":0.95,""mean_area_m2"":5216124.799492536}],""energy_score_m"":831.3496364474771,""nominal_seconds"":1800,""position_entropy_nats"":4.202994901374479}]"
known_velocity:NEX326-methods:arm-19/euler,known_velocity,NEX326-methods,arm-19/euler,computed,30,30,0,"{""success"":30}",431.07613851681964,608.6106354762406,608.6106354762406,1194.354839149709,534.5073033579242,"[{""actual_elapsed_seconds_range"":[50.0,67.0],""coverage"":[{""coverage_rate"":0.3333333333333333,""level"":0.5,""mean_area_m2"":12835.290701511618},{""coverage_rate"":0.7666666666666667,""level"":0.8,""mean_area_m2"":30238.822983794027},{""coverage_rate"":1.0,""level"":0.9,""mean_area_m2"":43108.52915393408},{""coverage_rate"":1.0,""level"":0.95,""mean_area_m2"":56286.73121002117}],""energy_score_m"":51.438231642276556,""nominal_seconds"":60,""position_entropy_nats"":1.3830331456678204},{""actual_elapsed_seconds_range"":[297.0,305.0],""coverage"":[{""coverage_rate"":0.0,""level"":0.5,""mean_area_m2"":96204.79630271903},{""coverage_rate"":0.03333333333333333,""level"":0.8,""mean_area_m2"":212244.74350903154},{""coverage_rate"":0.4,""level"":0.9,""mean_area_m2"":295661.5146204118},{""coverage_rate"":0.6666666666666666,""level"":0.95,""mean_area_m2"":379175.5385463242}],""energy_score_m"":248.10477713399325,""nominal_seconds"":300,""position_entropy_nats"":1.9328974019072196},{""actual_elapsed_seconds_range"":[899.0,910.0],""coverage"":[{""coverage_rate"":0.0,""level"":0.5,""mean_area_m2"":539682.7693501095},{""coverage_rate"":0.0,""level"":0.8,""mean_area_m2"":1060208.9637705344},{""coverage_rate"":0.0,""level"":0.9,""mean_area_m2"":1407081.5741582254},{""coverage_rate"":0.16666666666666666,""level"":0.95,""mean_area_m2"":1732105.5177099667}],""energy_score_m"":593.4119088435317,""nominal_seconds"":900,""position_entropy_nats"":3.2839346850365043},{""actual_elapsed_seconds_range"":[1792.0,1805.0],""coverage"":[{""coverage_rate"":0.06666666666666667,""level"":0.5,""mean_area_m2"":1957716.3435990051},{""coverage_rate"":0.43333333333333335,""level"":0.8,""mean_area_m2"":3398136.3388109705},{""coverage_rate"":0.5,""level"":0.9,""mean_area_m2"":4314822.372945051},{""coverage_rate"":0.5333333333333333,""level"":0.95,""mean_area_m2"":5216124.799492536}],""energy_score_m"":831.3496364474771,""nominal_seconds"":1800,""position_entropy_nats"":4.202994901374479}]"
known_velocity:NEX326-methods:arm-20/full,known_velocity,NEX326-methods,arm-20/full,computed,30,30,0,"{""success"":30}",433.8222090070677,611.2320753917201,611.2320753917201,1200.492133941281,538.0590969639348,"[{""actual_elapsed_seconds_range"":[50.0,67.0],""coverage"":[{""coverage_rate"":0.3333333333333333,""level"":0.5,""mean_area_m2"":12755.905262152075},{""coverage_rate"":0.7666666666666667,""level"":0.8,""mean_area_m2"":29996.18596199075},{""coverage_rate"":1.0,""level"":0.9,""mean_area_m2"":43159.70867836119},{""coverage_rate"":1.0,""level"":0.95,""mean_area_m2"":56497.22599575424}],""energy_score_m"":51.74022400783011,""nominal_seconds"":60,""position_entropy_nats"":1.3827080415495319},{""actual_elapsed_seconds_range"":[297.0,305.0],""coverage"":[{""coverage_rate"":0.0,""level"":0.5,""mean_area_m2"":93593.52910530256},{""coverage_rate"":0.0,""level"":0.8,""mean_area_m2"":207083.9972374092},{""coverage_rate"":0.3,""level"":0.9,""mean_area_m2"":286035.48918700777},{""coverage_rate"":0.6,""level"":0.95,""mean_area_m2"":367271.08664094197}],""energy_score_m"":250.56122921801176,""nominal_seconds"":300,""position_entropy_nats"":1.920310678074621},{""actual_elapsed_seconds_range"":[899.0,910.0],""coverage"":[{""coverage_rate"":0.0,""level"":0.5,""mean_area_m2"":531163.6587903453},{""coverage_rate"":0.0,""level"":0.8,""mean_area_m2"":1047267.9276174768},{""coverage_rate"":0.0,""level"":0.9,""mean_area_m2"":1372800.703949594},{""coverage_rate"":0.23333333333333334,""level"":0.95,""mean_area_m2"":1719865.3641635366}],""energy_score_m"":595.9882049087003,""nominal_seconds"":900,""position_entropy_nats"":3.2726013794403768},{""actual_elapsed_seconds_range"":[1792.0,1805.0],""coverage"":[{""coverage_rate"":0.06666666666666667,""level"":0.5,""mean_area_m2"":1946927.849362796},{""coverage_rate"":0.43333333333333335,""level"":0.8,""mean_area_m2"":3372924.363073322},{""coverage_rate"":0.5,""level"":0.9,""mean_area_m2"":4273982.051294702},{""coverage_rate"":0.5333333333333333,""level"":0.95,""mean_area_m2"":5130964.147771846}],""energy_score_m"":836.999177893729,""nominal_seconds"":1800,""position_entropy_nats"":4.186341375695906}]"
known_velocity:NEX326-methods:arm-21/crn,known_velocity,NEX326-methods,arm-21/crn,computed,30,30,0,"{""success"":30}",433.8222023431101,611.2321081334301,611.2321081334301,1200.4922083807335,538.0590814236361,"[{""actual_elapsed_seconds_range"":[50.0,67.0],""coverage"":[{""coverage_rate"":0.3333333333333333,""level"":0.5,""mean_area_m2"":12755.90743469138},{""coverage_rate"":0.7666666666666667,""level"":0.8,""mean_area_m2"":29996.191498348802},{""coverage_rate"":1.0,""level"":0.9,""mean_area_m2"":43159.704087256636},{""coverage_rate"":1.0,""level"":0.95,""mean_area_m2"":56497.22944742542}],""energy_score_m"":51.74022379689894,""nominal_seconds"":60,""position_entropy_nats"":1.3827080415495319},{""actual_elapsed_seconds_range"":[297.0,305.0],""coverage"":[{""coverage_rate"":0.0,""level"":0.5,""mean_area_m2"":93593.4824155364},{""coverage_rate"":0.0,""level"":0.8,""mean_area_m2"":207084.0244298076},{""coverage_rate"":0.3,""level"":0.9,""mean_area_m2"":286035.8382630747},{""coverage_rate"":0.6,""level"":0.95,""mean_area_m2"":367270.5034923122}],""energy_score_m"":250.56121778768784,""nominal_seconds"":300,""position_entropy_nats"":1.920310678074621},{""actual_elapsed_seconds_range"":[899.0,910.0],""coverage"":[{""coverage_rate"":0.0,""level"":0.5,""mean_area_m2"":531163.6881712633},{""coverage_rate"":0.0,""level"":0.8,""mean_area_m2"":1047266.8450393089},{""coverage_rate"":0.0,""level"":0.9,""mean_area_m2"":1372802.7556801878},{""coverage_rate"":0.23333333333333334,""level"":0.95,""mean_area_m2"":1719871.26358783}],""energy_score_m"":595.9881665451234,""nominal_seconds"":900,""position_entropy_nats"":3.2726013794403768},{""actual_elapsed_seconds_range"":[1792.0,1805.0],""coverage"":[{""coverage_rate"":0.06666666666666667,""level"":0.5,""mean_area_m2"":1946928.064117881},{""coverage_rate"":0.43333333333333335,""level"":0.8,""mean_area_m2"":3372928.221042168},{""coverage_rate"":0.5,""level"":0.9,""mean_area_m2"":4273985.790115611},{""coverage_rate"":0.5333333333333333,""level"":0.95,""mean_area_m2"":5130960.928713506}],""energy_score_m"":836.9992012427305,""nominal_seconds"":1800,""position_entropy_nats"":4.186340460249017}]"
known_velocity:NEX326-methods:arm-21/mc,known_velocity,NEX326-methods,arm-21/mc,computed,30,30,0,"{""success"":30}",433.57566935276316,610.7090711923081,610.7090711923081,1197.1915374112068,537.430918446215,"[{""actual_elapsed_seconds_range"":[50.0,67.0],""coverage"":[{""coverage_rate"":0.3333333333333333,""level"":0.5,""mean_area_m2"":12943.129808601949},{""coverage_rate"":0.7666666666666667,""level"":0.8,""mean_area_m2"":29717.657041205308},{""coverage_rate"":1.0,""level"":0.9,""mean_area_m2"":42241.93248765847},{""coverage_rate"":1.0,""level"":0.95,""mean_area_m2"":55168.539906064165}],""energy_score_m"":51.146327270363365,""nominal_seconds"":60,""position_entropy_nats"":1.3830112023411578},{""actual_elapsed_seconds_range"":[297.0,305.0],""coverage"":[{""coverage_rate"":0.0,""level"":0.5,""mean_area_m2"":94597.81786733192},{""coverage_rate"":0.0,""level"":0.8,""mean_area_m2"":211825.55978909208},{""coverage_rate"":0.4,""level"":0.9,""mean_area_m2"":293452.0747616499},{""coverage_rate"":0.6,""level"":0.95,""mean_area_m2"":376215.3456960489}],""energy_score_m"":250.0397728332237,""nominal_seconds"":300,""position_entropy_nats"":1.9405248172529326},{""actual_elapsed_seconds_range"":[899.0,910.0],""coverage"":[{""coverage_rate"":0.0,""level"":0.5,""mean_area_m2"":528748.916446251},{""coverage_rate"":0.0,""level"":0.8,""mean_area_m2"":1033377.2645820956},{""coverage_rate"":0.0,""level"":0.9,""mean_area_m2"":1389485.1302129326},{""coverage_rate"":0.2,""level"":0.95,""mean_area_m2"":1702956.2352123254}],""energy_score_m"":598.9777060137832,""nominal_seconds"":900,""position_entropy_nats"":3.2668593292822306},{""actual_elapsed_seconds_range"":[1792.0,1805.0],""coverage"":[{""coverage_rate"":0.06666666666666667,""level"":0.5,""mean_area_m2"":1939252.771895101},{""coverage_rate"":0.43333333333333335,""level"":0.8,""mean_area_m2"":3381394.9015584276},{""coverage_rate"":0.5,""level"":0.9,""mean_area_m2"":4324103.032347088},{""coverage_rate"":0.5,""level"":0.95,""mean_area_m2"":5219509.830530005}],""energy_score_m"":834.1388712936825,""nominal_seconds"":1800,""position_entropy_nats"":4.194859667467577}]"
known_velocity:inertial:all,known_velocity,inertial,all,computed,6,6,0,"{""success"":6}",574.9119070505803,574.9119070505803,574.9119070505803,1598.6254312355652,851.2227774202452,"[{""actual_elapsed_seconds_range"":[50.0,67.0],""coverage"":[{""coverage_rate"":0.0,""level"":0.5,""mean_area_m2"":0.0},{""coverage_rate"":0.0,""level"":0.8,""mean_area_m2"":0.0},{""coverage_rate"":0.0,""level"":0.9,""mean_area_m2"":0.0},{""coverage_rate"":0.0,""level"":0.95,""mean_area_m2"":0.0}],""energy_score_m"":16.510889189577522,""nominal_seconds"":60,""position_entropy_nats"":0.0},{""actual_elapsed_seconds_range"":[297.0,305.0],""coverage"":[{""coverage_rate"":0.0,""level"":0.5,""mean_area_m2"":0.0},{""coverage_rate"":0.0,""level"":0.8,""mean_area_m2"":0.0},{""coverage_rate"":0.0,""level"":0.9,""mean_area_m2"":0.0},{""coverage_rate"":0.0,""level"":0.95,""mean_area_m2"":0.0}],""energy_score_m"":127.94293698817727,""nominal_seconds"":300,""position_entropy_nats"":0.0},{""actual_elapsed_seconds_range"":[899.0,910.0],""coverage"":[{""coverage_rate"":0.0,""level"":0.5,""mean_area_m2"":0.0},{""coverage_rate"":0.0,""level"":0.8,""mean_area_m2"":0.0},{""coverage_rate"":0.0,""level"":0.9,""mean_area_m2"":0.0},{""coverage_rate"":0.0,""level"":0.95,""mean_area_m2"":0.0}],""energy_score_m"":556.5683707890012,""nominal_seconds"":900,""position_entropy_nats"":0.0},{""actual_elapsed_seconds_range"":[1792.0,1805.0],""coverage"":[{""coverage_rate"":0.0,""level"":0.5,""mean_area_m2"":0.0},{""coverage_rate"":0.0,""level"":0.8,""mean_area_m2"":0.0},{""coverage_rate"":0.0,""level"":0.9,""mean_area_m2"":0.0},{""coverage_rate"":0.0,""level"":0.95,""mean_area_m2"":0.0}],""energy_score_m"":1598.6254312355652,""nominal_seconds"":1800,""position_entropy_nats"":0.0}]"
known_velocity:terrain:all-terrain,known_velocity,terrain,all-terrain,computed,30,30,0,"{""success"":30}",355.1827280192519,499.9632489421768,499.9632489421768,1122.0953870641122,466.9980220588381,"[{""actual_elapsed_seconds_range"":[50.0,67.0],""coverage"":[{""coverage_rate"":0.6666666666666666,""level"":0.5,""mean_area_m2"":4895.007357068874},{""coverage_rate"":1.0,""level"":0.8,""mean_area_m2"":11590.338573820369},{""coverage_rate"":1.0,""level"":0.9,""mean_area_m2"":17068.934882567944},{""coverage_rate"":1.0,""level"":0.95,""mean_area_m2"":22763.419555568555}],""energy_score_m"":20.842113974789825,""nominal_seconds"":60,""position_entropy_nats"":0.8066529439595302},{""actual_elapsed_seconds_range"":[297.0,305.0],""coverage"":[{""coverage_rate"":0.43333333333333335,""level"":0.5,""mean_area_m2"":148246.21341990077},{""coverage_rate"":0.8333333333333334,""level"":0.8,""mean_area_m2"":287459.4047777486},{""coverage_rate"":0.9666666666666667,""level"":0.9,""mean_area_m2"":417107.01671343984},{""coverage_rate"":1.0,""level"":0.95,""mean_area_m2"":583077.2216107275}],""energy_score_m"":155.68736225446165,""nominal_seconds"":300,""position_entropy_nats"":2.0785090753982773},{""actual_elapsed_seconds_range"":[899.0,910.0],""coverage"":[{""coverage_rate"":0.3333333333333333,""level"":0.5,""mean_area_m2"":738774.8566288475},{""coverage_rate"":0.7,""level"":0.8,""mean_area_m2"":1693756.4172768781},{""coverage_rate"":0.8333333333333334,""level"":0.9,""mean_area_m2"":2339748.1614655466},{""coverage_rate"":0.8333333333333334,""level"":0.95,""mean_area_m2"":3015061.5467101345}],""energy_score_m"":440.53010556897374,""nominal_seconds"":900,""position_entropy_nats"":3.479880646966302},{""actual_elapsed_seconds_range"":[1792.0,1805.0],""coverage"":[{""coverage_rate"":0.16666666666666666,""level"":0.5,""mean_area_m2"":1638769.9538482348},{""coverage_rate"":0.6333333333333333,""level"":0.8,""mean_area_m2"":3789279.47316468},{""coverage_rate"":0.6666666666666666,""level"":0.9,""mean_area_m2"":5537552.84893299},{""coverage_rate"":0.8333333333333334,""level"":0.95,""mean_area_m2"":7248758.069609236}],""energy_score_m"":803.6713302787823,""nominal_seconds"":1800,""position_entropy_nats"":4.179845782061301}]"
known_velocity:terrain:base,known_velocity,terrain,base,computed,30,30,0,"{""success"":30}",408.6647899434005,574.3003497341286,574.3003497341286,1308.576009268532,549.5172779325169,"[{""actual_elapsed_seconds_range"":[50.0,67.0],""coverage"":[{""coverage_rate"":0.9666666666666667,""level"":0.5,""mean_area_m2"":5834.653574944123},{""coverage_rate"":1.0,""level"":0.8,""mean_area_m2"":13799.687609442793},{""coverage_rate"":1.0,""level"":0.9,""mean_area_m2"":20146.785475120065},{""coverage_rate"":1.0,""level"":0.95,""mean_area_m2"":26550.623017983224}],""energy_score_m"":19.357514053355597,""nominal_seconds"":60,""position_entropy_nats"":0.8562894575268929},{""actual_elapsed_seconds_range"":[297.0,305.0],""coverage"":[{""coverage_rate"":0.6666666666666666,""level"":0.5,""mean_area_m2"":193327.5112885963},{""coverage_rate"":0.9333333333333333,""level"":0.8,""mean_area_m2"":363033.9479166416},{""coverage_rate"":1.0,""level"":0.9,""mean_area_m2"":488131.8497306478},{""coverage_rate"":1.0,""level"":0.95,""mean_area_m2"":613762.6343244278}],""energy_score_m"":153.0687981727908,""nominal_seconds"":300,""position_entropy_nats"":2.3540214327599522},{""actual_elapsed_seconds_range"":[899.0,910.0],""coverage"":[{""coverage_rate"":0.23333333333333334,""level"":0.5,""mean_area_m2"":807632.7252992727},{""coverage_rate"":0.5,""level"":0.8,""mean_area_m2"":1776658.1741834772},{""coverage_rate"":0.6666666666666666,""level"":0.9,""mean_area_m2"":2419691.2282462716},{""coverage_rate"":0.8333333333333334,""level"":0.95,""mean_area_m2"":3055599.301106157}],""energy_score_m"":500.64922567845235,""nominal_seconds"":900,""position_entropy_nats"":3.7253959182309164},{""actual_elapsed_seconds_range"":[1792.0,1805.0],""coverage"":[{""coverage_rate"":0.16666666666666666,""level"":0.5,""mean_area_m2"":1658423.2791354095},{""coverage_rate"":0.3333333333333333,""level"":0.8,""mean_area_m2"":3894300.5648463047},{""coverage_rate"":0.6,""level"":0.9,""mean_area_m2"":5486729.795387632},{""coverage_rate"":0.6666666666666666,""level"":0.95,""mean_area_m2"":7084917.384357913}],""energy_score_m"":961.5836218690031,""nominal_seconds"":1800,""position_entropy_nats"":4.416040828132751}]"
known_velocity:terrain:lio-river,known_velocity,terrain,lio-river,computed,30,30,0,"{""success"":30}",362.9055669384654,507.99603490368975,507.99603490368975,1173.0777058443798,486.31708099046955,"[{""actual_elapsed_seconds_range"":[50.0,67.0],""coverage"":[{""coverage_rate"":0.8333333333333334,""level"":0.5,""mean_area_m2"":5514.7639467604195},{""coverage_rate"":1.0,""level"":0.8,""mean_area_m2"":13180.597180324792},{""coverage_rate"":1.0,""level"":0.9,""mean_area_m2"":19326.71189797363},{""coverage_rate"":1.0,""level"":0.95,""mean_area_m2"":25690.195452753538}],""energy_score_m"":17.930380392573493,""nominal_seconds"":60,""position_entropy_nats"":0.8364304514542248},{""actual_elapsed_seconds_range"":[297.0,305.0],""coverage"":[{""coverage_rate"":0.5,""level"":0.5,""mean_area_m2"":178853.08141764367},{""coverage_rate"":0.8333333333333334,""level"":0.8,""mean_area_m2"":345391.80496694427},{""coverage_rate"":0.9333333333333333,""level"":0.9,""mean_area_m2"":478808.32377105136},{""coverage_rate"":1.0,""level"":0.95,""mean_area_m2"":618679.9654053855}],""energy_score_m"":145.55964622864443,""nominal_seconds"":300,""position_entropy_nats"":2.289647854699083},{""actual_elapsed_seconds_range"":[899.0,910.0],""coverage"":[{""coverage_rate"":0.5,""level"":0.5,""mean_area_m2"":800347.2291630585},{""coverage_rate"":0.6666666666666666,""level"":0.8,""mean_area_m2"":1782921.9318683706},{""coverage_rate"":0.8333333333333334,""level"":0.9,""mean_area_m2"":2469444.623261646},{""coverage_rate"":0.8333333333333334,""level"":0.95,""mean_area_m2"":3196045.554089273}],""energy_score_m"":438.23686879760345,""nominal_seconds"":900,""position_entropy_nats"":3.6802294627890353},{""actual_elapsed_seconds_range"":[1792.0,1805.0],""coverage"":[{""coverage_rate"":0.3,""level"":0.5,""mean_area_m2"":1663157.8414774195},{""coverage_rate"":0.3333333333333333,""level"":0.8,""mean_area_m2"":3982087.6745487573},{""coverage_rate"":0.5333333333333333,""level"":0.9,""mean_area_m2"":5769556.432455774},{""coverage_rate"":0.8333333333333334,""level"":0.95,""mean_area_m2"":7672944.71504897}],""energy_score_m"":849.8953723350401,""nominal_seconds"":1800,""position_entropy_nats"":4.326177064300895}]"
known_velocity:terrain:lio-road,known_velocity,terrain,lio-road,computed,30,30,0,"{""success"":30}",439.54110840745835,604.7538526025027,604.7538526025027,1348.8836533571114,583.5370870895998,"[{""actual_elapsed_seconds_range"":[50.0,67.0],""coverage"":[{""coverage_rate"":0.7666666666666667,""level"":0.5,""mean_area_m2"":5714.3908106844965},{""coverage_rate"":1.0,""level"":0.8,""mean_area_m2"":13478.80560735526},{""coverage_rate"":1.0,""level"":0.9,""mean_area_m2"":19681.883390270603},{""coverage_rate"":1.0,""level"":0.95,""mean_area_m2"":26115.611369077218}],""energy_score_m"":23.039054589746026,""nominal_seconds"":60,""position_entropy_nats"":0.8567427741638863},{""actual_elapsed_seconds_range"":[297.0,305.0],""coverage"":[{""coverage_rate"":0.5,""level"":0.5,""mean_area_m2"":174344.96003952558},{""coverage_rate"":0.8,""level"":0.8,""mean_area_m2"":350740.0095425154},{""coverage_rate"":0.8333333333333334,""level"":0.9,""mean_area_m2"":488756.9350329198},{""coverage_rate"":1.0,""level"":0.95,""mean_area_m2"":639766.3986347922}],""energy_score_m"":169.19652795481286,""nominal_seconds"":300,""position_entropy_nats"":2.2492742742750464},{""actual_elapsed_seconds_range"":[899.0,910.0],""coverage"":[{""coverage_rate"":0.16666666666666666,""level"":0.5,""mean_area_m2"":768528.6824227739},{""coverage_rate"":0.5666666666666667,""level"":0.8,""mean_area_m2"":1714828.819682916},{""coverage_rate"":0.8333333333333334,""level"":0.9,""mean_area_m2"":2376258.775298779},{""coverage_rate"":0.8333333333333334,""level"":0.95,""mean_area_m2"":3039386.514149234}],""energy_score_m"":558.9138219478832,""nominal_seconds"":900,""position_entropy_nats"":3.5264019598481084},{""actual_elapsed_seconds_range"":[1792.0,1805.0],""coverage"":[{""coverage_rate"":0.13333333333333333,""level"":0.5,""mean_area_m2"":1484681.0626203674},{""coverage_rate"":0.36666666666666664,""level"":0.8,""mean_area_m2"":3737765.8205592935},{""coverage_rate"":0.6666666666666666,""level"":0.9,""mean_area_m2"":5550034.947395788},{""coverage_rate"":0.7666666666666667,""level"":0.95,""mean_area_m2"":7352967.554286148}],""energy_score_m"":1007.015029137391,""nominal_seconds"":1800,""position_entropy_nats"":4.210312915166566}]"
known_velocity:terrain:lio-surface,known_velocity,terrain,lio-surface,computed,30,30,0,"{""success"":30}",363.0960920939824,521.2242738465335,521.2242738465335,1150.762619407791,485.85251576688955,"[{""actual_elapsed_seconds_range"":[50.0,67.0],""coverage"":[{""coverage_rate"":1.0,""level"":0.5,""mean_area_m2"":5482.516705326137},{""coverage_rate"":1.0,""level"":0.8,""mean_area_m2"":12995.543477478775},{""coverage_rate"":1.0,""level"":0.9,""mean_area_m2"":18908.064962594424},{""coverage_rate"":1.0,""level"":0.95,""mean_area_m2"":25385.540028679297}],""energy_score_m"":19.225730872230816,""nominal_seconds"":60,""position_entropy_nats"":0.8361920013656007},{""actual_elapsed_seconds_range"":[297.0,305.0],""coverage"":[{""coverage_rate"":0.6666666666666666,""level"":0.5,""mean_area_m2"":180223.54504116584},{""coverage_rate"":1.0,""level"":0.8,""mean_area_m2"":342209.9688502431},{""coverage_rate"":1.0,""level"":0.9,""mean_area_m2"":468080.4498038123},{""coverage_rate"":1.0,""level"":0.95,""mean_area_m2"":596885.6929703826}],""energy_score_m"":142.47696492453625,""nominal_seconds"":300,""position_entropy_nats"":2.30159731820572},{""actual_elapsed_seconds_range"":[899.0,910.0],""coverage"":[{""coverage_rate"":0.03333333333333333,""level"":0.5,""mean_area_m2"":775240.6430986439},{""coverage_rate"":0.6666666666666666,""level"":0.8,""mean_area_m2"":1698559.2652967097},{""coverage_rate"":0.7333333333333333,""level"":0.9,""mean_area_m2"":2297607.1051310496},{""coverage_rate"":0.8666666666666667,""level"":0.95,""mean_area_m2"":2915795.378004315}],""energy_score_m"":465.6986139537761,""nominal_seconds"":900,""position_entropy_nats"":3.6818006698800767},{""actual_elapsed_seconds_range"":[1792.0,1805.0],""coverage"":[{""coverage_rate"":0.3333333333333333,""level"":0.5,""mean_area_m2"":1747698.8296677938},{""coverage_rate"":0.6333333333333333,""level"":0.8,""mean_area_m2"":3961119.913176485},{""coverage_rate"":0.6666666666666666,""level"":0.9,""mean_area_m2"":5568855.135660147},{""coverage_rate"":0.6666666666666666,""level"":0.95,""mean_area_m2"":7063676.83449419}],""energy_score_m"":824.9830586253867,""nominal_seconds"":1800,""position_entropy_nats"":4.405050231349236}]"
known_velocity:terrain:lio-worldcover,known_velocity,terrain,lio-worldcover,computed,30,30,0,"{""success"":30}",412.77192801531186,577.294537196644,577.294537196644,1316.068598790346,553.9394362898522,"[{""actual_elapsed_seconds_range"":[50.0,67.0],""coverage"":[{""coverage_rate"":0.9666666666666667,""level"":0.5,""mean_area_m2"":5750.655108142675},{""coverage_rate"":1.0,""level"":0.8,""mean_area_m2"":13595.357979815686},{""coverage_rate"":1.0,""level"":0.9,""mean_area_m2"":19828.0561803778},{""coverage_rate"":1.0,""level"":0.95,""mean_area_m2"":26256.7774161496}],""energy_score_m"":18.875609686117855,""nominal_seconds"":60,""position_entropy_nats"":0.8600356013456714},{""actual_elapsed_seconds_range"":[297.0,305.0],""coverage"":[{""coverage_rate"":0.6333333333333333,""level"":0.5,""mean_area_m2"":191354.64642639938},{""coverage_rate"":0.7333333333333333,""level"":0.8,""mean_area_m2"":358937.37432192656},{""coverage_rate"":1.0,""level"":0.9,""mean_area_m2"":489045.3605819872},{""coverage_rate"":1.0,""level"":0.95,""mean_area_m2"":621263.7556445037}],""energy_score_m"":158.62489222277705,""nominal_seconds"":300,""position_entropy_nats"":2.3209373137423643},{""actual_elapsed_seconds_range"":[899.0,910.0],""coverage"":[{""coverage_rate"":0.3333333333333333,""level"":0.5,""mean_area_m2"":787154.759051013},{""coverage_rate"":0.5333333333333333,""level"":0.8,""mean_area_m2"":1782774.783374182},{""coverage_rate"":0.6666666666666666,""level"":0.9,""mean_area_m2"":2457591.495299957},{""coverage_rate"":0.7333333333333333,""level"":0.95,""mean_area_m2"":3091535.806841418}],""energy_score_m"":504.07577999662243,""nominal_seconds"":900,""position_entropy_nats"":3.6892126337994617},{""actual_elapsed_seconds_range"":[1792.0,1805.0],""coverage"":[{""coverage_rate"":0.16666666666666666,""level"":0.5,""mean_area_m2"":1600375.2432805682},{""coverage_rate"":0.2,""level"":0.8,""mean_area_m2"":3768868.602817388},{""coverage_rate"":0.6666666666666666,""level"":0.9,""mean_area_m2"":5422716.661680532},{""coverage_rate"":0.6666666666666666,""level"":0.95,""mean_area_m2"":7176899.636116933}],""energy_score_m"":969.5114301557303,""nominal_seconds"":1800,""position_entropy_nats"":4.358487839911476}]"
known_velocity:terrain:loo-river,known_velocity,terrain,loo-river,computed,30,30,0,"{""success"":30}",414.06455001851594,571.6120658515439,571.6120658515439,1273.777209829933,550.5314874648589,"[{""actual_elapsed_seconds_range"":[50.0,67.0],""coverage"":[{""coverage_rate"":0.6666666666666666,""level"":0.5,""mean_area_m2"":5103.833744590549},{""coverage_rate"":1.0,""level"":0.8,""mean_area_m2"":12142.01361586505},{""coverage_rate"":1.0,""level"":0.9,""mean_area_m2"":17744.417944317764},{""coverage_rate"":1.0,""level"":0.95,""mean_area_m2"":23862.401881137106}],""energy_score_m"":22.79886886041834,""nominal_seconds"":60,""position_entropy_nats"":0.8181902672181065},{""actual_elapsed_seconds_range"":[297.0,305.0],""coverage"":[{""coverage_rate"":0.36666666666666664,""level"":0.5,""mean_area_m2"":145693.45010554217},{""coverage_rate"":0.7333333333333333,""level"":0.8,""mean_area_m2"":297151.1602000829},{""coverage_rate"":0.8333333333333334,""level"":0.9,""mean_area_m2"":428074.83258519095},{""coverage_rate"":0.8333333333333334,""level"":0.95,""mean_area_m2"":587416.2462649817}],""energy_score_m"":161.6039438419824,""nominal_seconds"":300,""position_entropy_nats"":2.1192861045137072},{""actual_elapsed_seconds_range"":[899.0,910.0],""coverage"":[{""coverage_rate"":0.03333333333333333,""level"":0.5,""mean_area_m2"":696162.2057384421},{""coverage_rate"":0.8333333333333334,""level"":0.8,""mean_area_m2"":1607357.3347000726},{""coverage_rate"":0.8333333333333334,""level"":0.9,""mean_area_m2"":2254113.6073718313},{""coverage_rate"":0.8333333333333334,""level"":0.95,""mean_area_m2"":3002423.698654868}],""energy_score_m"":526.7301360062578,""nominal_seconds"":900,""position_entropy_nats"":3.4495577814867975},{""actual_elapsed_seconds_range"":[1792.0,1805.0],""coverage"":[{""coverage_rate"":0.16666666666666666,""level"":0.5,""mean_area_m2"":1574403.3161016607},{""coverage_rate"":0.3333333333333333,""level"":0.8,""mean_area_m2"":3861473.3245979496},{""coverage_rate"":0.6666666666666666,""level"":0.9,""mean_area_m2"":5430423.25371652},{""coverage_rate"":0.8,""level"":0.95,""mean_area_m2"":7127172.379992474}],""energy_score_m"":945.1252513654055,""nominal_seconds"":1800,""position_entropy_nats"":4.160062433281109}]"
known_velocity:terrain:loo-road,known_velocity,terrain,loo-road,computed,30,30,0,"{""success"":30}",341.55762506237517,483.4955094742549,483.4955094742549,1058.562679088161,449.7427342031377,"[{""actual_elapsed_seconds_range"":[50.0,67.0],""coverage"":[{""coverage_rate"":0.8333333333333334,""level"":0.5,""mean_area_m2"":5197.214845087729},{""coverage_rate"":1.0,""level"":0.8,""mean_area_m2"":12239.71414306886},{""coverage_rate"":1.0,""level"":0.9,""mean_area_m2"":17853.700481022526},{""coverage_rate"":1.0,""level"":0.95,""mean_area_m2"":23777.801982667963}],""energy_score_m"":17.98381762264947,""nominal_seconds"":60,""position_entropy_nats"":0.8292353038485718},{""actual_elapsed_seconds_range"":[297.0,305.0],""coverage"":[{""coverage_rate"":0.5,""level"":0.5,""mean_area_m2"":158270.8155811889},{""coverage_rate"":0.8333333333333334,""level"":0.8,""mean_area_m2"":303764.8624464619},{""coverage_rate"":0.9666666666666667,""level"":0.9,""mean_area_m2"":430160.6009579152},{""coverage_rate"":1.0,""level"":0.95,""mean_area_m2"":567253.7313964403}],""energy_score_m"":157.40912965763027,""nominal_seconds"":300,""position_entropy_nats"":2.1640734984856578},{""actual_elapsed_seconds_range"":[899.0,910.0],""coverage"":[{""coverage_rate"":0.16666666666666666,""level"":0.5,""mean_area_m2"":685815.5693843252},{""coverage_rate"":0.6666666666666666,""level"":0.8,""mean_area_m2"":1532195.0378164672},{""coverage_rate"":0.8333333333333334,""level"":0.9,""mean_area_m2"":2205629.6848633066},{""coverage_rate"":0.9666666666666667,""level"":0.95,""mean_area_m2"":2831777.562083764}],""energy_score_m"":435.80384038273326,""nominal_seconds"":900,""position_entropy_nats"":3.527823267388263},{""actual_elapsed_seconds_range"":[1792.0,1805.0],""coverage"":[{""coverage_rate"":0.16666666666666666,""level"":0.5,""mean_area_m2"":1453393.6258359693},{""coverage_rate"":0.5,""level"":0.8,""mean_area_m2"":3686803.60152392},{""coverage_rate"":0.6333333333333333,""level"":0.9,""mean_area_m2"":5457252.572431874},{""coverage_rate"":0.8666666666666667,""level"":0.95,""mean_area_m2"":7196222.500783784}],""energy_score_m"":755.0337125864879,""nominal_seconds"":1800,""position_entropy_nats"":4.190014094044914}]"
known_velocity:terrain:loo-surface,known_velocity,terrain,loo-surface,computed,30,30,0,"{""success"":30}",398.02075033418316,552.8193414097287,552.8193414097287,1255.637719535149,526.2824426713134,"[{""actual_elapsed_seconds_range"":[50.0,67.0],""coverage"":[{""coverage_rate"":0.8333333333333334,""level"":0.5,""mean_area_m2"":5203.255153309876},{""coverage_rate"":1.0,""level"":0.8,""mean_area_m2"":12311.322921432764},{""coverage_rate"":1.0,""level"":0.9,""mean_area_m2"":18081.773665685967},{""coverage_rate"":1.0,""level"":0.95,""mean_area_m2"":24334.443907397646}],""energy_score_m"":21.132240934635725,""nominal_seconds"":60,""position_entropy_nats"":0.8398813724416292},{""actual_elapsed_seconds_range"":[297.0,305.0],""coverage"":[{""coverage_rate"":0.5,""level"":0.5,""mean_area_m2"":160392.37235565286},{""coverage_rate"":0.7666666666666667,""level"":0.8,""mean_area_m2"":322665.88452887273},{""coverage_rate"":0.9,""level"":0.9,""mean_area_m2"":464007.4948037072},{""coverage_rate"":1.0,""level"":0.95,""mean_area_m2"":620525.9165106035}],""energy_score_m"":162.86952263563464,""nominal_seconds"":300,""position_entropy_nats"":2.153440139652585},{""actual_elapsed_seconds_range"":[899.0,910.0],""coverage"":[{""coverage_rate"":0.23333333333333334,""level"":0.5,""mean_area_m2"":776308.5010839232},{""coverage_rate"":0.5,""level"":0.8,""mean_area_m2"":1797595.6812135996},{""coverage_rate"":0.8,""level"":0.9,""mean_area_m2"":2491555.0594406496},{""coverage_rate"":0.8333333333333334,""level"":0.95,""mean_area_m2"":3192562.959203421}],""energy_score_m"":489.273869016568,""nominal_seconds"":900,""position_entropy_nats"":3.4919288973978797},{""actual_elapsed_seconds_range"":[1792.0,1805.0],""coverage"":[{""coverage_rate"":0.13333333333333333,""level"":0.5,""mean_area_m2"":1534114.4254146768},{""coverage_rate"":0.4,""level"":0.8,""mean_area_m2"":3777516.948531264},{""coverage_rate"":0.5333333333333333,""level"":0.9,""mean_area_m2"":5573307.669724753},{""coverage_rate"":0.6666666666666666,""level"":0.95,""mean_area_m2"":7694197.277928579}],""energy_score_m"":918.8073687498945,""nominal_seconds"":1800,""position_entropy_nats"":4.153102031782865}]"
known_velocity:terrain:loo-worldcover,known_velocity,terrain,loo-worldcover,computed,30,30,0,"{""success"":30}",361.60496060575144,501.60633284193915,501.60633284193915,1134.0686763284182,482.43255980162974,"[{""actual_elapsed_seconds_range"":[50.0,67.0],""coverage"":[{""coverage_rate"":0.6666666666666666,""level"":0.5,""mean_area_m2"":5060.537721182985},{""coverage_rate"":1.0,""level"":0.8,""mean_area_m2"":12094.600893205496},{""coverage_rate"":1.0,""level"":0.9,""mean_area_m2"":17765.30828235992},{""coverage_rate"":1.0,""level"":0.95,""mean_area_m2"":23989.878177929557}],""energy_score_m"":20.58979977767591,""nominal_seconds"":60,""position_entropy_nats"":0.7997522473200829},{""actual_elapsed_seconds_range"":[297.0,305.0],""coverage"":[{""coverage_rate"":0.5,""level"":0.5,""mean_area_m2"":156566.40795539686},{""coverage_rate"":0.9,""level"":0.8,""mean_area_m2"":310522.97244401847},{""coverage_rate"":1.0,""level"":0.9,""mean_area_m2"":448599.8995277927},{""coverage_rate"":1.0,""level"":0.95,""mean_area_m2"":619927.053102344}],""energy_score_m"":146.774762744838,""nominal_seconds"":300,""position_entropy_nats"":2.15010454191678},{""actual_elapsed_seconds_range"":[899.0,910.0],""coverage"":[{""coverage_rate"":0.3,""level"":0.5,""mean_area_m2"":736907.2996182623},{""coverage_rate"":0.8,""level"":0.8,""mean_area_m2"":1689728.0502037862},{""coverage_rate"":0.8333333333333334,""level"":0.9,""mean_area_m2"":2330176.576524279},{""coverage_rate"":0.8333333333333334,""level"":0.95,""mean_area_m2"":2991398.0942914314}],""energy_score_m"":447.79045986564984,""nominal_seconds"":900,""position_entropy_nats"":3.470543403671095},{""actual_elapsed_seconds_range"":[1792.0,1805.0],""coverage"":[{""coverage_rate"":0.2,""level"":0.5,""mean_area_m2"":1627649.1314871395},{""coverage_rate"":0.5,""level"":0.8,""mean_area_m2"":3917206.4249066412},{""coverage_rate"":0.6666666666666666,""level"":0.9,""mean_area_m2"":5693972.567767272},{""coverage_rate"":0.7333333333333333,""level"":0.95,""mean_area_m2"":7344538.985604076}],""energy_score_m"":831.2648200348419,""nominal_seconds"":1800,""position_entropy_nats"":4.177275060868939}]"
point_only:NEX326-diagnostic:diagnostic/full-exact-kernel,point_only,NEX326-diagnostic,diagnostic/full-exact-kernel,computed,30,30,0,"{""success"":30}",432.8199528602875,610.2182532410408,610.2182532410408,1197.2331749599762,536.3612475909915,"[{""actual_elapsed_seconds_range"":[50.0,67.0],""coverage"":[{""coverage_rate"":0.3333333333333333,""level"":0.5,""mean_area_m2"":12678.347875563903},{""coverage_rate"":0.7333333333333333,""level"":0.8,""mean_area_m2"":29586.15515359577},{""coverage_rate"":1.0,""level"":0.9,""mean_area_m2"":42887.86492566411},{""coverage_rate"":1.0,""level"":0.95,""mean_area_m2"":55629.16478142069}],""energy_score_m"":51.976005341130914,""nominal_seconds"":60,""position_entropy_nats"":1.382873524955322},{""actual_elapsed_seconds_range"":[297.0,305.0],""coverage"":[{""coverage_rate"":0.0,""level"":0.5,""mean_area_m2"":94010.560935555},{""coverage_rate"":0.03333333333333333,""level"":0.8,""mean_area_m2"":210262.5576296631},{""coverage_rate"":0.36666666666666664,""level"":0.9,""mean_area_m2"":295505.6947658171},{""coverage_rate"":0.6333333333333333,""level"":0.95,""mean_area_m2"":379683.8666008546}],""energy_score_m"":249.96850906738933,""nominal_seconds"":300,""position_entropy_nats"":1.9312270169452412},{""actual_elapsed_seconds_range"":[899.0,910.0],""coverage"":[{""coverage_rate"":0.0,""level"":0.5,""mean_area_m2"":535729.9389784794},{""coverage_rate"":0.0,""level"":0.8,""mean_area_m2"":1049620.3610153734},{""coverage_rate"":0.0,""level"":0.9,""mean_area_m2"":1377446.529295499},{""coverage_rate"":0.23333333333333334,""level"":0.95,""mean_area_m2"":1720426.1392660043}],""energy_score_m"":596.1005074091863,""nominal_seconds"":900,""position_entropy_nats"":3.277862940282034},{""actual_elapsed_seconds_range"":[1792.0,1805.0],""coverage"":[{""coverage_rate"":0.06666666666666667,""level"":0.5,""mean_area_m2"":1954780.9093519005},{""coverage_rate"":0.43333333333333335,""level"":0.8,""mean_area_m2"":3397689.4634785135},{""coverage_rate"":0.5,""level"":0.9,""mean_area_m2"":4327971.841250878},{""coverage_rate"":0.5,""level"":0.95,""mean_area_m2"":5160651.525908963}],""energy_score_m"":833.2347896234431,""nominal_seconds"":1800,""position_entropy_nats"":4.191836914405099}]"
point_only:NEX326-methods:arm-01/full,point_only,NEX326-methods,arm-01/full,computed,30,30,0,"{""success"":30}",433.3180408308988,611.0093571006108,611.0093571006108,1200.211467269416,537.2671684990103,"[{""actual_elapsed_seconds_range"":[50.0,67.0],""coverage"":[{""coverage_rate"":0.3333333333333333,""level"":0.5,""mean_area_m2"":12991.788653523254},{""coverage_rate"":0.8333333333333334,""level"":0.8,""mean_area_m2"":30223.14146277683},{""coverage_rate"":1.0,""level"":0.9,""mean_area_m2"":43734.276802481014},{""coverage_rate"":1.0,""level"":0.95,""mean_area_m2"":57752.522433280414}],""energy_score_m"":51.28183893385937,""nominal_seconds"":60,""position_entropy_nats"":1.381885062612811},{""actual_elapsed_seconds_range"":[297.0,305.0],""coverage"":[{""coverage_rate"":0.0,""level"":0.5,""mean_area_m2"":95333.64919215134},{""coverage_rate"":0.0,""level"":0.8,""mean_area_m2"":210433.8077520911},{""coverage_rate"":0.3,""level"":0.9,""mean_area_m2"":296049.1529034492},{""coverage_rate"":0.6,""level"":0.95,""mean_area_m2"":379347.7344042472}],""energy_score_m"":250.47399107458313,""nominal_seconds"":300,""position_entropy_nats"":1.9408591898096907},{""actual_elapsed_seconds_range"":[899.0,910.0],""coverage"":[{""coverage_rate"":0.0,""level"":0.5,""mean_area_m2"":536087.5453199706},{""coverage_rate"":0.0,""level"":0.8,""mean_area_m2"":1058415.0614117389},{""coverage_rate"":0.0,""level"":0.9,""mean_area_m2"":1405048.9956075805},{""coverage_rate"":0.26666666666666666,""level"":0.95,""mean_area_m2"":1737463.7036675848}],""energy_score_m"":594.953098685891,""nominal_seconds"":900,""position_entropy_nats"":3.2883285456061073},{""actual_elapsed_seconds_range"":[1792.0,1805.0],""coverage"":[{""coverage_rate"":0.1,""level"":0.5,""mean_area_m2"":1952083.6950065373},{""coverage_rate"":0.4666666666666667,""level"":0.8,""mean_area_m2"":3413768.4937087535},{""coverage_rate"":0.5,""level"":0.9,""mean_area_m2"":4350086.666338684},{""coverage_rate"":0.5333333333333333,""level"":0.95,""mean_area_m2"":5273812.969443128}],""energy_score_m"":836.5632346292615,""nominal_seconds"":1800,""position_entropy_nats"":4.2031000868860495}]"
point_only:NEX326-methods:arm-02/pointwise,point_only,NEX326-methods,arm-02/pointwise,computed,30,30,0,"{""success"":30}",479.38340680240486,609.0619039444973,609.0619039444973,1194.0700526972937,598.3407028431375,"[{""actual_elapsed_seconds_range"":[50.0,67.0],""coverage"":[{""coverage_rate"":0.3333333333333333,""level"":0.5,""mean_area_m2"":13038.56496142986},{""coverage_rate"":0.8,""level"":0.8,""mean_area_m2"":30209.922091210665},{""coverage_rate"":1.0,""level"":0.9,""mean_area_m2"":42637.271295725826},{""coverage_rate"":1.0,""level"":0.95,""mean_area_m2"":55768.89051907584}],""energy_score_m"":51.36808304678951,""nominal_seconds"":60,""position_entropy_nats"":1.383082312227633},{""actual_elapsed_seconds_range"":[297.0,305.0],""coverage"":[{""coverage_rate"":0.0,""level"":0.5,""mean_area_m2"":68084.42364857174},{""coverage_rate"":0.0,""level"":0.8,""mean_area_m2"":157627.5294476713},{""coverage_rate"":0.06666666666666667,""level"":0.9,""mean_area_m2"":222842.52309519568},{""coverage_rate"":0.3333333333333333,""level"":0.95,""mean_area_m2"":297285.2682821637}],""energy_score_m"":257.82119094846365,""nominal_seconds"":300,""position_entropy_nats"":1.743225543527854},{""actual_elapsed_seconds_range"":[899.0,910.0],""coverage"":[{""coverage_rate"":0.0,""level"":0.5,""mean_area_m2"":218419.10366075396},{""coverage_rate"":0.0,""level"":0.8,""mean_area_m2"":506000.1487990074},{""coverage_rate"":0.0,""level"":0.9,""mean_area_m2"":722812.1291385705},{""coverage_rate"":0.0,""level"":0.95,""mean_area_m2"":944264.3761849788}],""energy_score_m"":654.9241952255773,""nominal_seconds"":900,""position_entropy_nats"":2.685184618532916},{""actual_elapsed_seconds_range"":[1792.0,1805.0],""coverage"":[{""coverage_rate"":0.0,""level"":0.5,""mean_area_m2"":479874.76910411875},{""coverage_rate"":0.0,""level"":0.8,""mean_area_m2"":1129780.633426998},{""coverage_rate"":0.0,""level"":0.9,""mean_area_m2"":1615341.0307326622},{""coverage_rate"":0.3,""level"":0.95,""mean_area_m2"":2114061.6197342}],""energy_score_m"":953.4201579887891,""nominal_seconds"":1800,""position_entropy_nats"":3.3794565430928563}]"
point_only:NEX326-methods:arm-03/single_gaussian,point_only,NEX326-methods,arm-03/single_gaussian,computed,30,30,0,"{""success"":30}",474.4030061672439,607.8557640298034,607.8557640298034,1190.1679972093073,591.3061908303985,"[{""actual_elapsed_seconds_range"":[50.0,67.0],""coverage"":[{""coverage_rate"":0.3333333333333333,""level"":0.5,""mean_area_m2"":12717.720014471573},{""coverage_rate"":0.6333333333333333,""level"":0.8,""mean_area_m2"":29457.733485103938},{""coverage_rate"":1.0,""level"":0.9,""mean_area_m2"":41700.66120287626},{""coverage_rate"":1.0,""level"":0.95,""mean_area_m2"":54959.63080275919}],""energy_score_m"":51.39596685034228,""nominal_seconds"":60,""position_entropy_nats"":1.3834792211693132},{""actual_elapsed_seconds_range"":[297.0,305.0],""coverage"":[{""coverage_rate"":0.0,""level"":0.5,""mean_area_m2"":67220.02661690669},{""coverage_rate"":0.0,""level"":0.8,""mean_area_m2"":156866.4247597991},{""coverage_rate"":0.1,""level"":0.9,""mean_area_m2"":224280.76972643196},{""coverage_rate"":0.36666666666666664,""level"":0.95,""mean_area_m2"":295252.2742807195}],""energy_score_m"":258.9814423687641,""nominal_seconds"":300,""position_entropy_nats"":1.7380908322855613},{""actual_elapsed_seconds_range"":[899.0,910.0],""coverage"":[{""coverage_rate"":0.0,""level"":0.5,""mean_area_m2"":228574.2941017629},{""coverage_rate"":0.0,""level"":0.8,""mean_area_m2"":537236.5578045628},{""coverage_rate"":0.0,""level"":0.9,""mean_area_m2"":764559.013293751},{""coverage_rate"":0.0,""level"":0.95,""mean_area_m2"":1004270.5072141042}],""energy_score_m"":650.104684859042,""nominal_seconds"":900,""position_entropy_nats"":2.7220918948811854},{""actual_elapsed_seconds_range"":[1792.0,1805.0],""coverage"":[{""coverage_rate"":0.0,""level"":0.5,""mean_area_m2"":552101.4054527743},{""coverage_rate"":0.0,""level"":0.8,""mean_area_m2"":1297852.3395610373},{""coverage_rate"":0.06666666666666667,""level"":0.9,""mean_area_m2"":1879274.3309623078},{""coverage_rate"":0.4666666666666667,""level"":0.95,""mean_area_m2"":2439929.9893594114}],""energy_score_m"":937.1299305908269,""nominal_seconds"":1800,""position_entropy_nats"":3.5079996669960756}]"
point_only:NEX326-methods:arm-04/gmm_kernel,point_only,NEX326-methods,arm-04/gmm_kernel,computed,30,30,0,"{""success"":30}",441.23429074408375,599.7949659015028,599.7949659015028,1168.9358966082336,550.1796474122465,"[{""actual_elapsed_seconds_range"":[50.0,67.0],""coverage"":[{""coverage_rate"":0.5,""level"":0.5,""mean_area_m2"":24419.114272190436},{""coverage_rate"":1.0,""level"":0.8,""mean_area_m2"":51309.21746091171},{""coverage_rate"":1.0,""level"":0.9,""mean_area_m2"":70075.10206162554},{""coverage_rate"":1.0,""level"":0.95,""mean_area_m2"":88970.55419474965}],""energy_score_m"":51.40894451148852,""nominal_seconds"":60,""position_entropy_nats"":1.3852044448634724},{""actual_elapsed_seconds_range"":[297.0,305.0],""coverage"":[{""coverage_rate"":0.0,""level"":0.5,""mean_area_m2"":124934.74996403958},{""coverage_rate"":0.3333333333333333,""level"":0.8,""mean_area_m2"":284894.83680561173},{""coverage_rate"":0.6666666666666666,""level"":0.9,""mean_area_m2"":404316.7313578392},{""coverage_rate"":0.8,""level"":0.95,""mean_area_m2"":528914.1337748938}],""energy_score_m"":240.35040611885617,""nominal_seconds"":300,""position_entropy_nats"":2.181852673563739},{""actual_elapsed_seconds_range"":[899.0,910.0],""coverage"":[{""coverage_rate"":0.0,""level"":0.5,""mean_area_m2"":400527.64437073993},{""coverage_rate"":0.0,""level"":0.8,""mean_area_m2"":934715.6435801632},{""coverage_rate"":0.1,""level"":0.9,""mean_area_m2"":1346080.668004146},{""coverage_rate"":0.3333333333333333,""level"":0.95,""mean_area_m2"":1757097.7647679613}],""energy_score_m"":602.5602597547417,""nominal_seconds"":900,""position_entropy_nats"":3.220748385897384},{""actual_elapsed_seconds_range"":[1792.0,1805.0],""coverage"":[{""coverage_rate"":0.0,""level"":0.5,""mean_area_m2"":936824.6268998805},{""coverage_rate"":0.4,""level"":0.8,""mean_area_m2"":2183270.5076279314},{""coverage_rate"":0.5,""level"":0.9,""mean_area_m2"":3109663.5612973836},{""coverage_rate"":0.5,""level"":0.95,""mean_area_m2"":4073167.6935509345}],""energy_score_m"":870.6175525912489,""nominal_seconds"":1800,""position_entropy_nats"":3.9704093114777246}]"
point_only:NEX326-methods:arm-05/explicit_decomp,point_only,NEX326-methods,arm-05/explicit_decomp,computed,30,30,0,"{""success"":30}",553.565942263787,679.2971041062818,679.2971041062818,1503.6999579810206,722.321574887028,"[{""actual_elapsed_seconds_range"":[50.0,67.0],""coverage"":[{""coverage_rate"":0.3333333333333333,""level"":0.5,""mean_area_m2"":12122.219898727437},{""coverage_rate"":0.7333333333333333,""level"":0.8,""mean_area_m2"":28582.065018492718},{""coverage_rate"":0.9,""level"":0.9,""mean_area_m2"":40985.393200548475},{""coverage_rate"":1.0,""level"":0.95,""mean_area_m2"":53340.3544264491}],""energy_score_m"":51.07876287457221,""nominal_seconds"":60,""position_entropy_nats"":1.3022858292504345},{""actual_elapsed_seconds_range"":[297.0,305.0],""coverage"":[{""coverage_rate"":0.13333333333333333,""level"":0.5,""mean_area_m2"":66013.77550687238},{""coverage_rate"":0.16666666666666666,""level"":0.8,""mean_area_m2"":156290.14190469804},{""coverage_rate"":0.16666666666666666,""level"":0.9,""mean_area_m2"":224766.92297863532},{""coverage_rate"":0.16666666666666666,""level"":0.95,""mean_area_m2"":293382.0498173662}],""energy_score_m"":259.7318300206144,""nominal_seconds"":300,""position_entropy_nats"":1.718186796280489},{""actual_elapsed_seconds_range"":[899.0,910.0],""coverage"":[{""coverage_rate"":0.0,""level"":0.5,""mean_area_m2"":214190.72752352292},{""coverage_rate"":0.2,""level"":0.8,""mean_area_m2"":511594.3501407497},{""coverage_rate"":0.5,""level"":0.9,""mean_area_m2"":764562.9732259185},{""coverage_rate"":0.5,""level"":0.95,""mean_area_m2"":1062421.3754648766}],""energy_score_m"":643.1474920106034,""nominal_seconds"":900,""position_entropy_nats"":2.6907508059324625},{""actual_elapsed_seconds_range"":[1792.0,1805.0],""coverage"":[{""coverage_rate"":0.0,""level"":0.5,""mean_area_m2"":454983.66316160996},{""coverage_rate"":0.16666666666666666,""level"":0.8,""mean_area_m2"":1103414.4512865203},{""coverage_rate"":0.23333333333333334,""level"":0.9,""mean_area_m2"":1692711.0696007356},{""coverage_rate"":0.3333333333333333,""level"":0.95,""mean_area_m2"":2585734.9066477767}],""energy_score_m"":1260.3056841493578,""nominal_seconds"":1800,""position_entropy_nats"":3.373785477832635}]"
point_only:NEX326-methods:arm-06/dt120,point_only,NEX326-methods,arm-06/dt120,computed,30,30,0,"{""success"":30}",421.3459187541017,610.433342847228,610.433342847228,1193.1431449397585,524.3013762578338,"[{""actual_elapsed_seconds_range"":[50.0,67.0],""coverage"":[{""coverage_rate"":0.5,""level"":0.5,""mean_area_m2"":22423.390762922318},{""coverage_rate"":1.0,""level"":0.8,""mean_area_m2"":52683.620090062745},{""coverage_rate"":1.0,""level"":0.9,""mean_area_m2"":74316.58076596256},{""coverage_rate"":1.0,""level"":0.95,""mean_area_m2"":97238.20860025077}],""energy_score_m"":52.807055782365545,""nominal_seconds"":60,""position_entropy_nats"":1.3908390537212678},{""actual_elapsed_seconds_range"":[297.0,305.0],""coverage"":[{""coverage_rate"":0.0,""level"":0.5,""mean_area_m2"":148035.34280048616},{""coverage_rate"":0.4666666666666667,""level"":0.8,""mean_area_m2"":333915.12175896607},{""coverage_rate"":0.6666666666666666,""level"":0.9,""mean_area_m2"":470548.7995251028},{""coverage_rate"":0.8333333333333334,""level"":0.95,""mean_area_m2"":616972.9296986059}],""energy_score_m"":238.4526579868061,""nominal_seconds"":300,""position_entropy_nats"":2.317814855587478},{""actual_elapsed_seconds_range"":[899.0,910.0],""coverage"":[{""coverage_rate"":0.0,""level"":0.5,""mean_area_m2"":706248.7019081325},{""coverage_rate"":0.03333333333333333,""level"":0.8,""mean_area_m2"":1466869.368141904},{""coverage_rate"":0.5333333333333333,""level"":0.9,""mean_area_m2"":1996539.23754037},{""coverage_rate"":0.8333333333333334,""level"":0.95,""mean_area_m2"":2527673.990552206}],""energy_score_m"":576.8241657086561,""nominal_seconds"":900,""position_entropy_nats"":3.6187088183759655},{""actual_elapsed_seconds_range"":[1792.0,1805.0],""coverage"":[{""coverage_rate"":0.3333333333333333,""level"":0.5,""mean_area_m2"":2344953.2635629857},{""coverage_rate"":0.5,""level"":0.8,""mean_area_m2"":4410995.762740106},{""coverage_rate"":0.6333333333333333,""level"":0.9,""mean_area_m2"":5776111.69075263},{""coverage_rate"":0.8333333333333334,""level"":0.95,""mean_area_m2"":7159095.30627305}],""energy_score_m"":817.2997955385792,""nominal_seconds"":1800,""position_entropy_nats"":4.53009246528004}]"
point_only:NEX326-methods:arm-06/dt30,point_only,NEX326-methods,arm-06/dt30,computed,30,30,0,"{""success"":30}",447.28279114865643,612.6948869528253,612.6948869528253,1202.2364657085204,552.1291066323304,"[{""actual_elapsed_seconds_range"":[50.0,67.0],""coverage"":[{""coverage_rate"":0.3333333333333333,""level"":0.5,""mean_area_m2"":7266.424137609624},{""coverage_rate"":0.36666666666666664,""level"":0.8,""mean_area_m2"":17032.85002904917},{""coverage_rate"":0.5666666666666667,""level"":0.9,""mean_area_m2"":24303.80638615729},{""coverage_rate"":0.9,""level"":0.95,""mean_area_m2"":31742.94804426063}],""energy_score_m"":53.07491084719318,""nominal_seconds"":60,""position_entropy_nats"":1.3832499472837438},{""actual_elapsed_seconds_range"":[297.0,305.0],""coverage"":[{""coverage_rate"":0.0,""level"":0.5,""mean_area_m2"":66501.71985728094},{""coverage_rate"":0.0,""level"":0.8,""mean_area_m2"":139368.4514228929},{""coverage_rate"":0.0,""level"":0.9,""mean_area_m2"":191011.87945473442},{""coverage_rate"":0.1,""level"":0.95,""mean_area_m2"":240677.77749700486}],""energy_score_m"":261.9619699194535,""nominal_seconds"":300,""position_entropy_nats"":1.6168985022252287},{""actual_elapsed_seconds_range"":[899.0,910.0],""coverage"":[{""coverage_rate"":0.0,""level"":0.5,""mean_area_m2"":441106.5612352879},{""coverage_rate"":0.0,""level"":0.8,""mean_area_m2"":787717.9217687928},{""coverage_rate"":0.0,""level"":0.9,""mean_area_m2"":1012958.0631759252},{""coverage_rate"":0.0,""level"":0.95,""mean_area_m2"":1223856.9688078398}],""energy_score_m"":618.5963228312814,""nominal_seconds"":900,""position_entropy_nats"":2.9456735560776224},{""actual_elapsed_seconds_range"":[1792.0,1805.0],""coverage"":[{""coverage_rate"":0.0,""level"":0.5,""mean_area_m2"":1716283.3366455585},{""coverage_rate"":0.3333333333333333,""level"":0.8,""mean_area_m2"":2722882.5408306858},{""coverage_rate"":0.36666666666666664,""level"":0.9,""mean_area_m2"":3360623.020251077},{""coverage_rate"":0.5,""level"":0.95,""mean_area_m2"":3948668.377485431}],""energy_score_m"":855.4979609966978,""nominal_seconds"":1800,""position_entropy_nats"":3.769952723913354}]"
point_only:NEX326-methods:arm-06/dt300,point_only,NEX326-methods,arm-06/dt300,computed,30,30,0,"{""success"":30}",405.95948368703546,606.4661738919464,606.4661738919464,1190.5619265501637,506.56945824100944,"[{""actual_elapsed_seconds_range"":[50.0,67.0],""coverage"":[{""coverage_rate"":1.0,""level"":0.5,""mean_area_m2"":44649.49951977642},{""coverage_rate"":1.0,""level"":0.8,""mean_area_m2"":104909.12629519751},{""coverage_rate"":1.0,""level"":0.9,""mean_area_m2"":149188.6971605174},{""coverage_rate"":1.0,""level"":0.95,""mean_area_m2"":199576.04517366952}],""energy_score_m"":55.79940316540486,""nominal_seconds"":60,""position_entropy_nats"":1.5309988255195686},{""actual_elapsed_seconds_range"":[297.0,305.0],""coverage"":[{""coverage_rate"":0.3,""level"":0.5,""mean_area_m2"":263146.27928317606},{""coverage_rate"":0.8666666666666667,""level"":0.8,""mean_area_m2"":626110.8669284817},{""coverage_rate"":1.0,""level"":0.9,""mean_area_m2"":899785.0600032841},{""coverage_rate"":1.0,""level"":0.95,""mean_area_m2"":1168745.3021882782}],""energy_score_m"":225.33614434414943,""nominal_seconds"":300,""position_entropy_nats"":2.852250064460032},{""actual_elapsed_seconds_range"":[899.0,910.0],""coverage"":[{""coverage_rate"":0.0,""level"":0.5,""mean_area_m2"":1090916.0299135584},{""coverage_rate"":0.7333333333333333,""level"":0.8,""mean_area_m2"":2406569.6118970662},{""coverage_rate"":0.9666666666666667,""level"":0.9,""mean_area_m2"":3357209.555458467},{""coverage_rate"":1.0,""level"":0.95,""mean_area_m2"":4248899.66310713}],""energy_score_m"":546.0357265690703,""nominal_seconds"":900,""position_entropy_nats"":4.051687483728658},{""actual_elapsed_seconds_range"":[1792.0,1805.0],""coverage"":[{""coverage_rate"":0.5,""level"":0.5,""mean_area_m2"":3173040.8717887877},{""coverage_rate"":0.8,""level"":0.8,""mean_area_m2"":6558841.040585195},{""coverage_rate"":0.8333333333333334,""level"":0.9,""mean_area_m2"":8858896.579494985},{""coverage_rate"":1.0,""level"":0.95,""mean_area_m2"":11275849.412052225}],""energy_score_m"":796.6666606695172,""nominal_seconds"":1800,""position_entropy_nats"":4.8785193514437}]"
point_only:NEX326-methods:arm-06/dt60,point_only,NEX326-methods,arm-06/dt60,computed,30,30,0,"{""success"":30}",433.3180408308988,611.0093571006108,611.0093571006108,1200.211467269416,537.2671684990103,"[{""actual_elapsed_seconds_range"":[50.0,67.0],""coverage"":[{""coverage_rate"":0.3333333333333333,""level"":0.5,""mean_area_m2"":12991.788653523254},{""coverage_rate"":0.8333333333333334,""level"":0.8,""mean_area_m2"":30223.14146277683},{""coverage_rate"":1.0,""level"":0.9,""mean_area_m2"":43734.276802481014},{""coverage_rate"":1.0,""level"":0.95,""mean_area_m2"":57752.522433280414}],""energy_score_m"":51.28183893385937,""nominal_seconds"":60,""position_entropy_nats"":1.381885062612811},{""actual_elapsed_seconds_range"":[297.0,305.0],""coverage"":[{""coverage_rate"":0.0,""level"":0.5,""mean_area_m2"":95333.64919215134},{""coverage_rate"":0.0,""level"":0.8,""mean_area_m2"":210433.8077520911},{""coverage_rate"":0.3,""level"":0.9,""mean_area_m2"":296049.1529034492},{""coverage_rate"":0.6,""level"":0.95,""mean_area_m2"":379347.7344042472}],""energy_score_m"":250.47399107458313,""nominal_seconds"":300,""position_entropy_nats"":1.9408591898096907},{""actual_elapsed_seconds_range"":[899.0,910.0],""coverage"":[{""coverage_rate"":0.0,""level"":0.5,""mean_area_m2"":536087.5453199706},{""coverage_rate"":0.0,""level"":0.8,""mean_area_m2"":1058415.0614117389},{""coverage_rate"":0.0,""level"":0.9,""mean_area_m2"":1405048.9956075805},{""coverage_rate"":0.26666666666666666,""level"":0.95,""mean_area_m2"":1737463.7036675848}],""energy_score_m"":594.953098685891,""nominal_seconds"":900,""position_entropy_nats"":3.2883285456061073},{""actual_elapsed_seconds_range"":[1792.0,1805.0],""coverage"":[{""coverage_rate"":0.1,""level"":0.5,""mean_area_m2"":1952083.6950065373},{""coverage_rate"":0.4666666666666667,""level"":0.8,""mean_area_m2"":3413768.4937087535},{""coverage_rate"":0.5,""level"":0.9,""mean_area_m2"":4350086.666338684},{""coverage_rate"":0.5333333333333333,""level"":0.95,""mean_area_m2"":5273812.969443128}],""energy_score_m"":836.5632346292615,""nominal_seconds"":1800,""position_entropy_nats"":4.2031000868860495}]"
point_only:NEX326-methods:arm-06/dt600,point_only,NEX326-methods,arm-06/dt600,computed,30,30,0,"{""success"":30}",402.17164387119067,602.1440407740581,602.1440407740581,1179.328899985284,500.8969833217501,"[{""actual_elapsed_seconds_range"":[50.0,67.0],""coverage"":[{""coverage_rate"":1.0,""level"":0.5,""mean_area_m2"":72463.97557369589},{""coverage_rate"":1.0,""level"":0.8,""mean_area_m2"":170375.1055781376},{""coverage_rate"":1.0,""level"":0.9,""mean_area_m2"":245595.09400562994},{""coverage_rate"":1.0,""level"":0.95,""mean_area_m2"":329159.397127702}],""energy_score_m"":62.221943810139855,""nominal_seconds"":60,""position_entropy_nats"":1.7975012958050984},{""actual_elapsed_seconds_range"":[297.0,305.0],""coverage"":[{""coverage_rate"":0.6666666666666666,""level"":0.5,""mean_area_m2"":422517.45259206265},{""coverage_rate"":1.0,""level"":0.8,""mean_area_m2"":955730.1105076515},{""coverage_rate"":1.0,""level"":0.9,""mean_area_m2"":1374210.3896749231},{""coverage_rate"":1.0,""level"":0.95,""mean_area_m2"":1822076.2340610223}],""energy_score_m"":225.5769785901655,""nominal_seconds"":300,""position_entropy_nats"":3.2415514495983078},{""actual_elapsed_seconds_range"":[899.0,910.0],""coverage"":[{""coverage_rate"":0.26666666666666666,""level"":0.5,""mean_area_m2"":1630638.6604634007},{""coverage_rate"":0.9666666666666667,""level"":0.8,""mean_area_m2"":3620069.974111346},{""coverage_rate"":1.0,""level"":0.9,""mean_area_m2"":5083354.141132495},{""coverage_rate"":1.0,""level"":0.95,""mean_area_m2"":6574082.517907534}],""energy_score_m"":529.7715440866425,""nominal_seconds"":900,""position_entropy_nats"":4.404329453917873},{""actual_elapsed_seconds_range"":[1792.0,1805.0],""coverage"":[{""coverage_rate"":0.5333333333333333,""level"":0.5,""mean_area_m2"":4434477.993855425},{""coverage_rate"":0.8333333333333334,""level"":0.8,""mean_area_m2"":9305763.966552734},{""coverage_rate"":1.0,""level"":0.9,""mean_area_m2"":12765517.630687369},{""coverage_rate"":1.0,""level"":0.95,""mean_area_m2"":16279897.9980458}],""energy_score_m"":791.1161089978149,""nominal_seconds"":1800,""position_entropy_nats"":5.123173452764357}]"
point_only:NEX326-methods:arm-07/full,point_only,NEX326-methods,arm-07/full,computed,30,30,0,"{""success"":30}",434.61661345451114,612.639884124096,612.639884124096,1199.3008822337274,538.1799873066205,"[{""actual_elapsed_seconds_range"":[50.0,67.0],""coverage"":[{""coverage_rate"":0.3333333333333333,""level"":0.5,""mean_area_m2"":12993.08655585343},{""coverage_rate"":0.7333333333333333,""level"":0.8,""mean_area_m2"":30191.026607177813},{""coverage_rate"":1.0,""level"":0.9,""mean_area_m2"":42289.82130019153},{""coverage_rate"":1.0,""level"":0.95,""mean_area_m2"":55443.87621530993}],""energy_score_m"":51.83031496995634,""nominal_seconds"":60,""position_entropy_nats"":1.3842643522436129},{""actual_elapsed_seconds_range"":[297.0,305.0],""coverage"":[{""coverage_rate"":0.0,""level"":0.5,""mean_area_m2"":93015.80119463077},{""coverage_rate"":0.0,""level"":0.8,""mean_area_m2"":209837.30463760585},{""coverage_rate"":0.36666666666666664,""level"":0.9,""mean_area_m2"":294175.01179526397},{""coverage_rate"":0.6666666666666666,""level"":0.95,""mean_area_m2"":373965.441678831}],""energy_score_m"":252.19825155509977,""nominal_seconds"":300,""position_entropy_nats"":1.936151393782995},{""actual_elapsed_seconds_range"":[899.0,910.0],""coverage"":[{""coverage_rate"":0.0,""level"":0.5,""mean_area_m2"":532258.5252036953},{""coverage_rate"":0.0,""level"":0.8,""mean_area_m2"":1053567.6295353977},{""coverage_rate"":0.0,""level"":0.9,""mean_area_m2"":1404215.650640692},{""coverage_rate"":0.16666666666666666,""level"":0.95,""mean_area_m2"":1734321.7339794205}],""energy_score_m"":599.956994113517,""nominal_seconds"":900,""position_entropy_nats"":3.277699067828642},{""actual_elapsed_seconds_range"":[1792.0,1805.0],""coverage"":[{""coverage_rate"":0.1,""level"":0.5,""mean_area_m2"":1960187.2420872035},{""coverage_rate"":0.5,""level"":0.8,""mean_area_m2"":3375292.3922600704},{""coverage_rate"":0.5,""level"":0.9,""mean_area_m2"":4316573.164006594},{""coverage_rate"":0.5333333333333333,""level"":0.95,""mean_area_m2"":5178229.399473387}],""energy_score_m"":834.4808931794718,""nominal_seconds"":1800,""position_entropy_nats"":4.195363396202725}]"
point_only:NEX326-methods:arm-08/qmle,point_only,NEX326-methods,arm-08/qmle,computed,30,30,0,"{""success"":30}",432.87671197998765,609.4268935840327,609.4268935840327,1193.9390219947272,536.3526676585406,"[{""actual_elapsed_seconds_range"":[50.0,67.0],""coverage"":[{""coverage_rate"":0.3333333333333333,""level"":0.5,""mean_area_m2"":12725.649460484308},{""coverage_rate"":0.7333333333333333,""level"":0.8,""mean_area_m2"":29248.162503596388},{""coverage_rate"":1.0,""level"":0.9,""mean_area_m2"":42819.20528655757},{""coverage_rate"":1.0,""level"":0.95,""mean_area_m2"":55279.78611184098}],""energy_score_m"":51.59356906048016,""nominal_seconds"":60,""position_entropy_nats"":1.3830292457212212},{""actual_elapsed_seconds_range"":[297.0,305.0],""coverage"":[{""coverage_rate"":0.0,""level"":0.5,""mean_area_m2"":94295.19288968101},{""coverage_rate"":0.0,""level"":0.8,""mean_area_m2"":209019.04364421676},{""coverage_rate"":0.3333333333333333,""level"":0.9,""mean_area_m2"":289379.705385228},{""coverage_rate"":0.6333333333333333,""level"":0.95,""mean_area_m2"":374098.84186132473}],""energy_score_m"":249.83792783881398,""nominal_seconds"":300,""position_entropy_nats"":1.9293306131621428},{""actual_elapsed_seconds_range"":[899.0,910.0],""coverage"":[{""coverage_rate"":0.0,""level"":0.5,""mean_area_m2"":530063.7447816442},{""coverage_rate"":0.0,""level"":0.8,""mean_area_m2"":1031675.2979876192},{""coverage_rate"":0.0,""level"":0.9,""mean_area_m2"":1369456.9918983397},{""coverage_rate"":0.16666666666666666,""level"":0.95,""mean_area_m2"":1709632.3021976275}],""energy_score_m"":598.126505312174,""nominal_seconds"":900,""position_entropy_nats"":3.2707659259134725},{""actual_elapsed_seconds_range"":[1792.0,1805.0],""coverage"":[{""coverage_rate"":0.1,""level"":0.5,""mean_area_m2"":1930065.4386026596},{""coverage_rate"":0.43333333333333335,""level"":0.8,""mean_area_m2"":3337530.556987278},{""coverage_rate"":0.5,""level"":0.9,""mean_area_m2"":4234955.053306411},{""coverage_rate"":0.5666666666666667,""level"":0.95,""mean_area_m2"":5119464.30265799}],""energy_score_m"":831.9488457084826,""nominal_seconds"":1800,""position_entropy_nats"":4.187680123886325}]"
point_only:NEX326-methods:arm-09/mixed,point_only,NEX326-methods,arm-09/mixed,computed,30,30,0,"{""success"":30}",442.23898312814623,615.479774934571,615.479774934571,1210.34844433566,549.2696330198085,"[{""actual_elapsed_seconds_range"":[50.0,67.0],""coverage"":[{""coverage_rate"":0.3333333333333333,""level"":0.5,""mean_area_m2"":12570.389693816604},{""coverage_rate"":0.7,""level"":0.8,""mean_area_m2"":29643.979983040997},{""coverage_rate"":1.0,""level"":0.9,""mean_area_m2"":41782.775256961824},{""coverage_rate"":1.0,""level"":0.95,""mean_area_m2"":55069.7109814559}],""energy_score_m"":51.94325051537022,""nominal_seconds"":60,""position_entropy_nats"":1.3830638002102886},{""actual_elapsed_seconds_range"":[297.0,305.0],""coverage"":[{""coverage_rate"":0.0,""level"":0.5,""mean_area_m2"":92551.30327723194},{""coverage_rate"":0.03333333333333333,""level"":0.8,""mean_area_m2"":207115.34333584917},{""coverage_rate"":0.3333333333333333,""level"":0.9,""mean_area_m2"":289131.70786094415},{""coverage_rate"":0.6,""level"":0.95,""mean_area_m2"":367651.91031267744}],""energy_score_m"":251.42348756308476,""nominal_seconds"":300,""position_entropy_nats"":1.9287549899282221},{""actual_elapsed_seconds_range"":[899.0,910.0],""coverage"":[{""coverage_rate"":0.0,""level"":0.5,""mean_area_m2"":506895.71151000785},{""coverage_rate"":0.0,""level"":0.8,""mean_area_m2"":1015507.1225326433},{""coverage_rate"":0.0,""level"":0.9,""mean_area_m2"":1338798.3026600105},{""coverage_rate"":0.16666666666666666,""level"":0.95,""mean_area_m2"":1672997.5611586843}],""energy_score_m"":606.9384723268028,""nominal_seconds"":900,""position_entropy_nats"":3.261586037289963},{""actual_elapsed_seconds_range"":[1792.0,1805.0],""coverage"":[{""coverage_rate"":0.13333333333333333,""level"":0.5,""mean_area_m2"":1848264.8339469614},{""coverage_rate"":0.5,""level"":0.8,""mean_area_m2"":3298525.966822588},{""coverage_rate"":0.5,""level"":0.9,""mean_area_m2"":4211072.563060587},{""coverage_rate"":0.5,""level"":0.95,""mean_area_m2"":5145987.030366082}],""energy_score_m"":858.6507221073274,""nominal_seconds"":1800,""position_entropy_nats"":4.218126974391084}]"
point_only:NEX326-methods:arm-09/pure_es,point_only,NEX326-methods,arm-09/pure_es,computed,30,30,0,"{""success"":30}",439.79043179823316,611.5920312686502,611.5920312686502,1204.2332717264285,546.411403525484,"[{""actual_elapsed_seconds_range"":[50.0,67.0],""coverage"":[{""coverage_rate"":0.3333333333333333,""level"":0.5,""mean_area_m2"":12413.022138855358},{""coverage_rate"":0.7666666666666667,""level"":0.8,""mean_area_m2"":29439.25487500223},{""coverage_rate"":1.0,""level"":0.9,""mean_area_m2"":42951.712256857245},{""coverage_rate"":1.0,""level"":0.95,""mean_area_m2"":56575.288414705414}],""energy_score_m"":51.62241297097449,""nominal_seconds"":60,""position_entropy_nats"":1.3829821587076216},{""actual_elapsed_seconds_range"":[297.0,305.0],""coverage"":[{""coverage_rate"":0.0,""level"":0.5,""mean_area_m2"":91238.55737861087},{""coverage_rate"":0.0,""level"":0.8,""mean_area_m2"":204270.82492556327},{""coverage_rate"":0.3333333333333333,""level"":0.9,""mean_area_m2"":288316.54597321484},{""coverage_rate"":0.6,""level"":0.95,""mean_area_m2"":368257.1159914852}],""energy_score_m"":250.33274073064229,""nominal_seconds"":300,""position_entropy_nats"":1.9180246916348758},{""actual_elapsed_seconds_range"":[899.0,910.0],""coverage"":[{""coverage_rate"":0.0,""level"":0.5,""mean_area_m2"":504650.3659086892},{""coverage_rate"":0.0,""level"":0.8,""mean_area_m2"":1003982.7207733147},{""coverage_rate"":0.0,""level"":0.9,""mean_area_m2"":1343636.7555486416},{""coverage_rate"":0.16666666666666666,""level"":0.95,""mean_area_m2"":1663614.537042369}],""energy_score_m"":600.2939880298997,""nominal_seconds"":900,""position_entropy_nats"":3.2651981579347717},{""actual_elapsed_seconds_range"":[1792.0,1805.0],""coverage"":[{""coverage_rate"":0.2,""level"":0.5,""mean_area_m2"":1862604.0465368377},{""coverage_rate"":0.5,""level"":0.8,""mean_area_m2"":3299383.1373601845},{""coverage_rate"":0.5,""level"":0.9,""mean_area_m2"":4228024.424181642},{""coverage_rate"":0.5,""level"":0.95,""mean_area_m2"":5155339.613675787}],""energy_score_m"":856.9125854614161,""nominal_seconds"":1800,""position_entropy_nats"":4.214160786637268}]"
point_only:NEX326-methods:arm-10/d2_closed,point_only,NEX326-methods,arm-10/d2_closed,computed,30,30,0,"{""success"":30}",434.61661345451114,612.639884124096,612.639884124096,1199.3008822337274,538.1799873066205,"[{""actual_elapsed_seconds_range"":[50.0,67.0],""coverage"":[{""coverage_rate"":0.3333333333333333,""level"":0.5,""mean_area_m2"":12993.08655585343},{""coverage_rate"":0.7333333333333333,""level"":0.8,""mean_area_m2"":30191.026607177813},{""coverage_rate"":1.0,""level"":0.9,""mean_area_m2"":42289.82130019153},{""coverage_rate"":1.0,""level"":0.95,""mean_area_m2"":55443.87621530993}],""energy_score_m"":51.83031496995634,""nominal_seconds"":60,""position_entropy_nats"":1.3842643522436129},{""actual_elapsed_seconds_range"":[297.0,305.0],""coverage"":[{""coverage_rate"":0.0,""level"":0.5,""mean_area_m2"":93015.80119463077},{""coverage_rate"":0.0,""level"":0.8,""mean_area_m2"":209837.30463760585},{""coverage_rate"":0.36666666666666664,""level"":0.9,""mean_area_m2"":294175.01179526397},{""coverage_rate"":0.6666666666666666,""level"":0.95,""mean_area_m2"":373965.441678831}],""energy_score_m"":252.19825155509977,""nominal_seconds"":300,""position_entropy_nats"":1.936151393782995},{""actual_elapsed_seconds_range"":[899.0,910.0],""coverage"":[{""coverage_rate"":0.0,""level"":0.5,""mean_area_m2"":532258.5252036953},{""coverage_rate"":0.0,""level"":0.8,""mean_area_m2"":1053567.6295353977},{""coverage_rate"":0.0,""level"":0.9,""mean_area_m2"":1404215.650640692},{""coverage_rate"":0.16666666666666666,""level"":0.95,""mean_area_m2"":1734321.7339794205}],""energy_score_m"":599.956994113517,""nominal_seconds"":900,""position_entropy_nats"":3.277699067828642},{""actual_elapsed_seconds_range"":[1792.0,1805.0],""coverage"":[{""coverage_rate"":0.1,""level"":0.5,""mean_area_m2"":1960187.2420872035},{""coverage_rate"":0.5,""level"":0.8,""mean_area_m2"":3375292.3922600704},{""coverage_rate"":0.5,""level"":0.9,""mean_area_m2"":4316573.164006594},{""coverage_rate"":0.5333333333333333,""level"":0.95,""mean_area_m2"":5178229.399473387}],""energy_score_m"":834.4808931794718,""nominal_seconds"":1800,""position_entropy_nats"":4.195363396202725}]"
point_only:NEX326-methods:arm-10/d2_mc,point_only,NEX326-methods,arm-10/d2_mc,computed,30,30,0,"{""success"":30}",434.61661345451114,612.639884124096,612.639884124096,1199.3008822337274,538.1799873066205,"[{""actual_elapsed_seconds_range"":[50.0,67.0],""coverage"":[{""coverage_rate"":0.3333333333333333,""level"":0.5,""mean_area_m2"":12993.08655585343},{""coverage_rate"":0.7333333333333333,""level"":0.8,""mean_area_m2"":30191.026607177813},{""coverage_rate"":1.0,""level"":0.9,""mean_area_m2"":42289.82130019153},{""coverage_rate"":1.0,""level"":0.95,""mean_area_m2"":55443.87621530993}],""energy_score_m"":51.83031496995634,""nominal_seconds"":60,""position_entropy_nats"":1.3842643522436129},{""actual_elapsed_seconds_range"":[297.0,305.0],""coverage"":[{""coverage_rate"":0.0,""level"":0.5,""mean_area_m2"":93015.80119463077},{""coverage_rate"":0.0,""level"":0.8,""mean_area_m2"":209837.30463760585},{""coverage_rate"":0.36666666666666664,""level"":0.9,""mean_area_m2"":294175.01179526397},{""coverage_rate"":0.6666666666666666,""level"":0.95,""mean_area_m2"":373965.441678831}],""energy_score_m"":252.19825155509977,""nominal_seconds"":300,""position_entropy_nats"":1.936151393782995},{""actual_elapsed_seconds_range"":[899.0,910.0],""coverage"":[{""coverage_rate"":0.0,""level"":0.5,""mean_area_m2"":532258.5252036953},{""coverage_rate"":0.0,""level"":0.8,""mean_area_m2"":1053567.6295353977},{""coverage_rate"":0.0,""level"":0.9,""mean_area_m2"":1404215.650640692},{""coverage_rate"":0.16666666666666666,""level"":0.95,""mean_area_m2"":1734321.7339794205}],""energy_score_m"":599.956994113517,""nominal_seconds"":900,""position_entropy_nats"":3.277699067828642},{""actual_elapsed_seconds_range"":[1792.0,1805.0],""coverage"":[{""coverage_rate"":0.1,""level"":0.5,""mean_area_m2"":1960187.2420872035},{""coverage_rate"":0.5,""level"":0.8,""mean_area_m2"":3375292.3922600704},{""coverage_rate"":0.5,""level"":0.9,""mean_area_m2"":4316573.164006594},{""coverage_rate"":0.5333333333333333,""level"":0.95,""mean_area_m2"":5178229.399473387}],""energy_score_m"":834.4808931794718,""nominal_seconds"":1800,""position_entropy_nats"":4.195363396202725}]"
point_only:NEX326-methods:arm-11/full,point_only,NEX326-methods,arm-11/full,computed,30,30,0,"{""success"":30}",434.7940334909884,612.6068649720551,612.6068649720551,1198.910356597912,538.7408975959308,"[{""actual_elapsed_seconds_range"":[50.0,67.0],""coverage"":[{""coverage_rate"":0.3333333333333333,""level"":0.5,""mean_area_m2"":12824.553441138674},{""coverage_rate"":0.7333333333333333,""level"":0.8,""mean_area_m2"":29589.036068911526},{""coverage_rate"":1.0,""level"":0.9,""mean_area_m2"":42903.72974157014},{""coverage_rate"":1.0,""level"":0.95,""mean_area_m2"":55669.32491734027}],""energy_score_m"":51.466792487441374,""nominal_seconds"":60,""position_entropy_nats"":1.3828266254787096},{""actual_elapsed_seconds_range"":[297.0,305.0],""coverage"":[{""coverage_rate"":0.0,""level"":0.5,""mean_area_m2"":94923.17557808389},{""coverage_rate"":0.0,""level"":0.8,""mean_area_m2"":214730.8091599523},{""coverage_rate"":0.3333333333333333,""level"":0.9,""mean_area_m2"":293935.1092908132},{""coverage_rate"":0.6666666666666666,""level"":0.95,""mean_area_m2"":378739.24963680265}],""energy_score_m"":251.6151738176588,""nominal_seconds"":300,""position_entropy_nats"":1.9381312718288974},{""actual_elapsed_seconds_range"":[899.0,910.0],""coverage"":[{""coverage_rate"":0.0,""level"":0.5,""mean_area_m2"":545677.7736844373},{""coverage_rate"":0.0,""level"":0.8,""mean_area_m2"":1046328.1818878186},{""coverage_rate"":0.0,""level"":0.9,""mean_area_m2"":1391007.7567894612},{""coverage_rate"":0.2,""level"":0.95,""mean_area_m2"":1722332.4414101376}],""energy_score_m"":600.6112027361959,""nominal_seconds"":900,""position_entropy_nats"":3.284198410502916},{""actual_elapsed_seconds_range"":[1792.0,1805.0],""coverage"":[{""coverage_rate"":0.06666666666666667,""level"":0.5,""mean_area_m2"":1974242.56347009},{""coverage_rate"":0.43333333333333335,""level"":0.8,""mean_area_m2"":3428207.110751936},{""coverage_rate"":0.5,""level"":0.9,""mean_area_m2"":4347748.238025408},{""coverage_rate"":0.5,""level"":0.95,""mean_area_m2"":5213427.829400635}],""energy_score_m"":835.4829649226575,""nominal_seconds"":1800,""position_entropy_nats"":4.196379471671353}]"
point_only:NEX326-methods:arm-12/scratch,point_only,NEX326-methods,arm-12/scratch,computed,30,30,0,"{""success"":30}",442.4763702645672,625.5030384587461,625.5030384587461,1238.508432125853,550.3251592979706,"[{""actual_elapsed_seconds_range"":[50.0,67.0],""coverage"":[{""coverage_rate"":0.3333333333333333,""level"":0.5,""mean_area_m2"":12847.399622888313},{""coverage_rate"":0.7666666666666667,""level"":0.8,""mean_area_m2"":29779.256889140914},{""coverage_rate"":1.0,""level"":0.9,""mean_area_m2"":42897.43025947295},{""coverage_rate"":1.0,""level"":0.95,""mean_area_m2"":55858.2193218562}],""energy_score_m"":51.70136001996413,""nominal_seconds"":60,""position_entropy_nats"":1.3824886931530442},{""actual_elapsed_seconds_range"":[297.0,305.0],""coverage"":[{""coverage_rate"":0.0,""level"":0.5,""mean_area_m2"":98118.36490707082},{""coverage_rate"":0.0,""level"":0.8,""mean_area_m2"":215302.99397938818},{""coverage_rate"":0.3,""level"":0.9,""mean_area_m2"":301517.68769405165},{""coverage_rate"":0.6333333333333333,""level"":0.95,""mean_area_m2"":387238.08283355454}],""energy_score_m"":254.1925855049658,""nominal_seconds"":300,""position_entropy_nats"":1.9535474575535023},{""actual_elapsed_seconds_range"":[899.0,910.0],""coverage"":[{""coverage_rate"":0.0,""level"":0.5,""mean_area_m2"":577585.9423952792},{""coverage_rate"":0.0,""level"":0.8,""mean_area_m2"":1097158.4705472614},{""coverage_rate"":0.03333333333333333,""level"":0.9,""mean_area_m2"":1455914.9086372242},{""coverage_rate"":0.3,""level"":0.95,""mean_area_m2"":1799618.7877840565}],""energy_score_m"":604.2294584630265,""nominal_seconds"":900,""position_entropy_nats"":3.304969871463546},{""actual_elapsed_seconds_range"":[1792.0,1805.0],""coverage"":[{""coverage_rate"":0.03333333333333333,""level"":0.5,""mean_area_m2"":2104431.3242582795},{""coverage_rate"":0.43333333333333335,""level"":0.8,""mean_area_m2"":3570760.7329822243},{""coverage_rate"":0.5,""level"":0.9,""mean_area_m2"":4535649.740092167},{""coverage_rate"":0.6,""level"":0.95,""mean_area_m2"":5481823.412055222}],""energy_score_m"":859.7820770703122,""nominal_seconds"":1800,""position_entropy_nats"":4.202787255101977}]"
point_only:NEX326-methods:arm-14/reptile,point_only,NEX326-methods,arm-14/reptile,computed,30,30,0,"{""success"":30}",444.06108704443636,619.2257156386303,619.2257156386303,1219.333838937788,550.9121201745654,"[{""actual_elapsed_seconds_range"":[50.0,67.0],""coverage"":[{""coverage_rate"":0.3333333333333333,""level"":0.5,""mean_area_m2"":13129.360140510136},{""coverage_rate"":0.7666666666666667,""level"":0.8,""mean_area_m2"":30716.541332781657},{""coverage_rate"":1.0,""level"":0.9,""mean_area_m2"":43953.621387120555},{""coverage_rate"":1.0,""level"":0.95,""mean_area_m2"":56973.185917280134}],""energy_score_m"":51.42310701977689,""nominal_seconds"":60,""position_entropy_nats"":1.3824789698973023},{""actual_elapsed_seconds_range"":[297.0,305.0],""coverage"":[{""coverage_rate"":0.0,""level"":0.5,""mean_area_m2"":91277.42650839969},{""coverage_rate"":0.0,""level"":0.8,""mean_area_m2"":208849.5955726141},{""coverage_rate"":0.3333333333333333,""level"":0.9,""mean_area_m2"":288577.4473267929},{""coverage_rate"":0.6666666666666666,""level"":0.95,""mean_area_m2"":369526.3090682498}],""energy_score_m"":253.1572834766411,""nominal_seconds"":300,""position_entropy_nats"":1.9242455603575215},{""actual_elapsed_seconds_range"":[899.0,910.0],""coverage"":[{""coverage_rate"":0.0,""level"":0.5,""mean_area_m2"":488899.4767827198},{""coverage_rate"":0.0,""level"":0.8,""mean_area_m2"":977017.525182366},{""coverage_rate"":0.0,""level"":0.9,""mean_area_m2"":1309774.570873054},{""coverage_rate"":0.1,""level"":0.95,""mean_area_m2"":1622782.0589002206}],""energy_score_m"":612.4554484235493,""nominal_seconds"":900,""position_entropy_nats"":3.220364418826869},{""actual_elapsed_seconds_range"":[1792.0,1805.0],""coverage"":[{""coverage_rate"":0.0,""level"":0.5,""mean_area_m2"":1708003.7180694053},{""coverage_rate"":0.3333333333333333,""level"":0.8,""mean_area_m2"":3115007.793303572},{""coverage_rate"":0.36666666666666664,""level"":0.9,""mean_area_m2"":4015428.0917885527},{""coverage_rate"":0.6,""level"":0.95,""mean_area_m2"":4882631.082425277}],""energy_score_m"":859.208509257778,""nominal_seconds"":1800,""position_entropy_nats"":4.160068527739533}]"
point_only:NEX326-methods:arm-15/drift_only,point_only,NEX326-methods,arm-15/drift_only,computed,30,30,0,"{""success"":30}",432.7468768204631,610.7981981189312,610.7981981189312,1198.3700911342848,536.1724364339973,"[{""actual_elapsed_seconds_range"":[50.0,67.0],""coverage"":[{""coverage_rate"":0.3333333333333333,""level"":0.5,""mean_area_m2"":12703.018461171632},{""coverage_rate"":0.8333333333333334,""level"":0.8,""mean_area_m2"":30358.640288235743},{""coverage_rate"":1.0,""level"":0.9,""mean_area_m2"":42842.312500205386},{""coverage_rate"":1.0,""level"":0.95,""mean_area_m2"":55760.18595539746}],""energy_score_m"":51.92061605242589,""nominal_seconds"":60,""position_entropy_nats"":1.3828232398634865},{""actual_elapsed_seconds_range"":[297.0,305.0],""coverage"":[{""coverage_rate"":0.0,""level"":0.5,""mean_area_m2"":95357.11928384652},{""coverage_rate"":0.0,""level"":0.8,""mean_area_m2"":209642.57685470788},{""coverage_rate"":0.3333333333333333,""level"":0.9,""mean_area_m2"":290648.91077543225},{""coverage_rate"":0.6333333333333333,""level"":0.95,""mean_area_m2"":375516.2420062907}],""energy_score_m"":250.4914913194301,""nominal_seconds"":300,""position_entropy_nats"":1.9289381480151304},{""actual_elapsed_seconds_range"":[899.0,910.0],""coverage"":[{""coverage_rate"":0.0,""level"":0.5,""mean_area_m2"":535984.464404865},{""coverage_rate"":0.0,""level"":0.8,""mean_area_m2"":1046595.8075105337},{""coverage_rate"":0.0,""level"":0.9,""mean_area_m2"":1395894.569402228},{""coverage_rate"":0.23333333333333334,""level"":0.95,""mean_area_m2"":1738396.1905063533}],""energy_score_m"":595.2819905147426,""nominal_seconds"":900,""position_entropy_nats"":3.2808243613369448},{""actual_elapsed_seconds_range"":[1792.0,1805.0],""coverage"":[{""coverage_rate"":0.03333333333333333,""level"":0.5,""mean_area_m2"":1955298.0703925465},{""coverage_rate"":0.4666666666666667,""level"":0.8,""mean_area_m2"":3405033.368002505},{""coverage_rate"":0.5,""level"":0.9,""mean_area_m2"":4350527.790051973},{""coverage_rate"":0.5333333333333333,""level"":0.95,""mean_area_m2"":5256752.344312919}],""energy_score_m"":833.2934093952539,""nominal_seconds"":1800,""position_entropy_nats"":4.193841193609981}]"
point_only:NEX326-methods:arm-15/two_step,point_only,NEX326-methods,arm-15/two_step,computed,30,30,0,"{""success"":30}",432.3358754374757,610.1516986456786,610.1516986456786,1194.626904762185,535.5816352208396,"[{""actual_elapsed_seconds_range"":[50.0,67.0],""coverage"":[{""coverage_rate"":0.3333333333333333,""level"":0.5,""mean_area_m2"":12934.610825951002},{""coverage_rate"":0.8,""level"":0.8,""mean_area_m2"":29459.49529253032},{""coverage_rate"":1.0,""level"":0.9,""mean_area_m2"":42352.55317086387},{""coverage_rate"":1.0,""level"":0.95,""mean_area_m2"":55758.81913601972}],""energy_score_m"":51.65044967169646,""nominal_seconds"":60,""position_entropy_nats"":1.3826870387311225},{""actual_elapsed_seconds_range"":[297.0,305.0],""coverage"":[{""coverage_rate"":0.0,""level"":0.5,""mean_area_m2"":94692.49739254384},{""coverage_rate"":0.0,""level"":0.8,""mean_area_m2"":210344.45864922326},{""coverage_rate"":0.36666666666666664,""level"":0.9,""mean_area_m2"":294563.69164749974},{""coverage_rate"":0.6666666666666666,""level"":0.95,""mean_area_m2"":377104.02385280037}],""energy_score_m"":251.4116276196002,""nominal_seconds"":300,""position_entropy_nats"":1.934090311593192},{""actual_elapsed_seconds_range"":[899.0,910.0],""coverage"":[{""coverage_rate"":0.0,""level"":0.5,""mean_area_m2"":543575.6763781889},{""coverage_rate"":0.0,""level"":0.8,""mean_area_m2"":1069679.0153847605},{""coverage_rate"":0.0,""level"":0.9,""mean_area_m2"":1410397.6175187526},{""coverage_rate"":0.3,""level"":0.95,""mean_area_m2"":1740615.3794108839}],""energy_score_m"":595.5213947717426,""nominal_seconds"":900,""position_entropy_nats"":3.291707331780102},{""actual_elapsed_seconds_range"":[1792.0,1805.0],""coverage"":[{""coverage_rate"":0.06666666666666667,""level"":0.5,""mean_area_m2"":1967611.6151525439},{""coverage_rate"":0.4666666666666667,""level"":0.8,""mean_area_m2"":3416760.3717913167},{""coverage_rate"":0.5,""level"":0.9,""mean_area_m2"":4361407.396132898},{""coverage_rate"":0.5333333333333333,""level"":0.95,""mean_area_m2"":5296201.413061417}],""energy_score_m"":830.7600296868634,""nominal_seconds"":1800,""position_entropy_nats"":4.210590171837667}]"
point_only:NEX326-methods:arm-16/full,point_only,NEX326-methods,arm-16/full,computed,30,30,0,"{""success"":30}",436.63989738272164,614.2756161536824,614.2756161536824,1205.929529880724,541.4091325521694,"[{""actual_elapsed_seconds_range"":[50.0,67.0],""coverage"":[{""coverage_rate"":0.3333333333333333,""level"":0.5,""mean_area_m2"":12787.500888402294},{""coverage_rate"":0.7333333333333333,""level"":0.8,""mean_area_m2"":29828.915809167975},{""coverage_rate"":1.0,""level"":0.9,""mean_area_m2"":42599.39072234891},{""coverage_rate"":1.0,""level"":0.95,""mean_area_m2"":55811.436610221164}],""energy_score_m"":51.48837674070351,""nominal_seconds"":60,""position_entropy_nats"":1.3835153640535154},{""actual_elapsed_seconds_range"":[297.0,305.0],""coverage"":[{""coverage_rate"":0.0,""level"":0.5,""mean_area_m2"":93782.4315337873},{""coverage_rate"":0.0,""level"":0.8,""mean_area_m2"":209539.04611395253},{""coverage_rate"":0.36666666666666664,""level"":0.9,""mean_area_m2"":292343.35053594975},{""coverage_rate"":0.6333333333333333,""level"":0.95,""mean_area_m2"":370325.42799659265}],""energy_score_m"":250.6058102320291,""nominal_seconds"":300,""position_entropy_nats"":1.930392141006066},{""actual_elapsed_seconds_range"":[899.0,910.0],""coverage"":[{""coverage_rate"":0.0,""level"":0.5,""mean_area_m2"":535559.8097482387},{""coverage_rate"":0.0,""level"":0.8,""mean_area_m2"":1040415.3438936416},{""coverage_rate"":0.0,""level"":0.9,""mean_area_m2"":1388799.4143364136},{""coverage_rate"":0.16666666666666666,""level"":0.95,""mean_area_m2"":1720036.463535964}],""energy_score_m"":602.7110918106895,""nominal_seconds"":900,""position_entropy_nats"":3.278177591816451},{""actual_elapsed_seconds_range"":[1792.0,1805.0],""coverage"":[{""coverage_rate"":0.03333333333333333,""level"":0.5,""mean_area_m2"":1953505.979067634},{""coverage_rate"":0.4666666666666667,""level"":0.8,""mean_area_m2"":3394025.956023699},{""coverage_rate"":0.5,""level"":0.9,""mean_area_m2"":4277119.044962275},{""coverage_rate"":0.5,""level"":0.95,""mean_area_m2"":5102465.367611527}],""energy_score_m"":841.7543107474643,""nominal_seconds"":1800,""position_entropy_nats"":4.194531739559118}]"
point_only:NEX326-methods:arm-18/full,point_only,NEX326-methods,arm-18/full,computed,30,30,0,"{""success"":30}",432.8199544864408,610.2182533375752,610.2182533375752,1197.2331751477539,536.3612493759431,"[{""actual_elapsed_seconds_range"":[50.0,67.0],""coverage"":[{""coverage_rate"":0.3333333333333333,""level"":0.5,""mean_area_m2"":12678.346992701727},{""coverage_rate"":0.7333333333333333,""level"":0.8,""mean_area_m2"":29586.15331638284},{""coverage_rate"":1.0,""level"":0.9,""mean_area_m2"":42887.86187512407},{""coverage_rate"":1.0,""level"":0.95,""mean_area_m2"":55629.16169680292}],""energy_score_m"":51.97600549220742,""nominal_seconds"":60,""position_entropy_nats"":1.382873524955322},{""actual_elapsed_seconds_range"":[297.0,305.0],""coverage"":[{""coverage_rate"":0.0,""level"":0.5,""mean_area_m2"":94010.5580215097},{""coverage_rate"":0.03333333333333333,""level"":0.8,""mean_area_m2"":210262.54717724866},{""coverage_rate"":0.36666666666666664,""level"":0.9,""mean_area_m2"":295505.6784243349},{""coverage_rate"":0.6333333333333333,""level"":0.95,""mean_area_m2"":379683.85027824703}],""energy_score_m"":249.968510414307,""nominal_seconds"":300,""position_entropy_nats"":1.9312270169452412},{""actual_elapsed_seconds_range"":[899.0,910.0],""coverage"":[{""coverage_rate"":0.0,""level"":0.5,""mean_area_m2"":535729.9333820414},{""coverage_rate"":0.0,""level"":0.8,""mean_area_m2"":1049620.3400591542},{""coverage_rate"":0.0,""level"":0.9,""mean_area_m2"":1377446.4876378912},{""coverage_rate"":0.23333333333333334,""level"":0.95,""mean_area_m2"":1720426.0903165163}],""energy_score_m"":596.1005100353924,""nominal_seconds"":900,""position_entropy_nats"":3.277862940282034},{""actual_elapsed_seconds_range"":[1792.0,1805.0],""coverage"":[{""coverage_rate"":0.06666666666666667,""level"":0.5,""mean_area_m2"":1954780.8797414117},{""coverage_rate"":0.43333333333333335,""level"":0.8,""mean_area_m2"":3397689.360124736},{""coverage_rate"":0.5,""level"":0.9,""mean_area_m2"":4327971.706397763},{""coverage_rate"":0.5,""level"":0.95,""mean_area_m2"":5160651.369967085}],""energy_score_m"":833.2347920038559,""nominal_seconds"":1800,""position_entropy_nats"":4.191836914405099}]"
point_only:NEX326-methods:arm-19/em,point_only,NEX326-methods,arm-19/em,computed,30,30,0,"{""success"":30}",432.84613987846126,610.2179015237945,610.2179015237945,1197.2280904948582,536.3913878679408,"[{""actual_elapsed_seconds_range"":[50.0,67.0],""coverage"":[{""coverage_rate"":0.3333333333333333,""level"":0.5,""mean_area_m2"":12670.568996537213},{""coverage_rate"":0.7333333333333333,""level"":0.8,""mean_area_m2"":29569.17786126268},{""coverage_rate"":1.0,""level"":0.9,""mean_area_m2"":42861.58015225755},{""coverage_rate"":1.0,""level"":0.95,""mean_area_m2"":55599.16186332081}],""energy_score_m"":51.977249194979954,""nominal_seconds"":60,""position_entropy_nats"":1.3828487272786327},{""actual_elapsed_seconds_range"":[297.0,305.0],""coverage"":[{""coverage_rate"":0.0,""level"":0.5,""mean_area_m2"":93965.1872704574},{""coverage_rate"":0.03333333333333333,""level"":0.8,""mean_area_m2"":210149.76792544042},{""coverage_rate"":0.36666666666666664,""level"":0.9,""mean_area_m2"":295347.9013930683},{""coverage_rate"":0.6333333333333333,""level"":0.95,""mean_area_m2"":379495.3193924992}],""energy_score_m"":249.9839140331077,""nominal_seconds"":300,""position_entropy_nats"":1.9307388126546463},{""actual_elapsed_seconds_range"":[899.0,910.0],""coverage"":[{""coverage_rate"":0.0,""level"":0.5,""mean_area_m2"":535505.794705605},{""coverage_rate"":0.0,""level"":0.8,""mean_area_m2"":1049180.9503967671},{""coverage_rate"":0.0,""level"":0.9,""mean_area_m2"":1376741.268084147},{""coverage_rate"":0.23333333333333334,""level"":0.95,""mean_area_m2"":1719673.3843170644}],""energy_score_m"":596.1416318419336,""nominal_seconds"":900,""position_entropy_nats"":3.277247158184756},{""actual_elapsed_seconds_range"":[1792.0,1805.0],""coverage"":[{""coverage_rate"":0.06666666666666667,""level"":0.5,""mean_area_m2"":1953972.6809895327},{""coverage_rate"":0.43333333333333335,""level"":0.8,""mean_area_m2"":3395931.5912328316},{""coverage_rate"":0.5,""level"":0.9,""mean_area_m2"":4325574.560381916},{""coverage_rate"":0.5,""level"":0.95,""mean_area_m2"":5158080.283241705}],""energy_score_m"":833.281764443824,""nominal_seconds"":1800,""position_entropy_nats"":4.191320966087798}]"
point_only:NEX326-methods:arm-19/euler,point_only,NEX326-methods,arm-19/euler,computed,30,30,0,"{""success"":30}",432.84613987846126,610.2179015237945,610.2179015237945,1197.2280904948582,536.3913878679408,"[{""actual_elapsed_seconds_range"":[50.0,67.0],""coverage"":[{""coverage_rate"":0.3333333333333333,""level"":0.5,""mean_area_m2"":12670.568996537213},{""coverage_rate"":0.7333333333333333,""level"":0.8,""mean_area_m2"":29569.17786126268},{""coverage_rate"":1.0,""level"":0.9,""mean_area_m2"":42861.58015225755},{""coverage_rate"":1.0,""level"":0.95,""mean_area_m2"":55599.16186332081}],""energy_score_m"":51.977249194979954,""nominal_seconds"":60,""position_entropy_nats"":1.3828487272786327},{""actual_elapsed_seconds_range"":[297.0,305.0],""coverage"":[{""coverage_rate"":0.0,""level"":0.5,""mean_area_m2"":93965.1872704574},{""coverage_rate"":0.03333333333333333,""level"":0.8,""mean_area_m2"":210149.76792544042},{""coverage_rate"":0.36666666666666664,""level"":0.9,""mean_area_m2"":295347.9013930683},{""coverage_rate"":0.6333333333333333,""level"":0.95,""mean_area_m2"":379495.3193924992}],""energy_score_m"":249.9839140331077,""nominal_seconds"":300,""position_entropy_nats"":1.9307388126546463},{""actual_elapsed_seconds_range"":[899.0,910.0],""coverage"":[{""coverage_rate"":0.0,""level"":0.5,""mean_area_m2"":535505.794705605},{""coverage_rate"":0.0,""level"":0.8,""mean_area_m2"":1049180.9503967671},{""coverage_rate"":0.0,""level"":0.9,""mean_area_m2"":1376741.268084147},{""coverage_rate"":0.23333333333333334,""level"":0.95,""mean_area_m2"":1719673.3843170644}],""energy_score_m"":596.1416318419336,""nominal_seconds"":900,""position_entropy_nats"":3.277247158184756},{""actual_elapsed_seconds_range"":[1792.0,1805.0],""coverage"":[{""coverage_rate"":0.06666666666666667,""level"":0.5,""mean_area_m2"":1953972.6809895327},{""coverage_rate"":0.43333333333333335,""level"":0.8,""mean_area_m2"":3395931.5912328316},{""coverage_rate"":0.5,""level"":0.9,""mean_area_m2"":4325574.560381916},{""coverage_rate"":0.5,""level"":0.95,""mean_area_m2"":5158080.283241705}],""energy_score_m"":833.281764443824,""nominal_seconds"":1800,""position_entropy_nats"":4.191320966087798}]"
point_only:NEX326-methods:arm-20/full,point_only,NEX326-methods,arm-20/full,computed,30,30,0,"{""success"":30}",433.38496008377007,611.1182710425029,611.1182710425029,1200.1916682726207,537.1729034341139,"[{""actual_elapsed_seconds_range"":[50.0,67.0],""coverage"":[{""coverage_rate"":0.3333333333333333,""level"":0.5,""mean_area_m2"":13182.878824116367},{""coverage_rate"":0.8,""level"":0.8,""mean_area_m2"":30476.72999937736},{""coverage_rate"":1.0,""level"":0.9,""mean_area_m2"":43217.90479098901},{""coverage_rate"":1.0,""level"":0.95,""mean_area_m2"":57186.604539139444}],""energy_score_m"":51.55976832112518,""nominal_seconds"":60,""position_entropy_nats"":1.3831818361380357},{""actual_elapsed_seconds_range"":[297.0,305.0],""coverage"":[{""coverage_rate"":0.0,""level"":0.5,""mean_area_m2"":94356.07503385334},{""coverage_rate"":0.0,""level"":0.8,""mean_area_m2"":210100.50578228096},{""coverage_rate"":0.36666666666666664,""level"":0.9,""mean_area_m2"":293132.00868364546},{""coverage_rate"":0.6666666666666666,""level"":0.95,""mean_area_m2"":374435.2202809022}],""energy_score_m"":251.2982671997256,""nominal_seconds"":300,""position_entropy_nats"":1.9306666151361032},{""actual_elapsed_seconds_range"":[899.0,910.0],""coverage"":[{""coverage_rate"":0.0,""level"":0.5,""mean_area_m2"":537893.0301141889},{""coverage_rate"":0.0,""level"":0.8,""mean_area_m2"":1048945.093621186},{""coverage_rate"":0.0,""level"":0.9,""mean_area_m2"":1393965.6270310134},{""coverage_rate"":0.13333333333333333,""level"":0.95,""mean_area_m2"":1740325.73438763}],""energy_score_m"":594.1548822854131,""nominal_seconds"":900,""position_entropy_nats"":3.285937607959775},{""actual_elapsed_seconds_range"":[1792.0,1805.0],""coverage"":[{""coverage_rate"":0.1,""level"":0.5,""mean_area_m2"":1950553.4411614018},{""coverage_rate"":0.4,""level"":0.8,""mean_area_m2"":3413356.7531875563},{""coverage_rate"":0.5,""level"":0.9,""mean_area_m2"":4346956.251915615},{""coverage_rate"":0.5,""level"":0.95,""mean_area_m2"":5243462.043975328}],""energy_score_m"":836.5269225288162,""nominal_seconds"":1800,""position_entropy_nats"":4.197897808355655}]"
point_only:NEX326-methods:arm-21/crn,point_only,NEX326-methods,arm-21/crn,computed,30,30,0,"{""success"":30}",433.3849365781141,611.1182664617248,611.1182664617248,1200.191653818581,537.1728652004706,"[{""actual_elapsed_seconds_range"":[50.0,67.0],""coverage"":[{""coverage_rate"":0.3333333333333333,""level"":0.5,""mean_area_m2"":13182.879437905021},{""coverage_rate"":0.8,""level"":0.8,""mean_area_m2"":30476.723554998654},{""coverage_rate"":1.0,""level"":0.9,""mean_area_m2"":43217.91017466281},{""coverage_rate"":1.0,""level"":0.95,""mean_area_m2"":57186.59619200408}],""energy_score_m"":51.55976781126126,""nominal_seconds"":60,""position_entropy_nats"":1.3831818361380357},{""actual_elapsed_seconds_range"":[297.0,305.0],""coverage"":[{""coverage_rate"":0.0,""level"":0.5,""mean_area_m2"":94356.08144365394},{""coverage_rate"":0.0,""level"":0.8,""mean_area_m2"":210100.3888133803},{""coverage_rate"":0.36666666666666664,""level"":0.9,""mean_area_m2"":293132.0212184377},{""coverage_rate"":0.6666666666666666,""level"":0.95,""mean_area_m2"":374435.3354163239}],""energy_score_m"":251.29824905100625,""nominal_seconds"":300,""position_entropy_nats"":1.9306666151361032},{""actual_elapsed_seconds_range"":[899.0,910.0],""coverage"":[{""coverage_rate"":0.0,""level"":0.5,""mean_area_m2"":537895.3470666572},{""coverage_rate"":0.0,""level"":0.8,""mean_area_m2"":1048944.5799502248},{""coverage_rate"":0.0,""level"":0.9,""mean_area_m2"":1393966.2652455312},{""coverage_rate"":0.13333333333333333,""level"":0.95,""mean_area_m2"":1740320.5822244084}],""energy_score_m"":594.1547987787475,""nominal_seconds"":900,""position_entropy_nats"":3.285937607959775},{""actual_elapsed_seconds_range"":[1792.0,1805.0],""coverage"":[{""coverage_rate"":0.1,""level"":0.5,""mean_area_m2"":1950557.7551648875},{""coverage_rate"":0.4,""level"":0.8,""mean_area_m2"":3413339.9875224093},{""coverage_rate"":0.5,""level"":0.9,""mean_area_m2"":4346973.762866122},{""coverage_rate"":0.5,""level"":0.95,""mean_area_m2"":5243507.827108387}],""energy_score_m"":836.5269306714417,""nominal_seconds"":1800,""position_entropy_nats"":4.197897808355655}]"
point_only:NEX326-methods:arm-21/mc,point_only,NEX326-methods,arm-21/mc,computed,30,30,0,"{""success"":30}",434.87702198439496,611.984069903462,611.984069903462,1199.085245722959,538.9162319632264,"[{""actual_elapsed_seconds_range"":[50.0,67.0],""coverage"":[{""coverage_rate"":0.3333333333333333,""level"":0.5,""mean_area_m2"":12906.094488165932},{""coverage_rate"":0.7666666666666667,""level"":0.8,""mean_area_m2"":30364.78145483383},{""coverage_rate"":1.0,""level"":0.9,""mean_area_m2"":43095.9335122555},{""coverage_rate"":1.0,""level"":0.95,""mean_area_m2"":56353.20576487794}],""energy_score_m"":51.1562257043576,""nominal_seconds"":60,""position_entropy_nats"":1.3830299242904154},{""actual_elapsed_seconds_range"":[297.0,305.0],""coverage"":[{""coverage_rate"":0.0,""level"":0.5,""mean_area_m2"":93760.24781754486},{""coverage_rate"":0.0,""level"":0.8,""mean_area_m2"":212012.01680367626},{""coverage_rate"":0.36666666666666664,""level"":0.9,""mean_area_m2"":297554.5858281585},{""coverage_rate"":0.6666666666666666,""level"":0.95,""mean_area_m2"":374761.08511424606}],""energy_score_m"":251.66882751558634,""nominal_seconds"":300,""position_entropy_nats"":1.9376850203069536},{""actual_elapsed_seconds_range"":[899.0,910.0],""coverage"":[{""coverage_rate"":0.0,""level"":0.5,""mean_area_m2"":525655.754735828},{""coverage_rate"":0.0,""level"":0.8,""mean_area_m2"":1040603.2836939368},{""coverage_rate"":0.0,""level"":0.9,""mean_area_m2"":1399852.8159680117},{""coverage_rate"":0.3,""level"":0.95,""mean_area_m2"":1721710.9429394335}],""energy_score_m"":599.9125822511916,""nominal_seconds"":900,""position_entropy_nats"":3.279453088258551},{""actual_elapsed_seconds_range"":[1792.0,1805.0],""coverage"":[{""coverage_rate"":0.1,""level"":0.5,""mean_area_m2"":1916482.4847078472},{""coverage_rate"":0.43333333333333335,""level"":0.8,""mean_area_m2"":3363088.3745067897},{""coverage_rate"":0.5,""level"":0.9,""mean_area_m2"":4299581.878800254},{""coverage_rate"":0.6,""level"":0.95,""mean_area_m2"":5172880.254116253}],""energy_score_m"":836.7704524664441,""nominal_seconds"":1800,""position_entropy_nats"":4.18657840889091}]"
point_only:inertial:all,point_only,inertial,all,computed,6,6,0,"{""success"":6}",608.1051108806569,608.1051108806569,608.1051108806569,1183.1319296921172,751.5992290974365,"[{""actual_elapsed_seconds_range"":[50.0,67.0],""coverage"":[{""coverage_rate"":0.0,""level"":0.5,""mean_area_m2"":0.0},{""coverage_rate"":0.0,""level"":0.8,""mean_area_m2"":0.0},{""coverage_rate"":0.0,""level"":0.9,""mean_area_m2"":0.0},{""coverage_rate"":0.0,""level"":0.95,""mean_area_m2"":0.0}],""energy_score_m"":75.94254910079914,""nominal_seconds"":60,""position_entropy_nats"":0.0},{""actual_elapsed_seconds_range"":[297.0,305.0],""coverage"":[{""coverage_rate"":0.0,""level"":0.5,""mean_area_m2"":0.0},{""coverage_rate"":0.0,""level"":0.8,""mean_area_m2"":0.0},{""coverage_rate"":0.0,""level"":0.9,""mean_area_m2"":0.0},{""coverage_rate"":0.0,""level"":0.95,""mean_area_m2"":0.0}],""energy_score_m"":346.40829344351476,""nominal_seconds"":300,""position_entropy_nats"":0.0},{""actual_elapsed_seconds_range"":[899.0,910.0],""coverage"":[{""coverage_rate"":0.0,""level"":0.5,""mean_area_m2"":0.0},{""coverage_rate"":0.0,""level"":0.8,""mean_area_m2"":0.0},{""coverage_rate"":0.0,""level"":0.9,""mean_area_m2"":0.0},{""coverage_rate"":0.0,""level"":0.95,""mean_area_m2"":0.0}],""energy_score_m"":826.9376712861958,""nominal_seconds"":900,""position_entropy_nats"":0.0},{""actual_elapsed_seconds_range"":[1792.0,1805.0],""coverage"":[{""coverage_rate"":0.0,""level"":0.5,""mean_area_m2"":0.0},{""coverage_rate"":0.0,""level"":0.8,""mean_area_m2"":0.0},{""coverage_rate"":0.0,""level"":0.9,""mean_area_m2"":0.0},{""coverage_rate"":0.0,""level"":0.95,""mean_area_m2"":0.0}],""energy_score_m"":1183.1319296921172,""nominal_seconds"":1800,""position_entropy_nats"":0.0}]"
point_only:terrain:all-terrain,point_only,terrain,all-terrain,computed,30,30,0,"{""success"":30}",419.92922666760677,589.4514528089512,589.4514528089512,1212.9149459043,528.7042367225158,"[{""actual_elapsed_seconds_range"":[50.0,67.0],""coverage"":[{""coverage_rate"":0.5,""level"":0.5,""mean_area_m2"":16700.5305615945},{""coverage_rate"":0.7333333333333333,""level"":0.8,""mean_area_m2"":28178.35929162311},{""coverage_rate"":0.8333333333333334,""level"":0.9,""mean_area_m2"":35869.92765980948},{""coverage_rate"":0.9666666666666667,""level"":0.95,""mean_area_m2"":43203.57990964931}],""energy_score_m"":49.79702247070602,""nominal_seconds"":60,""position_entropy_nats"":1.334230366890978},{""actual_elapsed_seconds_range"":[297.0,305.0],""coverage"":[{""coverage_rate"":0.3333333333333333,""level"":0.5,""mean_area_m2"":207381.28561043096},{""coverage_rate"":0.6,""level"":0.8,""mean_area_m2"":398303.63204187166},{""coverage_rate"":0.6666666666666666,""level"":0.9,""mean_area_m2"":578079.0164966757},{""coverage_rate"":0.8666666666666667,""level"":0.95,""mean_area_m2"":761740.7385126733}],""energy_score_m"":222.51124441803083,""nominal_seconds"":300,""position_entropy_nats"":2.3364247417938317},{""actual_elapsed_seconds_range"":[899.0,910.0],""coverage"":[{""coverage_rate"":0.3333333333333333,""level"":0.5,""mean_area_m2"":753372.125851856},{""coverage_rate"":0.36666666666666664,""level"":0.8,""mean_area_m2"":1755267.0083256715},{""coverage_rate"":0.8333333333333334,""level"":0.9,""mean_area_m2"":2535574.579431204},{""coverage_rate"":0.8333333333333334,""level"":0.95,""mean_area_m2"":3366294.1917339195}],""energy_score_m"":529.7886353473745,""nominal_seconds"":900,""position_entropy_nats"":3.5155827628932608},{""actual_elapsed_seconds_range"":[1792.0,1805.0],""coverage"":[{""coverage_rate"":0.16666666666666666,""level"":0.5,""mean_area_m2"":1593737.5392279027},{""coverage_rate"":0.6333333333333333,""level"":0.8,""mean_area_m2"":3835662.0713248425},{""coverage_rate"":0.6666666666666666,""level"":0.9,""mean_area_m2"":5775593.968357441},{""coverage_rate"":0.8333333333333334,""level"":0.95,""mean_area_m2"":7774048.835360696}],""energy_score_m"":877.620004434316,""nominal_seconds"":1800,""position_entropy_nats"":4.180827997032156}]"
point_only:terrain:base,point_only,terrain,base,computed,30,30,0,"{""success"":30}",479.82484371286665,675.2856838906723,675.2856838906723,1403.3952099694461,612.4897848085604,"[{""actual_elapsed_seconds_range"":[50.0,67.0],""coverage"":[{""coverage_rate"":0.36666666666666664,""level"":0.5,""mean_area_m2"":18391.20695853675},{""coverage_rate"":0.8333333333333334,""level"":0.8,""mean_area_m2"":30232.97580195439},{""coverage_rate"":1.0,""level"":0.9,""mean_area_m2"":38004.775726075415},{""coverage_rate"":1.0,""level"":0.95,""mean_area_m2"":45671.75401822567}],""energy_score_m"":51.45880379297321,""nominal_seconds"":60,""position_entropy_nats"":1.3744065690405938},{""actual_elapsed_seconds_range"":[297.0,305.0],""coverage"":[{""coverage_rate"":0.1,""level"":0.5,""mean_area_m2"":262654.4600829052},{""coverage_rate"":0.6666666666666666,""level"":0.8,""mean_area_m2"":458141.22296981886},{""coverage_rate"":0.7,""level"":0.9,""mean_area_m2"":579503.6909594614},{""coverage_rate"":0.9666666666666667,""level"":0.95,""mean_area_m2"":717307.709127245}],""energy_score_m"":240.39320345899694,""nominal_seconds"":300,""position_entropy_nats"":2.5500404838736785},{""actual_elapsed_seconds_range"":[899.0,910.0],""coverage"":[{""coverage_rate"":0.06666666666666667,""level"":0.5,""mean_area_m2"":858476.9916712773},{""coverage_rate"":0.3333333333333333,""level"":0.8,""mean_area_m2"":1904817.6127124585},{""coverage_rate"":0.6666666666666666,""level"":0.9,""mean_area_m2"":2637834.4098170856},{""coverage_rate"":0.7,""level"":0.95,""mean_area_m2"":3315312.0644462015}],""energy_score_m"":597.5590208513628,""nominal_seconds"":900,""position_entropy_nats"":3.7809002735823416},{""actual_elapsed_seconds_range"":[1792.0,1805.0],""coverage"":[{""coverage_rate"":0.16666666666666666,""level"":0.5,""mean_area_m2"":1733598.5723239677},{""coverage_rate"":0.16666666666666666,""level"":0.8,""mean_area_m2"":3991393.8311697734},{""coverage_rate"":0.5666666666666667,""level"":0.9,""mean_area_m2"":5616449.913670799},{""coverage_rate"":0.6666666666666666,""level"":0.95,""mean_area_m2"":7409954.203896696}],""energy_score_m"":1029.8883467481335,""nominal_seconds"":1800,""position_entropy_nats"":4.434088792340687}]"
point_only:terrain:lio-river,point_only,terrain,lio-river,computed,30,30,0,"{""success"":30}",423.2206390458064,604.1624548130025,604.1624548130025,1253.3088922701065,536.8795000662215,"[{""actual_elapsed_seconds_range"":[50.0,67.0],""coverage"":[{""coverage_rate"":0.5333333333333333,""level"":0.5,""mean_area_m2"":18294.569490431277},{""coverage_rate"":0.8333333333333334,""level"":0.8,""mean_area_m2"":30087.992010011887},{""coverage_rate"":0.9333333333333333,""level"":0.9,""mean_area_m2"":37626.96534396752},{""coverage_rate"":1.0,""level"":0.95,""mean_area_m2"":45171.62725182189}],""energy_score_m"":49.42014590904609,""nominal_seconds"":60,""position_entropy_nats"":1.3719970589133317},{""actual_elapsed_seconds_range"":[297.0,305.0],""coverage"":[{""coverage_rate"":0.5,""level"":0.5,""mean_area_m2"":258256.87243301404},{""coverage_rate"":0.7,""level"":0.8,""mean_area_m2"":459720.5503050099},{""coverage_rate"":0.8333333333333334,""level"":0.9,""mean_area_m2"":591434.877310962},{""coverage_rate"":0.8333333333333334,""level"":0.95,""mean_area_m2"":723470.9938954982}],""energy_score_m"":225.67568136608483,""nominal_seconds"":300,""position_entropy_nats"":2.5426163122230387},{""actual_elapsed_seconds_range"":[899.0,910.0],""coverage"":[{""coverage_rate"":0.3,""level"":0.5,""mean_area_m2"":887162.9942587629},{""coverage_rate"":0.6666666666666666,""level"":0.8,""mean_area_m2"":2003240.1072515287},{""coverage_rate"":0.6666666666666666,""level"":0.9,""mean_area_m2"":2798651.9976064777},{""coverage_rate"":0.8333333333333334,""level"":0.95,""mean_area_m2"":3607004.2202642863}],""energy_score_m"":519.8601697153621,""nominal_seconds"":900,""position_entropy_nats"":3.7725957062458035},{""actual_elapsed_seconds_range"":[1792.0,1805.0],""coverage"":[{""coverage_rate"":0.16666666666666666,""level"":0.5,""mean_area_m2"":1802036.4105637344},{""coverage_rate"":0.3333333333333333,""level"":0.8,""mean_area_m2"":4330308.966222805},{""coverage_rate"":0.5333333333333333,""level"":0.9,""mean_area_m2"":6185562.932620225},{""coverage_rate"":0.7666666666666667,""level"":0.95,""mean_area_m2"":8225665.42308865}],""energy_score_m"":897.9265591927326,""nominal_seconds"":1800,""position_entropy_nats"":4.390088496454761}]"
point_only:terrain:lio-road,point_only,terrain,lio-road,computed,30,30,0,"{""success"":30}",499.1250160402135,690.4058505037691,690.4058505037691,1425.0466000001018,634.4711809129738,"[{""actual_elapsed_seconds_range"":[50.0,67.0],""coverage"":[{""coverage_rate"":0.3333333333333333,""level"":0.5,""mean_area_m2"":17904.427456379068},{""coverage_rate"":0.7,""level"":0.8,""mean_area_m2"":29830.4547213707},{""coverage_rate"":0.9333333333333333,""level"":0.9,""mean_area_m2"":37473.01875011385},{""coverage_rate"":1.0,""level"":0.95,""mean_area_m2"":44989.139770858375}],""energy_score_m"":53.30730838081238,""nominal_seconds"":60,""position_entropy_nats"":1.3458185868775154},{""actual_elapsed_seconds_range"":[297.0,305.0],""coverage"":[{""coverage_rate"":0.16666666666666666,""level"":0.5,""mean_area_m2"":234082.01132544654},{""coverage_rate"":0.5,""level"":0.8,""mean_area_m2"":444340.65464141854},{""coverage_rate"":0.6666666666666666,""level"":0.9,""mean_area_m2"":596933.3932852413},{""coverage_rate"":0.8333333333333334,""level"":0.95,""mean_area_m2"":750058.8059191633}],""energy_score_m"":246.40818249323377,""nominal_seconds"":300,""position_entropy_nats"":2.454219284650463},{""actual_elapsed_seconds_range"":[899.0,910.0],""coverage"":[{""coverage_rate"":0.0,""level"":0.5,""mean_area_m2"":809237.8847852761},{""coverage_rate"":0.3333333333333333,""level"":0.8,""mean_area_m2"":1818219.9157957078},{""coverage_rate"":0.8333333333333334,""level"":0.9,""mean_area_m2"":2542578.27400571},{""coverage_rate"":0.8333333333333334,""level"":0.95,""mean_area_m2"":3262524.282177521}],""energy_score_m"":636.5592029794068,""nominal_seconds"":900,""position_entropy_nats"":3.5798480102850294},{""actual_elapsed_seconds_range"":[1792.0,1805.0],""coverage"":[{""coverage_rate"":0.0,""level"":0.5,""mean_area_m2"":1544086.3478105147},{""coverage_rate"":0.3333333333333333,""level"":0.8,""mean_area_m2"":3920332.6668350375},{""coverage_rate"":0.6666666666666666,""level"":0.9,""mean_area_m2"":5712683.245134524},{""coverage_rate"":0.7666666666666667,""level"":0.95,""mean_area_m2"":7649599.369737744}],""energy_score_m"":1060.225370307401,""nominal_seconds"":1800,""position_entropy_nats"":4.23818696915587}]"
point_only:terrain:lio-surface,point_only,terrain,lio-surface,computed,30,30,0,"{""success"":30}",436.16634279337046,624.9354947982464,624.9354947982464,1257.9932759445521,553.8981003075918,"[{""actual_elapsed_seconds_range"":[50.0,67.0],""coverage"":[{""coverage_rate"":0.36666666666666664,""level"":0.5,""mean_area_m2"":17950.196488474154},{""coverage_rate"":0.8333333333333334,""level"":0.8,""mean_area_m2"":29853.614603346345},{""coverage_rate"":1.0,""level"":0.9,""mean_area_m2"":37382.356877533406},{""coverage_rate"":1.0,""level"":0.95,""mean_area_m2"":45049.03790094823}],""energy_score_m"":50.4538370243511,""nominal_seconds"":60,""position_entropy_nats"":1.3704494464980082},{""actual_elapsed_seconds_range"":[297.0,305.0],""coverage"":[{""coverage_rate"":0.0,""level"":0.5,""mean_area_m2"":252623.3149098495},{""coverage_rate"":0.6666666666666666,""level"":0.8,""mean_area_m2"":441377.7612963199},{""coverage_rate"":1.0,""level"":0.9,""mean_area_m2"":567180.8135722402},{""coverage_rate"":1.0,""level"":0.95,""mean_area_m2"":690545.944593909}],""energy_score_m"":228.01791425672724,""nominal_seconds"":300,""position_entropy_nats"":2.52071655085754},{""actual_elapsed_seconds_range"":[899.0,910.0],""coverage"":[{""coverage_rate"":0.0,""level"":0.5,""mean_area_m2"":786363.1593484828},{""coverage_rate"":0.6666666666666666,""level"":0.8,""mean_area_m2"":1806205.8975946398},{""coverage_rate"":0.6666666666666666,""level"":0.9,""mean_area_m2"":2521256.9849084965},{""coverage_rate"":0.8333333333333334,""level"":0.95,""mean_area_m2"":3213188.4553704457}],""energy_score_m"":563.8047211860928,""nominal_seconds"":900,""position_entropy_nats"":3.734394750863433},{""actual_elapsed_seconds_range"":[1792.0,1805.0],""coverage"":[{""coverage_rate"":0.03333333333333333,""level"":0.5,""mean_area_m2"":1735347.3769277765},{""coverage_rate"":0.5333333333333333,""level"":0.8,""mean_area_m2"":4052367.022927298},{""coverage_rate"":0.6666666666666666,""level"":0.9,""mean_area_m2"":5735313.582022079},{""coverage_rate"":0.6666666666666666,""level"":0.95,""mean_area_m2"":7404205.195885042}],""energy_score_m"":902.3888987063106,""nominal_seconds"":1800,""position_entropy_nats"":4.418276498336754}]"
point_only:terrain:lio-worldcover,point_only,terrain,lio-worldcover,computed,30,30,0,"{""success"":30}",484.12066621073154,678.321938116271,678.321938116271,1413.049547428045,617.9994800336559,"[{""actual_elapsed_seconds_range"":[50.0,67.0],""coverage"":[{""coverage_rate"":0.3333333333333333,""level"":0.5,""mean_area_m2"":18399.33708952979},{""coverage_rate"":0.8333333333333334,""level"":0.8,""mean_area_m2"":30238.57929168587},{""coverage_rate"":1.0,""level"":0.9,""mean_area_m2"":37874.73155668323},{""coverage_rate"":1.0,""level"":0.95,""mean_area_m2"":45435.257035486204}],""energy_score_m"":51.41474543428933,""nominal_seconds"":60,""position_entropy_nats"":1.3730426835774527},{""actual_elapsed_seconds_range"":[297.0,305.0],""coverage"":[{""coverage_rate"":0.2,""level"":0.5,""mean_area_m2"":257080.29004460745},{""coverage_rate"":0.6666666666666666,""level"":0.8,""mean_area_m2"":457575.8432437344},{""coverage_rate"":0.6666666666666666,""level"":0.9,""mean_area_m2"":578225.019091195},{""coverage_rate"":0.9333333333333333,""level"":0.95,""mean_area_m2"":704203.3830416395}],""energy_score_m"":244.14459651037933,""nominal_seconds"":300,""position_entropy_nats"":2.529835862213123},{""actual_elapsed_seconds_range"":[899.0,910.0],""coverage"":[{""coverage_rate"":0.03333333333333333,""level"":0.5,""mean_area_m2"":827024.781646933},{""coverage_rate"":0.3333333333333333,""level"":0.8,""mean_area_m2"":1899337.6617845125},{""coverage_rate"":0.6333333333333333,""level"":0.9,""mean_area_m2"":2640868.2849730426},{""coverage_rate"":0.6666666666666666,""level"":0.95,""mean_area_m2"":3339084.934487428}],""energy_score_m"":600.4047419691025,""nominal_seconds"":900,""position_entropy_nats"":3.744928737675536},{""actual_elapsed_seconds_range"":[1792.0,1805.0],""coverage"":[{""coverage_rate"":0.16666666666666666,""level"":0.5,""mean_area_m2"":1616398.0606616135},{""coverage_rate"":0.2,""level"":0.8,""mean_area_m2"":3860857.9436121015},{""coverage_rate"":0.6333333333333333,""level"":0.9,""mean_area_m2"":5597401.503706831},{""coverage_rate"":0.6666666666666666,""level"":0.95,""mean_area_m2"":7400458.081463291}],""energy_score_m"":1040.5185809291554,""nominal_seconds"":1800,""position_entropy_nats"":4.370978098991051}]"
point_only:terrain:loo-river,point_only,terrain,loo-river,computed,30,30,0,"{""success"":30}",481.19968215038165,666.4401312895274,666.4401312895274,1372.051438163067,612.5876180351183,"[{""actual_elapsed_seconds_range"":[50.0,67.0],""coverage"":[{""coverage_rate"":0.36666666666666664,""level"":0.5,""mean_area_m2"":16899.816796053023},{""coverage_rate"":0.6666666666666666,""level"":0.8,""mean_area_m2"":28493.26657192977},{""coverage_rate"":0.8333333333333334,""level"":0.9,""mean_area_m2"":36105.25209014018},{""coverage_rate"":1.0,""level"":0.95,""mean_area_m2"":43556.09126127336}],""energy_score_m"":52.1004783852049,""nominal_seconds"":60,""position_entropy_nats"":1.334517788443288},{""actual_elapsed_seconds_range"":[297.0,305.0],""coverage"":[{""coverage_rate"":0.3333333333333333,""level"":0.5,""mean_area_m2"":209102.21137147222},{""coverage_rate"":0.5,""level"":0.8,""mean_area_m2"":402590.7168647328},{""coverage_rate"":0.7333333333333333,""level"":0.9,""mean_area_m2"":570928.05156511},{""coverage_rate"":0.8333333333333334,""level"":0.95,""mean_area_m2"":737082.3634846311}],""energy_score_m"":234.69396529081237,""nominal_seconds"":300,""position_entropy_nats"":2.3488437963614968},{""actual_elapsed_seconds_range"":[899.0,910.0],""coverage"":[{""coverage_rate"":0.0,""level"":0.5,""mean_area_m2"":736227.2113737564},{""coverage_rate"":0.5666666666666667,""level"":0.8,""mean_area_m2"":1722501.891596197},{""coverage_rate"":0.8333333333333334,""level"":0.9,""mean_area_m2"":2457166.427967919},{""coverage_rate"":0.8333333333333334,""level"":0.95,""mean_area_m2"":3179251.9050516016}],""energy_score_m"":619.3835865443873,""nominal_seconds"":900,""position_entropy_nats"":3.4832074984095316},{""actual_elapsed_seconds_range"":[1792.0,1805.0],""coverage"":[{""coverage_rate"":0.0,""level"":0.5,""mean_area_m2"":1561583.524446733},{""coverage_rate"":0.3333333333333333,""level"":0.8,""mean_area_m2"":3980430.6172484704},{""coverage_rate"":0.6,""level"":0.9,""mean_area_m2"":5671035.080692484},{""coverage_rate"":0.8333333333333334,""level"":0.95,""mean_area_m2"":7435236.014181734}],""energy_score_m"":1018.6206983811219,""nominal_seconds"":1800,""position_entropy_nats"":4.161994276818724}]"
point_only:terrain:loo-road,point_only,terrain,loo-road,computed,30,30,0,"{""success"":30}",396.0628367506512,568.3955393670635,568.3955393670635,1133.2575239112246,496.4473612412264,"[{""actual_elapsed_seconds_range"":[50.0,67.0],""coverage"":[{""coverage_rate"":0.5333333333333333,""level"":0.5,""mean_area_m2"":17760.140816143503},{""coverage_rate"":0.8333333333333334,""level"":0.8,""mean_area_m2"":29634.59154941498},{""coverage_rate"":0.9333333333333333,""level"":0.9,""mean_area_m2"":36985.27945701447},{""coverage_rate"":1.0,""level"":0.95,""mean_area_m2"":44390.86791468711}],""energy_score_m"":48.80550753238332,""nominal_seconds"":60,""position_entropy_nats"":1.3579817937631387},{""actual_elapsed_seconds_range"":[297.0,305.0],""coverage"":[{""coverage_rate"":0.16666666666666666,""level"":0.5,""mean_area_m2"":223421.38628076002},{""coverage_rate"":0.8,""level"":0.8,""mean_area_m2"":418127.80367118306},{""coverage_rate"":0.8333333333333334,""level"":0.9,""mean_area_m2"":561658.9064124029},{""coverage_rate"":0.8666666666666667,""level"":0.95,""mean_area_m2"":698215.6490135033}],""energy_score_m"":228.54686166458,""nominal_seconds"":300,""position_entropy_nats"":2.4307491128153917},{""actual_elapsed_seconds_range"":[899.0,910.0],""coverage"":[{""coverage_rate"":0.16666666666666666,""level"":0.5,""mean_area_m2"":744792.6523424071},{""coverage_rate"":0.4666666666666667,""level"":0.8,""mean_area_m2"":1693841.5623785001},{""coverage_rate"":0.8333333333333334,""level"":0.9,""mean_area_m2"":2475764.8809975744},{""coverage_rate"":0.8666666666666667,""level"":0.95,""mean_area_m2"":3239980.032484648}],""energy_score_m"":506.26285858086163,""nominal_seconds"":900,""position_entropy_nats"":3.5922374806305655},{""actual_elapsed_seconds_range"":[1792.0,1805.0],""coverage"":[{""coverage_rate"":0.1,""level"":0.5,""mean_area_m2"":1536208.1724606035},{""coverage_rate"":0.5,""level"":0.8,""mean_area_m2"":3911578.251904676},{""coverage_rate"":0.6,""level"":0.9,""mean_area_m2"":5699008.363651305},{""coverage_rate"":0.8,""level"":0.95,""mean_area_m2"":7686086.868887614}],""energy_score_m"":800.6361192247799,""nominal_seconds"":1800,""position_entropy_nats"":4.213366733424315}]"
point_only:terrain:loo-surface,point_only,terrain,loo-surface,computed,30,30,0,"{""success"":30}",464.3705578632115,649.5703523675686,649.5703523675686,1355.1126636658685,587.705251676131,"[{""actual_elapsed_seconds_range"":[50.0,67.0],""coverage"":[{""coverage_rate"":0.4,""level"":0.5,""mean_area_m2"":16976.568403420093},{""coverage_rate"":0.8333333333333334,""level"":0.8,""mean_area_m2"":28517.562856220375},{""coverage_rate"":0.8333333333333334,""level"":0.9,""mean_area_m2"":36447.355381275076},{""coverage_rate"":0.9666666666666667,""level"":0.95,""mean_area_m2"":43619.58872255226}],""energy_score_m"":50.941662958582064,""nominal_seconds"":60,""position_entropy_nats"":1.3434683327241146},{""actual_elapsed_seconds_range"":[297.0,305.0],""coverage"":[{""coverage_rate"":0.2,""level"":0.5,""mean_area_m2"":223769.1732823001},{""coverage_rate"":0.6,""level"":0.8,""mean_area_m2"":434875.31475918426},{""coverage_rate"":0.7,""level"":0.9,""mean_area_m2"":591881.5687870912},{""coverage_rate"":0.8333333333333334,""level"":0.95,""mean_area_m2"":753985.2025736577}],""energy_score_m"":235.81116941426697,""nominal_seconds"":300,""position_entropy_nats"":2.381768702130133},{""actual_elapsed_seconds_range"":[899.0,910.0],""coverage"":[{""coverage_rate"":0.16666666666666666,""level"":0.5,""mean_area_m2"":826210.4522326135},{""coverage_rate"":0.5,""level"":0.8,""mean_area_m2"":1915937.1659648803},{""coverage_rate"":0.5333333333333333,""level"":0.9,""mean_area_m2"":2696198.4165403126},{""coverage_rate"":0.8333333333333334,""level"":0.95,""mean_area_m2"":3462423.6832259074}],""energy_score_m"":578.1192343116018,""nominal_seconds"":900,""position_entropy_nats"":3.5369948387874954},{""actual_elapsed_seconds_range"":[1792.0,1805.0],""coverage"":[{""coverage_rate"":0.0,""level"":0.5,""mean_area_m2"":1615566.5933120237},{""coverage_rate"":0.4,""level"":0.8,""mean_area_m2"":3945503.2770427885},{""coverage_rate"":0.5,""level"":0.9,""mean_area_m2"":5945822.1218892075},{""coverage_rate"":0.6333333333333333,""level"":0.95,""mean_area_m2"":7966195.087175507}],""energy_score_m"":992.610164768395,""nominal_seconds"":1800,""position_entropy_nats"":4.171959023293879}]"
point_only:terrain:loo-worldcover,point_only,terrain,loo-worldcover,computed,30,30,0,"{""success"":30}",413.99987399477976,576.1072896873324,576.1072896873324,1194.8785675171202,526.6188821817185,"[{""actual_elapsed_seconds_range"":[50.0,67.0],""coverage"":[{""coverage_rate"":0.5,""level"":0.5,""mean_area_m2"":17583.541182241916},{""coverage_rate"":0.8,""level"":0.8,""mean_area_m2"":29298.158946859312},{""coverage_rate"":0.8333333333333334,""level"":0.9,""mean_area_m2"":36771.84110564852},{""coverage_rate"":1.0,""level"":0.95,""mean_area_m2"":43893.663701872276}],""energy_score_m"":49.538457974431516,""nominal_seconds"":60,""position_entropy_nats"":1.3437288592764545},{""actual_elapsed_seconds_range"":[297.0,305.0],""coverage"":[{""coverage_rate"":0.3333333333333333,""level"":0.5,""mean_area_m2"":221995.37415293563},{""coverage_rate"":0.6666666666666666,""level"":0.8,""mean_area_m2"":425477.8721073876},{""coverage_rate"":0.6666666666666666,""level"":0.9,""mean_area_m2"":594211.5440381642},{""coverage_rate"":0.9666666666666667,""level"":0.95,""mean_area_m2"":767860.96348599}],""energy_score_m"":214.7317774895406,""nominal_seconds"":300,""position_entropy_nats"":2.4178145596756258},{""actual_elapsed_seconds_range"":[899.0,910.0],""coverage"":[{""coverage_rate"":0.3333333333333333,""level"":0.5,""mean_area_m2"":756534.5870175125},{""coverage_rate"":0.5,""level"":0.8,""mean_area_m2"":1789736.216726318},{""coverage_rate"":0.8333333333333334,""level"":0.9,""mean_area_m2"":2576239.8054546583},{""coverage_rate"":0.8333333333333334,""level"":0.95,""mean_area_m2"":3365608.0570856645}],""energy_score_m"":517.0031568059387,""nominal_seconds"":900,""position_entropy_nats"":3.5344351753161254},{""actual_elapsed_seconds_range"":[1792.0,1805.0],""coverage"":[{""coverage_rate"":0.16666666666666666,""level"":0.5,""mean_area_m2"":1620115.3373497198},{""coverage_rate"":0.5,""level"":0.8,""mean_area_m2"":3958110.4366605775},{""coverage_rate"":0.7,""level"":0.9,""mean_area_m2"":5895996.08408632},{""coverage_rate"":0.8333333333333334,""level"":0.95,""mean_area_m2"":7864986.063612896}],""energy_score_m"":874.7261037092085,""nominal_seconds"":1800,""position_entropy_nats"":4.214735672103797}]"
