matrix,subject,forecast_sha256,kind,measurement,repetition,status,warm_condition_verified,work_id,actual_horizon_seconds,hardware_sha256,end_to_end_ms,inclusive_stage_ms,sampled_peak_rss_bytes,process_lifetime_peak_rss_bytes,included_in_latency_quantiles,memory_scope
NEX326-methods,arm-01/full,5e859c4f6b53785c818245da8211227e719eed66f1761401cdb7901d6d964200,runtime_cold,"{""actual_horizon_seconds"":1801.0,""hardware_sha256"":""4246fcf1c725906701b4c9424429fee0ab075c4dbf0cf366e7ac836e0644c89d"",""trial"":{""baseline_rss_bytes"":3620904960,""end_to_end_ms"":574.644,""ended_monotonic_ns"":200279056897000,""gpu_memory"":{""reason"":""CPU-only timed workload"",""status"":""not_applicable""},""inclusive_stage_ms"":{""checkpoint_and_input_io"":0.0,""rollout"":574.6125,""terrain_io_and_query"":0.0},""memory_sample_seconds"":0.01,""process_lifetime_peak_rss_bytes"":18618798080,""sampled_peak_increment_bytes"":69632,""sampled_peak_rss_bytes"":3620974592,""started_monotonic_ns"":200278482253000}}",0,success,,3f9543976622dd8ccd04b055b25230b63f2a673c6d1f09f4b0721420b0622983,1801.0,4246fcf1c725906701b4c9424429fee0ab075c4dbf0cf366e7ac836e0644c89d,574.644,"{""checkpoint_and_input_io"":0.0,""rollout"":574.6125,""terrain_io_and_query"":0.0}",3620974592,18618798080,True,Sampled process RSS is a lower bound; process lifetime peak is not per-trial peak. CPU only.
NEX326-methods,arm-01/full,94eb84406b923b299374c334204c162bd445f5c602de9925ea5f06bec92968a4,runtime_cold,"{""actual_horizon_seconds"":1801.0,""hardware_sha256"":""4246fcf1c725906701b4c9424429fee0ab075c4dbf0cf366e7ac836e0644c89d"",""trial"":{""baseline_rss_bytes"":3620974592,""end_to_end_ms"":638.2058,""ended_monotonic_ns"":200280499912000,""gpu_memory"":{""reason"":""CPU-only timed workload"",""status"":""not_applicable""},""inclusive_stage_ms"":{""checkpoint_and_input_io"":0.0,""rollout"":638.1753,""terrain_io_and_query"":0.0},""memory_sample_seconds"":0.01,""process_lifetime_peak_rss_bytes"":18618798080,""sampled_peak_increment_bytes"":32768,""sampled_peak_rss_bytes"":3621007360,""started_monotonic_ns"":200279861706200}}",1,success,,132817f528d3fbb17a2eaf9bb448826c7e5f7bc45fe1482a3c8f649f44352fd7,1801.0,4246fcf1c725906701b4c9424429fee0ab075c4dbf0cf366e7ac836e0644c89d,638.2058,"{""checkpoint_and_input_io"":0.0,""rollout"":638.1753,""terrain_io_and_query"":0.0}",3621007360,18618798080,True,Sampled process RSS is a lower bound; process lifetime peak is not per-trial peak. CPU only.
NEX326-methods,arm-01/full,c8eef3019eb3dbf9a269d3f45706bf4e2ac19e0750f3d4e8b4282bac70e8d93c,runtime_cold,"{""actual_horizon_seconds"":1801.0,""hardware_sha256"":""4246fcf1c725906701b4c9424429fee0ab075c4dbf0cf366e7ac836e0644c89d"",""trial"":{""baseline_rss_bytes"":3620986880,""end_to_end_ms"":633.7389,""ended_monotonic_ns"":200282051814300,""gpu_memory"":{""reason"":""CPU-only timed workload"",""status"":""not_applicable""},""inclusive_stage_ms"":{""checkpoint_and_input_io"":0.0,""rollout"":633.7104,""terrain_io_and_query"":0.0},""memory_sample_seconds"":0.01,""process_lifetime_peak_rss_bytes"":18618798080,""sampled_peak_increment_bytes"":28672,""sampled_peak_rss_bytes"":3621015552,""started_monotonic_ns"":200281418075400}}",2,success,,5169e7de5af003d96cd2e513aede9306678bce7636c845b79299920d0e514091,1801.0,4246fcf1c725906701b4c9424429fee0ab075c4dbf0cf366e7ac836e0644c89d,633.7389,"{""checkpoint_and_input_io"":0.0,""rollout"":633.7104,""terrain_io_and_query"":0.0}",3621015552,18618798080,True,Sampled process RSS is a lower bound; process lifetime peak is not per-trial peak. CPU only.
NEX326-methods,arm-01/full,90948afa5be890e646527cc08890487d37a522520bc2123d85193d9425a525ec,runtime_cold,"{""actual_horizon_seconds"":1801.0,""hardware_sha256"":""4246fcf1c725906701b4c9424429fee0ab075c4dbf0cf366e7ac836e0644c89d"",""trial"":{""baseline_rss_bytes"":3620995072,""end_to_end_ms"":622.6303,""ended_monotonic_ns"":200283555122100,""gpu_memory"":{""reason"":""CPU-only timed workload"",""status"":""not_applicable""},""inclusive_stage_ms"":{""checkpoint_and_input_io"":0.0,""rollout"":622.5977,""terrain_io_and_query"":0.0},""memory_sample_seconds"":0.01,""process_lifetime_peak_rss_bytes"":18618798080,""sampled_peak_increment_bytes"":20480,""sampled_peak_rss_bytes"":3621015552,""started_monotonic_ns"":200282932491800}}",3,success,,4c557f5c3f573917feae9a5d7318bb8f50050f614a6f741ca5ac5fe2f4b9bba0,1801.0,4246fcf1c725906701b4c9424429fee0ab075c4dbf0cf366e7ac836e0644c89d,622.6303,"{""checkpoint_and_input_io"":0.0,""rollout"":622.5977,""terrain_io_and_query"":0.0}",3621015552,18618798080,True,Sampled process RSS is a lower bound; process lifetime peak is not per-trial peak. CPU only.
NEX326-methods,arm-01/full,0c9c3805710e050f137074393c7ea744df165d0ee6f5f0cff6fbcd13315bff4e,runtime_cold,"{""actual_horizon_seconds"":1801.0,""hardware_sha256"":""4246fcf1c725906701b4c9424429fee0ab075c4dbf0cf366e7ac836e0644c89d"",""trial"":{""baseline_rss_bytes"":3620995072,""end_to_end_ms"":648.0796,""ended_monotonic_ns"":200285061632000,""gpu_memory"":{""reason"":""CPU-only timed workload"",""status"":""not_applicable""},""inclusive_stage_ms"":{""checkpoint_and_input_io"":0.0,""rollout"":648.0481,""terrain_io_and_query"":0.0},""memory_sample_seconds"":0.01,""process_lifetime_peak_rss_bytes"":18618798080,""sampled_peak_increment_bytes"":122880,""sampled_peak_rss_bytes"":3621117952,""started_monotonic_ns"":200284413552400}}",4,success,,f50cc8fb6224695111a796ea4a62c4328ddee56ef0e00fa8953f2a5da6fa4b3b,1801.0,4246fcf1c725906701b4c9424429fee0ab075c4dbf0cf366e7ac836e0644c89d,648.0796,"{""checkpoint_and_input_io"":0.0,""rollout"":648.0481,""terrain_io_and_query"":0.0}",3621117952,18618798080,True,Sampled process RSS is a lower bound; process lifetime peak is not per-trial peak. CPU only.
NEX326-methods,arm-01/full,3349c89f722d5f561c5f4955d22402f862f818a22513573b47676daa2c516568,runtime_warm,"{""actual_horizon_seconds"":1801.0,""hardware_sha256"":""4246fcf1c725906701b4c9424429fee0ab075c4dbf0cf366e7ac836e0644c89d"",""trial"":{""baseline_rss_bytes"":3621126144,""end_to_end_ms"":603.9879,""ended_monotonic_ns"":200287935255600,""gpu_memory"":{""reason"":""CPU-only timed workload"",""status"":""not_applicable""},""inclusive_stage_ms"":{""checkpoint_and_input_io"":0.0,""rollout"":603.961,""terrain_io_and_query"":0.0},""memory_sample_seconds"":0.01,""process_lifetime_peak_rss_bytes"":18618798080,""sampled_peak_increment_bytes"":24576,""sampled_peak_rss_bytes"":3621150720,""started_monotonic_ns"":200287331267700}}",0,success,True,baf80d56222c19ec239a5244f902bd741df7b4afde41b849bc8858c64b7d0c8b,1801.0,4246fcf1c725906701b4c9424429fee0ab075c4dbf0cf366e7ac836e0644c89d,603.9879,"{""checkpoint_and_input_io"":0.0,""rollout"":603.961,""terrain_io_and_query"":0.0}",3621150720,18618798080,True,Sampled process RSS is a lower bound; process lifetime peak is not per-trial peak. CPU only.
NEX326-methods,arm-01/full,d03c6426a483f652bad70f544f34a499e95e2f9683d4e45ea585117dca593500,runtime_warm,"{""actual_horizon_seconds"":1801.0,""hardware_sha256"":""4246fcf1c725906701b4c9424429fee0ab075c4dbf0cf366e7ac836e0644c89d"",""trial"":{""baseline_rss_bytes"":3621130240,""end_to_end_ms"":634.5753,""ended_monotonic_ns"":200289422815300,""gpu_memory"":{""reason"":""CPU-only timed workload"",""status"":""not_applicable""},""inclusive_stage_ms"":{""checkpoint_and_input_io"":0.0,""rollout"":634.5407,""terrain_io_and_query"":0.0},""memory_sample_seconds"":0.01,""process_lifetime_peak_rss_bytes"":18618798080,""sampled_peak_increment_bytes"":20480,""sampled_peak_rss_bytes"":3621150720,""started_monotonic_ns"":200288788240000}}",1,success,True,bd3e660b6b633c593cca70ea71aab8a17ef23eb92d11de8c89482c071bf7c019,1801.0,4246fcf1c725906701b4c9424429fee0ab075c4dbf0cf366e7ac836e0644c89d,634.5753,"{""checkpoint_and_input_io"":0.0,""rollout"":634.5407,""terrain_io_and_query"":0.0}",3621150720,18618798080,True,Sampled process RSS is a lower bound; process lifetime peak is not per-trial peak. CPU only.
NEX326-methods,arm-01/full,08adfacef6f494ad32afb49095a58cc5e20e7107232b23c7de44171550b7689c,runtime_warm,"{""actual_horizon_seconds"":1801.0,""hardware_sha256"":""4246fcf1c725906701b4c9424429fee0ab075c4dbf0cf366e7ac836e0644c89d"",""trial"":{""baseline_rss_bytes"":3621130240,""end_to_end_ms"":678.0781,""ended_monotonic_ns"":200291105570500,""gpu_memory"":{""reason"":""CPU-only timed workload"",""status"":""not_applicable""},""inclusive_stage_ms"":{""checkpoint_and_input_io"":0.0,""rollout"":678.0431,""terrain_io_and_query"":0.0},""memory_sample_seconds"":0.01,""process_lifetime_peak_rss_bytes"":18618798080,""sampled_peak_increment_bytes"":20480,""sampled_peak_rss_bytes"":3621150720,""started_monotonic_ns"":200290427492400}}",2,success,True,8c94568cedea4d5cb96bb480be766341d26f82133147248cb4d9a5be06d1004a,1801.0,4246fcf1c725906701b4c9424429fee0ab075c4dbf0cf366e7ac836e0644c89d,678.0781,"{""checkpoint_and_input_io"":0.0,""rollout"":678.0431,""terrain_io_and_query"":0.0}",3621150720,18618798080,True,Sampled process RSS is a lower bound; process lifetime peak is not per-trial peak. CPU only.
NEX326-methods,arm-01/full,cef05bdb487b705b2dfc38db6c463e28e3880910aafc5529968566c65120cc93,runtime_warm,"{""actual_horizon_seconds"":1801.0,""hardware_sha256"":""4246fcf1c725906701b4c9424429fee0ab075c4dbf0cf366e7ac836e0644c89d"",""trial"":{""baseline_rss_bytes"":3621130240,""end_to_end_ms"":569.3177,""ended_monotonic_ns"":200292509863900,""gpu_memory"":{""reason"":""CPU-only timed workload"",""status"":""not_applicable""},""inclusive_stage_ms"":{""checkpoint_and_input_io"":0.0,""rollout"":569.2837,""terrain_io_and_query"":0.0},""memory_sample_seconds"":0.01,""process_lifetime_peak_rss_bytes"":18618798080,""sampled_peak_increment_bytes"":40960,""sampled_peak_rss_bytes"":3621171200,""started_monotonic_ns"":200291940546200}}",3,success,True,b17a2cb8e15701774756cc9dcbb7fa1a06bea127e7aed355bb9b0797dc3e3c5b,1801.0,4246fcf1c725906701b4c9424429fee0ab075c4dbf0cf366e7ac836e0644c89d,569.3177,"{""checkpoint_and_input_io"":0.0,""rollout"":569.2837,""terrain_io_and_query"":0.0}",3621171200,18618798080,True,Sampled process RSS is a lower bound; process lifetime peak is not per-trial peak. CPU only.
NEX326-methods,arm-01/full,9d820630d05fa422c4f8dccdf1dcc9dff3466c6413659832c4e8abbca5442821,runtime_warm,"{""actual_horizon_seconds"":1801.0,""hardware_sha256"":""4246fcf1c725906701b4c9424429fee0ab075c4dbf0cf366e7ac836e0644c89d"",""trial"":{""baseline_rss_bytes"":3621150720,""end_to_end_ms"":642.548,""ended_monotonic_ns"":200294008141500,""gpu_memory"":{""reason"":""CPU-only timed workload"",""status"":""not_applicable""},""inclusive_stage_ms"":{""checkpoint_and_input_io"":0.0,""rollout"":642.5072,""terrain_io_and_query"":0.0},""memory_sample_seconds"":0.01,""process_lifetime_peak_rss_bytes"":18618798080,""sampled_peak_increment_bytes"":20480,""sampled_peak_rss_bytes"":3621171200,""started_monotonic_ns"":200293365593500}}",4,success,True,924efdcc81a6dee897530d0147811548d7c3176fcf47d5fac2a46f4bc66d5d49,1801.0,4246fcf1c725906701b4c9424429fee0ab075c4dbf0cf366e7ac836e0644c89d,642.548,"{""checkpoint_and_input_io"":0.0,""rollout"":642.5072,""terrain_io_and_query"":0.0}",3621171200,18618798080,True,Sampled process RSS is a lower bound; process lifetime peak is not per-trial peak. CPU only.
NEX326-methods,arm-01/full,bfa81be69cb6a6de11906403dfa22eb67ec2016b2fe8dda2d47d4eb5c3a2f8c8,runtime_warmup,"{""actual_horizon_seconds"":1801.0,""hardware_sha256"":""4246fcf1c725906701b4c9424429fee0ab075c4dbf0cf366e7ac836e0644c89d"",""trial"":{""baseline_rss_bytes"":3621126144,""end_to_end_ms"":652.7401,""ended_monotonic_ns"":200286522456300,""gpu_memory"":{""reason"":""CPU-only timed workload"",""status"":""not_applicable""},""inclusive_stage_ms"":{""checkpoint_and_input_io"":0.0,""rollout"":652.705,""terrain_io_and_query"":0.0},""memory_sample_seconds"":0.01,""process_lifetime_peak_rss_bytes"":18618798080,""sampled_peak_increment_bytes"":20480,""sampled_peak_rss_bytes"":3621146624,""started_monotonic_ns"":200285869716200}}",0,success,,60667c74e1bfd6c2fb5026d8f18a6dc1fb660b75ecd65a8afb88d2e64736920c,1801.0,4246fcf1c725906701b4c9424429fee0ab075c4dbf0cf366e7ac836e0644c89d,652.7401,"{""checkpoint_and_input_io"":0.0,""rollout"":652.705,""terrain_io_and_query"":0.0}",3621146624,18618798080,False,Sampled process RSS is a lower bound; process lifetime peak is not per-trial peak. CPU only.
NEX326-methods,arm-04/gmm_kernel,57b7a3950f39eb1b4a5ba83b642b9287eaf064881cd1cfbfff3a0ba1894aac5c,runtime_cold,"{""actual_horizon_seconds"":1801.0,""hardware_sha256"":""4246fcf1c725906701b4c9424429fee0ab075c4dbf0cf366e7ac836e0644c89d"",""trial"":{""baseline_rss_bytes"":3621974016,""end_to_end_ms"":708.0892,""ended_monotonic_ns"":200300085334300,""gpu_memory"":{""reason"":""CPU-only timed workload"",""status"":""not_applicable""},""inclusive_stage_ms"":{""checkpoint_and_input_io"":0.0,""rollout"":708.0593,""terrain_io_and_query"":0.0},""memory_sample_seconds"":0.01,""process_lifetime_peak_rss_bytes"":18618798080,""sampled_peak_increment_bytes"":20480,""sampled_peak_rss_bytes"":3621994496,""started_monotonic_ns"":200299377245100}}",0,success,,5fd599b27f7265e53fe3868a1c7faee967c5a376624037595ee13cf3cf8103ca,1801.0,4246fcf1c725906701b4c9424429fee0ab075c4dbf0cf366e7ac836e0644c89d,708.0892,"{""checkpoint_and_input_io"":0.0,""rollout"":708.0593,""terrain_io_and_query"":0.0}",3621994496,18618798080,True,Sampled process RSS is a lower bound; process lifetime peak is not per-trial peak. CPU only.
NEX326-methods,arm-04/gmm_kernel,3ae7b3602988780a5c8f2ca098d7d00d03139e795936abad42c6ed62f6f935ee,runtime_cold,"{""actual_horizon_seconds"":1801.0,""hardware_sha256"":""4246fcf1c725906701b4c9424429fee0ab075c4dbf0cf366e7ac836e0644c89d"",""trial"":{""baseline_rss_bytes"":3621974016,""end_to_end_ms"":612.4115,""ended_monotonic_ns"":200301540743400,""gpu_memory"":{""reason"":""CPU-only timed workload"",""status"":""not_applicable""},""inclusive_stage_ms"":{""checkpoint_and_input_io"":0.0,""rollout"":612.3804,""terrain_io_and_query"":0.0},""memory_sample_seconds"":0.01,""process_lifetime_peak_rss_bytes"":18618798080,""sampled_peak_increment_bytes"":24576,""sampled_peak_rss_bytes"":3621998592,""started_monotonic_ns"":200300928331900}}",1,success,,825807727edba5fcbc6f573f53feff5c43f8e09c0795e1bd331504880515e956,1801.0,4246fcf1c725906701b4c9424429fee0ab075c4dbf0cf366e7ac836e0644c89d,612.4115,"{""checkpoint_and_input_io"":0.0,""rollout"":612.3804,""terrain_io_and_query"":0.0}",3621998592,18618798080,True,Sampled process RSS is a lower bound; process lifetime peak is not per-trial peak. CPU only.
NEX326-methods,arm-04/gmm_kernel,50f77bfbd2952d05b57e685e0ce8ab6d67b36f8aad2d22f23a459296b50030a5,runtime_cold,"{""actual_horizon_seconds"":1801.0,""hardware_sha256"":""4246fcf1c725906701b4c9424429fee0ab075c4dbf0cf366e7ac836e0644c89d"",""trial"":{""baseline_rss_bytes"":3621978112,""end_to_end_ms"":643.2974,""ended_monotonic_ns"":200303088637800,""gpu_memory"":{""reason"":""CPU-only timed workload"",""status"":""not_applicable""},""inclusive_stage_ms"":{""checkpoint_and_input_io"":0.0,""rollout"":643.2599,""terrain_io_and_query"":0.0},""memory_sample_seconds"":0.01,""process_lifetime_peak_rss_bytes"":18618798080,""sampled_peak_increment_bytes"":24576,""sampled_peak_rss_bytes"":3622002688,""started_monotonic_ns"":200302445340400}}",2,success,,e1305addd40b137d9e019ae154b85d144d115846630cf64db1a3a1b73d0dc4d5,1801.0,4246fcf1c725906701b4c9424429fee0ab075c4dbf0cf366e7ac836e0644c89d,643.2974,"{""checkpoint_and_input_io"":0.0,""rollout"":643.2599,""terrain_io_and_query"":0.0}",3622002688,18618798080,True,Sampled process RSS is a lower bound; process lifetime peak is not per-trial peak. CPU only.
NEX326-methods,arm-04/gmm_kernel,b0b7c3a3771a099618cbfa95909a603e28046d7bb7aded8f95afe77fa5b94c95,runtime_cold,"{""actual_horizon_seconds"":1801.0,""hardware_sha256"":""4246fcf1c725906701b4c9424429fee0ab075c4dbf0cf366e7ac836e0644c89d"",""trial"":{""baseline_rss_bytes"":3621982208,""end_to_end_ms"":645.5171,""ended_monotonic_ns"":200304565562000,""gpu_memory"":{""reason"":""CPU-only timed workload"",""status"":""not_applicable""},""inclusive_stage_ms"":{""checkpoint_and_input_io"":0.0,""rollout"":645.4773,""terrain_io_and_query"":0.0},""memory_sample_seconds"":0.01,""process_lifetime_peak_rss_bytes"":18618798080,""sampled_peak_increment_bytes"":20480,""sampled_peak_rss_bytes"":3622002688,""started_monotonic_ns"":200303920044900}}",3,success,,538545218cf603ee13306aafc1dff91b5cf89ec14b23f108f3e2731b362e3c43,1801.0,4246fcf1c725906701b4c9424429fee0ab075c4dbf0cf366e7ac836e0644c89d,645.5171,"{""checkpoint_and_input_io"":0.0,""rollout"":645.4773,""terrain_io_and_query"":0.0}",3622002688,18618798080,True,Sampled process RSS is a lower bound; process lifetime peak is not per-trial peak. CPU only.
NEX326-methods,arm-04/gmm_kernel,b722d48615ca944988030d127384963073e55f427d880f667798d0d80df6cb3b,runtime_cold,"{""actual_horizon_seconds"":1801.0,""hardware_sha256"":""4246fcf1c725906701b4c9424429fee0ab075c4dbf0cf366e7ac836e0644c89d"",""trial"":{""baseline_rss_bytes"":3621982208,""end_to_end_ms"":640.9482,""ended_monotonic_ns"":200305999098700,""gpu_memory"":{""reason"":""CPU-only timed workload"",""status"":""not_applicable""},""inclusive_stage_ms"":{""checkpoint_and_input_io"":0.0,""rollout"":640.9182,""terrain_io_and_query"":0.0},""memory_sample_seconds"":0.01,""process_lifetime_peak_rss_bytes"":18618798080,""sampled_peak_increment_bytes"":24576,""sampled_peak_rss_bytes"":3622006784,""started_monotonic_ns"":200305358150500}}",4,success,,1a20d1ea0400f6c2927a488283c87ea0e1629f6a27c28b83743793ceb62a88d9,1801.0,4246fcf1c725906701b4c9424429fee0ab075c4dbf0cf366e7ac836e0644c89d,640.9482,"{""checkpoint_and_input_io"":0.0,""rollout"":640.9182,""terrain_io_and_query"":0.0}",3622006784,18618798080,True,Sampled process RSS is a lower bound; process lifetime peak is not per-trial peak. CPU only.
NEX326-methods,arm-04/gmm_kernel,43d2b17eaa5c2a5f38684a058e2fedf0a5f4a46405cabc46664d96a8975e2232,runtime_warm,"{""actual_horizon_seconds"":1801.0,""hardware_sha256"":""4246fcf1c725906701b4c9424429fee0ab075c4dbf0cf366e7ac836e0644c89d"",""trial"":{""baseline_rss_bytes"":3621986304,""end_to_end_ms"":647.4836,""ended_monotonic_ns"":200308975232800,""gpu_memory"":{""reason"":""CPU-only timed workload"",""status"":""not_applicable""},""inclusive_stage_ms"":{""checkpoint_and_input_io"":0.0,""rollout"":647.4475,""terrain_io_and_query"":0.0},""memory_sample_seconds"":0.01,""process_lifetime_peak_rss_bytes"":18618798080,""sampled_peak_increment_bytes"":20480,""sampled_peak_rss_bytes"":3622006784,""started_monotonic_ns"":200308327749200}}",0,success,True,ab692575350f1dd6c0263d766007a3812bc723a460ce2ef32f3b47701a2ac70c,1801.0,4246fcf1c725906701b4c9424429fee0ab075c4dbf0cf366e7ac836e0644c89d,647.4836,"{""checkpoint_and_input_io"":0.0,""rollout"":647.4475,""terrain_io_and_query"":0.0}",3622006784,18618798080,True,Sampled process RSS is a lower bound; process lifetime peak is not per-trial peak. CPU only.
NEX326-methods,arm-04/gmm_kernel,c2a4e26c61e2f01e7100d533d580ac21a93167c6c174143867a13794d7aa160b,runtime_warm,"{""actual_horizon_seconds"":1801.0,""hardware_sha256"":""4246fcf1c725906701b4c9424429fee0ab075c4dbf0cf366e7ac836e0644c89d"",""trial"":{""baseline_rss_bytes"":3621986304,""end_to_end_ms"":607.1241,""ended_monotonic_ns"":200310388543700,""gpu_memory"":{""reason"":""CPU-only timed workload"",""status"":""not_applicable""},""inclusive_stage_ms"":{""checkpoint_and_input_io"":0.0,""rollout"":607.0714,""terrain_io_and_query"":0.0},""memory_sample_seconds"":0.01,""process_lifetime_peak_rss_bytes"":18618798080,""sampled_peak_increment_bytes"":28672,""sampled_peak_rss_bytes"":3622014976,""started_monotonic_ns"":200309781419600}}",1,success,True,79187941872c2bd5a204b9e2aba8099e4c14d574bb9c2c4e0e162018b10f062a,1801.0,4246fcf1c725906701b4c9424429fee0ab075c4dbf0cf366e7ac836e0644c89d,607.1241,"{""checkpoint_and_input_io"":0.0,""rollout"":607.0714,""terrain_io_and_query"":0.0}",3622014976,18618798080,True,Sampled process RSS is a lower bound; process lifetime peak is not per-trial peak. CPU only.
NEX326-methods,arm-04/gmm_kernel,39e3790ac78526a2d153fbfc153b5405ceff4cb28bc8fb3d6a02ed62322ecfd6,runtime_warm,"{""actual_horizon_seconds"":1801.0,""hardware_sha256"":""4246fcf1c725906701b4c9424429fee0ab075c4dbf0cf366e7ac836e0644c89d"",""trial"":{""baseline_rss_bytes"":3621994496,""end_to_end_ms"":695.4951,""ended_monotonic_ns"":200311937093200,""gpu_memory"":{""reason"":""CPU-only timed workload"",""status"":""not_applicable""},""inclusive_stage_ms"":{""checkpoint_and_input_io"":0.0,""rollout"":695.4673,""terrain_io_and_query"":0.0},""memory_sample_seconds"":0.01,""process_lifetime_peak_rss_bytes"":18618798080,""sampled_peak_increment_bytes"":20480,""sampled_peak_rss_bytes"":3622014976,""started_monotonic_ns"":200311241598100}}",2,success,True,f813db6e1fec2b7da38e965d94d4c9c029029c13e2dcd9858d331aed7c5c79c3,1801.0,4246fcf1c725906701b4c9424429fee0ab075c4dbf0cf366e7ac836e0644c89d,695.4951,"{""checkpoint_and_input_io"":0.0,""rollout"":695.4673,""terrain_io_and_query"":0.0}",3622014976,18618798080,True,Sampled process RSS is a lower bound; process lifetime peak is not per-trial peak. CPU only.
NEX326-methods,arm-04/gmm_kernel,05b4b725ee677b169d133c104ec49116240190bf27aac9f65bc0e9c6c68a8fb0,runtime_warm,"{""actual_horizon_seconds"":1801.0,""hardware_sha256"":""4246fcf1c725906701b4c9424429fee0ab075c4dbf0cf366e7ac836e0644c89d"",""trial"":{""baseline_rss_bytes"":3621994496,""end_to_end_ms"":624.4428,""ended_monotonic_ns"":200313416854600,""gpu_memory"":{""reason"":""CPU-only timed workload"",""status"":""not_applicable""},""inclusive_stage_ms"":{""checkpoint_and_input_io"":0.0,""rollout"":624.41,""terrain_io_and_query"":0.0},""memory_sample_seconds"":0.01,""process_lifetime_peak_rss_bytes"":18618798080,""sampled_peak_increment_bytes"":24576,""sampled_peak_rss_bytes"":3622019072,""started_monotonic_ns"":200312792411800}}",3,success,True,cf51947a0537f2b3f9edcd4581d7fe7baeefe35f42911dbfad784c318e5f781f,1801.0,4246fcf1c725906701b4c9424429fee0ab075c4dbf0cf366e7ac836e0644c89d,624.4428,"{""checkpoint_and_input_io"":0.0,""rollout"":624.41,""terrain_io_and_query"":0.0}",3622019072,18618798080,True,Sampled process RSS is a lower bound; process lifetime peak is not per-trial peak. CPU only.
NEX326-methods,arm-04/gmm_kernel,3db177e6d4c78c2c2adeef4ce2eac12a020d2e007f5bd86c1afdefefef22ded4,runtime_warm,"{""actual_horizon_seconds"":1801.0,""hardware_sha256"":""4246fcf1c725906701b4c9424429fee0ab075c4dbf0cf366e7ac836e0644c89d"",""trial"":{""baseline_rss_bytes"":3621998592,""end_to_end_ms"":672.2638,""ended_monotonic_ns"":200314911429800,""gpu_memory"":{""reason"":""CPU-only timed workload"",""status"":""not_applicable""},""inclusive_stage_ms"":{""checkpoint_and_input_io"":0.0,""rollout"":672.2101,""terrain_io_and_query"":0.0},""memory_sample_seconds"":0.01,""process_lifetime_peak_rss_bytes"":18618798080,""sampled_peak_increment_bytes"":20480,""sampled_peak_rss_bytes"":3622019072,""started_monotonic_ns"":200314239166000}}",4,success,True,4fd9d56d38a3bf2c3ab70ad09a7926150ca47bd22a4745dbc9c96a32e42fc5e6,1801.0,4246fcf1c725906701b4c9424429fee0ab075c4dbf0cf366e7ac836e0644c89d,672.2638,"{""checkpoint_and_input_io"":0.0,""rollout"":672.2101,""terrain_io_and_query"":0.0}",3622019072,18618798080,True,Sampled process RSS is a lower bound; process lifetime peak is not per-trial peak. CPU only.
NEX326-methods,arm-04/gmm_kernel,5ff1ea64fb4c944cd27532cdb491a487389123d3d2a07f0fe4fcb71398045c08,runtime_warmup,"{""actual_horizon_seconds"":1801.0,""hardware_sha256"":""4246fcf1c725906701b4c9424429fee0ab075c4dbf0cf366e7ac836e0644c89d"",""trial"":{""baseline_rss_bytes"":3621986304,""end_to_end_ms"":592.7575,""ended_monotonic_ns"":200307497416600,""gpu_memory"":{""reason"":""CPU-only timed workload"",""status"":""not_applicable""},""inclusive_stage_ms"":{""checkpoint_and_input_io"":0.0,""rollout"":592.7197,""terrain_io_and_query"":0.0},""memory_sample_seconds"":0.01,""process_lifetime_peak_rss_bytes"":18618798080,""sampled_peak_increment_bytes"":20480,""sampled_peak_rss_bytes"":3622006784,""started_monotonic_ns"":200306904659100}}",0,success,,9a405ea606304236cd54ec80affdaf08caaab19241c9ba7a5b0c9e525edba351,1801.0,4246fcf1c725906701b4c9424429fee0ab075c4dbf0cf366e7ac836e0644c89d,592.7575,"{""checkpoint_and_input_io"":0.0,""rollout"":592.7197,""terrain_io_and_query"":0.0}",3622006784,18618798080,False,Sampled process RSS is a lower bound; process lifetime peak is not per-trial peak. CPU only.
NEX326-methods,arm-05/explicit_decomp,37476c106b2e29da8fd0d23a555e854dc2d1c830a2dbb1523946e23e186daaca,runtime_cold,"{""actual_horizon_seconds"":1801.0,""hardware_sha256"":""4246fcf1c725906701b4c9424429fee0ab075c4dbf0cf366e7ac836e0644c89d"",""trial"":{""baseline_rss_bytes"":3622223872,""end_to_end_ms"":808.8658,""ended_monotonic_ns"":200318356406900,""gpu_memory"":{""reason"":""CPU-only timed workload"",""status"":""not_applicable""},""inclusive_stage_ms"":{""checkpoint_and_input_io"":0.0,""rollout"":808.8281,""terrain_io_and_query"":0.0},""memory_sample_seconds"":0.01,""process_lifetime_peak_rss_bytes"":18618798080,""sampled_peak_increment_bytes"":20480,""sampled_peak_rss_bytes"":3622244352,""started_monotonic_ns"":200317547541100}}",0,success,,34815e194caca8e91ff34e10545463efc65bc0611d6de280d06cfd25a427f10c,1801.0,4246fcf1c725906701b4c9424429fee0ab075c4dbf0cf366e7ac836e0644c89d,808.8658,"{""checkpoint_and_input_io"":0.0,""rollout"":808.8281,""terrain_io_and_query"":0.0}",3622244352,18618798080,True,Sampled process RSS is a lower bound; process lifetime peak is not per-trial peak. CPU only.
NEX326-methods,arm-05/explicit_decomp,43e1234a3e4cf600ffe36c9b1799e9923236e6ec26e2b6cdd7f4e7f3be45cf74,runtime_cold,"{""actual_horizon_seconds"":1801.0,""hardware_sha256"":""4246fcf1c725906701b4c9424429fee0ab075c4dbf0cf366e7ac836e0644c89d"",""trial"":{""baseline_rss_bytes"":3622223872,""end_to_end_ms"":776.2134,""ended_monotonic_ns"":200320010435300,""gpu_memory"":{""reason"":""CPU-only timed workload"",""status"":""not_applicable""},""inclusive_stage_ms"":{""checkpoint_and_input_io"":0.0,""rollout"":776.1741,""terrain_io_and_query"":0.0},""memory_sample_seconds"":0.01,""process_lifetime_peak_rss_bytes"":18618798080,""sampled_peak_increment_bytes"":36864,""sampled_peak_rss_bytes"":3622260736,""started_monotonic_ns"":200319234221900}}",1,success,,1965a60ef83ba9d69cc451c09a052d8878d2bf2e3fb7f04d064da489b0f672e7,1801.0,4246fcf1c725906701b4c9424429fee0ab075c4dbf0cf366e7ac836e0644c89d,776.2134,"{""checkpoint_and_input_io"":0.0,""rollout"":776.1741,""terrain_io_and_query"":0.0}",3622260736,18618798080,True,Sampled process RSS is a lower bound; process lifetime peak is not per-trial peak. CPU only.
NEX326-methods,arm-05/explicit_decomp,2fc096ef28bd4249743ed2e30f14823e30216be4fbdbe80568eba5fdc2e6c839,runtime_cold,"{""actual_horizon_seconds"":1801.0,""hardware_sha256"":""4246fcf1c725906701b4c9424429fee0ab075c4dbf0cf366e7ac836e0644c89d"",""trial"":{""baseline_rss_bytes"":3622248448,""end_to_end_ms"":852.0905,""ended_monotonic_ns"":200321656992400,""gpu_memory"":{""reason"":""CPU-only timed workload"",""status"":""not_applicable""},""inclusive_stage_ms"":{""checkpoint_and_input_io"":0.0,""rollout"":852.0535,""terrain_io_and_query"":0.0},""memory_sample_seconds"":0.01,""process_lifetime_peak_rss_bytes"":18618798080,""sampled_peak_increment_bytes"":20480,""sampled_peak_rss_bytes"":3622268928,""started_monotonic_ns"":200320804901900}}",2,success,,17e2f87469b1acb20a26f9fa09244a348e44e2d4f01a78601df4d4808cac8600,1801.0,4246fcf1c725906701b4c9424429fee0ab075c4dbf0cf366e7ac836e0644c89d,852.0905,"{""checkpoint_and_input_io"":0.0,""rollout"":852.0535,""terrain_io_and_query"":0.0}",3622268928,18618798080,True,Sampled process RSS is a lower bound; process lifetime peak is not per-trial peak. CPU only.
NEX326-methods,arm-05/explicit_decomp,530a1aa5552cee06fb78068321603ee3118c33434aaad2987b7edc31de2cc660,runtime_cold,"{""actual_horizon_seconds"":1801.0,""hardware_sha256"":""4246fcf1c725906701b4c9424429fee0ab075c4dbf0cf366e7ac836e0644c89d"",""trial"":{""baseline_rss_bytes"":3622252544,""end_to_end_ms"":741.8348,""ended_monotonic_ns"":200323330697100,""gpu_memory"":{""reason"":""CPU-only timed workload"",""status"":""not_applicable""},""inclusive_stage_ms"":{""checkpoint_and_input_io"":0.0,""rollout"":741.8052,""terrain_io_and_query"":0.0},""memory_sample_seconds"":0.01,""process_lifetime_peak_rss_bytes"":18618798080,""sampled_peak_increment_bytes"":20480,""sampled_peak_rss_bytes"":3622273024,""started_monotonic_ns"":200322588862300}}",3,success,,1aa080212e1c818628badb9a5dad2f91b10b331d3440a46c957280447914c876,1801.0,4246fcf1c725906701b4c9424429fee0ab075c4dbf0cf366e7ac836e0644c89d,741.8348,"{""checkpoint_and_input_io"":0.0,""rollout"":741.8052,""terrain_io_and_query"":0.0}",3622273024,18618798080,True,Sampled process RSS is a lower bound; process lifetime peak is not per-trial peak. CPU only.
NEX326-methods,arm-05/explicit_decomp,be838d1e215365c54195577c27242bc02b8ebe8007d67dcb9b5881744ba0ba68,runtime_cold,"{""actual_horizon_seconds"":1801.0,""hardware_sha256"":""4246fcf1c725906701b4c9424429fee0ab075c4dbf0cf366e7ac836e0644c89d"",""trial"":{""baseline_rss_bytes"":3622252544,""end_to_end_ms"":885.1579,""ended_monotonic_ns"":200325052498600,""gpu_memory"":{""reason"":""CPU-only timed workload"",""status"":""not_applicable""},""inclusive_stage_ms"":{""checkpoint_and_input_io"":0.0,""rollout"":885.1268,""terrain_io_and_query"":0.0},""memory_sample_seconds"":0.01,""process_lifetime_peak_rss_bytes"":18618798080,""sampled_peak_increment_bytes"":20480,""sampled_peak_rss_bytes"":3622273024,""started_monotonic_ns"":200324167340700}}",4,success,,cf680e355fc93b8b269111c8173de4780943e7870b1c7db312235e3b7cc17fa3,1801.0,4246fcf1c725906701b4c9424429fee0ab075c4dbf0cf366e7ac836e0644c89d,885.1579,"{""checkpoint_and_input_io"":0.0,""rollout"":885.1268,""terrain_io_and_query"":0.0}",3622273024,18618798080,True,Sampled process RSS is a lower bound; process lifetime peak is not per-trial peak. CPU only.
NEX326-methods,arm-05/explicit_decomp,84e28610488ae36efcd54b128c6aed384ee4a392f833ac0b25b8d1129e1cb9b6,runtime_warm,"{""actual_horizon_seconds"":1801.0,""hardware_sha256"":""4246fcf1c725906701b4c9424429fee0ab075c4dbf0cf366e7ac836e0644c89d"",""trial"":{""baseline_rss_bytes"":3622256640,""end_to_end_ms"":825.165,""ended_monotonic_ns"":200328389855700,""gpu_memory"":{""reason"":""CPU-only timed workload"",""status"":""not_applicable""},""inclusive_stage_ms"":{""checkpoint_and_input_io"":0.0,""rollout"":825.1049,""terrain_io_and_query"":0.0},""memory_sample_seconds"":0.01,""process_lifetime_peak_rss_bytes"":18618798080,""sampled_peak_increment_bytes"":20480,""sampled_peak_rss_bytes"":3622277120,""started_monotonic_ns"":200327564690700}}",0,success,True,1902160032cd1f30c555135016d5e6e667ebf80a9fa4052e40fd7d3ab975455a,1801.0,4246fcf1c725906701b4c9424429fee0ab075c4dbf0cf366e7ac836e0644c89d,825.165,"{""checkpoint_and_input_io"":0.0,""rollout"":825.1049,""terrain_io_and_query"":0.0}",3622277120,18618798080,True,Sampled process RSS is a lower bound; process lifetime peak is not per-trial peak. CPU only.
NEX326-methods,arm-05/explicit_decomp,52f58f2b48a333132da99d431ef667f9ecaefe4f0ce10ecea0e8235191bc29b7,runtime_warm,"{""actual_horizon_seconds"":1801.0,""hardware_sha256"":""4246fcf1c725906701b4c9424429fee0ab075c4dbf0cf366e7ac836e0644c89d"",""trial"":{""baseline_rss_bytes"":3622256640,""end_to_end_ms"":784.9253,""ended_monotonic_ns"":200330036825500,""gpu_memory"":{""reason"":""CPU-only timed workload"",""status"":""not_applicable""},""inclusive_stage_ms"":{""checkpoint_and_input_io"":0.0,""rollout"":784.8886,""terrain_io_and_query"":0.0},""memory_sample_seconds"":0.01,""process_lifetime_peak_rss_bytes"":18618798080,""sampled_peak_increment_bytes"":20480,""sampled_peak_rss_bytes"":3622277120,""started_monotonic_ns"":200329251900200}}",1,success,True,f4d889f934506177e7a3847eff262cf7267e0986765ef028b74fc957dbb9fba3,1801.0,4246fcf1c725906701b4c9424429fee0ab075c4dbf0cf366e7ac836e0644c89d,784.9253,"{""checkpoint_and_input_io"":0.0,""rollout"":784.8886,""terrain_io_and_query"":0.0}",3622277120,18618798080,True,Sampled process RSS is a lower bound; process lifetime peak is not per-trial peak. CPU only.
NEX326-methods,arm-05/explicit_decomp,9bd25bd1494a5708e61fbb0f1da245d2e4e8b44d6d5c62ed6f2eac68bf37f2d4,runtime_warm,"{""actual_horizon_seconds"":1801.0,""hardware_sha256"":""4246fcf1c725906701b4c9424429fee0ab075c4dbf0cf366e7ac836e0644c89d"",""trial"":{""baseline_rss_bytes"":3622256640,""end_to_end_ms"":771.6328,""ended_monotonic_ns"":200331707100700,""gpu_memory"":{""reason"":""CPU-only timed workload"",""status"":""not_applicable""},""inclusive_stage_ms"":{""checkpoint_and_input_io"":0.0,""rollout"":771.6025,""terrain_io_and_query"":0.0},""memory_sample_seconds"":0.01,""process_lifetime_peak_rss_bytes"":18618798080,""sampled_peak_increment_bytes"":28672,""sampled_peak_rss_bytes"":3622285312,""started_monotonic_ns"":200330935467900}}",2,success,True,a7f0beebfa51311ddffadbccb7255f1aba55d8caf2d54e5b7345981331082f01,1801.0,4246fcf1c725906701b4c9424429fee0ab075c4dbf0cf366e7ac836e0644c89d,771.6328,"{""checkpoint_and_input_io"":0.0,""rollout"":771.6025,""terrain_io_and_query"":0.0}",3622285312,18618798080,True,Sampled process RSS is a lower bound; process lifetime peak is not per-trial peak. CPU only.
NEX326-methods,arm-05/explicit_decomp,53b98d08e3dbc43ecd47adba9aa42a15b6ed83f096a36e298d05d81b04605246,runtime_warm,"{""actual_horizon_seconds"":1801.0,""hardware_sha256"":""4246fcf1c725906701b4c9424429fee0ab075c4dbf0cf366e7ac836e0644c89d"",""trial"":{""baseline_rss_bytes"":3622264832,""end_to_end_ms"":811.5492,""ended_monotonic_ns"":200333486279200,""gpu_memory"":{""reason"":""CPU-only timed workload"",""status"":""not_applicable""},""inclusive_stage_ms"":{""checkpoint_and_input_io"":0.0,""rollout"":811.5177,""terrain_io_and_query"":0.0},""memory_sample_seconds"":0.01,""process_lifetime_peak_rss_bytes"":18618798080,""sampled_peak_increment_bytes"":20480,""sampled_peak_rss_bytes"":3622285312,""started_monotonic_ns"":200332674730000}}",3,success,True,2476184a6a1f1b303817c6524ccde3b1f1919a8f40f0dd65443ac87955bcde14,1801.0,4246fcf1c725906701b4c9424429fee0ab075c4dbf0cf366e7ac836e0644c89d,811.5492,"{""checkpoint_and_input_io"":0.0,""rollout"":811.5177,""terrain_io_and_query"":0.0}",3622285312,18618798080,True,Sampled process RSS is a lower bound; process lifetime peak is not per-trial peak. CPU only.
NEX326-methods,arm-05/explicit_decomp,0f058344283aaa79613841757e031bb67cf4bab36c55dddfded0e5fdf9fd4c7a,runtime_warm,"{""actual_horizon_seconds"":1801.0,""hardware_sha256"":""4246fcf1c725906701b4c9424429fee0ab075c4dbf0cf366e7ac836e0644c89d"",""trial"":{""baseline_rss_bytes"":3622264832,""end_to_end_ms"":761.8926,""ended_monotonic_ns"":200335101397500,""gpu_memory"":{""reason"":""CPU-only timed workload"",""status"":""not_applicable""},""inclusive_stage_ms"":{""checkpoint_and_input_io"":0.0,""rollout"":761.8628,""terrain_io_and_query"":0.0},""memory_sample_seconds"":0.01,""process_lifetime_peak_rss_bytes"":18618798080,""sampled_peak_increment_bytes"":24576,""sampled_peak_rss_bytes"":3622289408,""started_monotonic_ns"":200334339504900}}",4,success,True,78868905ade68f34fcdf2aa1001deb7ee75f4dd6adebb3b07296cc324c502a59,1801.0,4246fcf1c725906701b4c9424429fee0ab075c4dbf0cf366e7ac836e0644c89d,761.8926,"{""checkpoint_and_input_io"":0.0,""rollout"":761.8628,""terrain_io_and_query"":0.0}",3622289408,18618798080,True,Sampled process RSS is a lower bound; process lifetime peak is not per-trial peak. CPU only.
NEX326-methods,arm-05/explicit_decomp,31c920428f4fdda59687b2232cc2e4a9f3ee54416138c8b8b14bd6dd404ed137,runtime_warmup,"{""actual_horizon_seconds"":1801.0,""hardware_sha256"":""4246fcf1c725906701b4c9424429fee0ab075c4dbf0cf366e7ac836e0644c89d"",""trial"":{""baseline_rss_bytes"":3622252544,""end_to_end_ms"":757.0699,""ended_monotonic_ns"":200326649366100,""gpu_memory"":{""reason"":""CPU-only timed workload"",""status"":""not_applicable""},""inclusive_stage_ms"":{""checkpoint_and_input_io"":0.0,""rollout"":757.0385,""terrain_io_and_query"":0.0},""memory_sample_seconds"":0.01,""process_lifetime_peak_rss_bytes"":18618798080,""sampled_peak_increment_bytes"":20480,""sampled_peak_rss_bytes"":3622273024,""started_monotonic_ns"":200325892296200}}",0,success,,f96ed2e5ba8954003c431e62d2604f24e357d3eeee82d2cbc88756c8240b5a6b,1801.0,4246fcf1c725906701b4c9424429fee0ab075c4dbf0cf366e7ac836e0644c89d,757.0699,"{""checkpoint_and_input_io"":0.0,""rollout"":757.0385,""terrain_io_and_query"":0.0}",3622273024,18618798080,False,Sampled process RSS is a lower bound; process lifetime peak is not per-trial peak. CPU only.
NEX326-methods,arm-21/crn,7901115909c5294ebdca91270b16635a1c6e48589b4a0be64028b9ff25743114,runtime_cold,"{""actual_horizon_seconds"":1801.0,""hardware_sha256"":""4246fcf1c725906701b4c9424429fee0ab075c4dbf0cf366e7ac836e0644c89d"",""trial"":{""baseline_rss_bytes"":3624628224,""end_to_end_ms"":544.6134,""ended_monotonic_ns"":200368916675400,""gpu_memory"":{""reason"":""CPU-only timed workload"",""status"":""not_applicable""},""inclusive_stage_ms"":{""checkpoint_and_input_io"":0.0,""rollout"":544.5704,""terrain_io_and_query"":0.0},""memory_sample_seconds"":0.01,""process_lifetime_peak_rss_bytes"":18618798080,""sampled_peak_increment_bytes"":20480,""sampled_peak_rss_bytes"":3624648704,""started_monotonic_ns"":200368372062000}}",0,success,,88f49022d88a9dbf6fc7a92f0f160dd5f899f441004fb71831cc41a5cf0ab5e9,1801.0,4246fcf1c725906701b4c9424429fee0ab075c4dbf0cf366e7ac836e0644c89d,544.6134,"{""checkpoint_and_input_io"":0.0,""rollout"":544.5704,""terrain_io_and_query"":0.0}",3624648704,18618798080,True,Sampled process RSS is a lower bound; process lifetime peak is not per-trial peak. CPU only.
NEX326-methods,arm-21/crn,f062cc89d2168b1bc3ac1114d578c6f79550927cf7882902957c1ec43de1a2ae,runtime_cold,"{""actual_horizon_seconds"":1801.0,""hardware_sha256"":""4246fcf1c725906701b4c9424429fee0ab075c4dbf0cf366e7ac836e0644c89d"",""trial"":{""baseline_rss_bytes"":3624628224,""end_to_end_ms"":510.8988,""ended_monotonic_ns"":200370326675600,""gpu_memory"":{""reason"":""CPU-only timed workload"",""status"":""not_applicable""},""inclusive_stage_ms"":{""checkpoint_and_input_io"":0.0,""rollout"":510.8573,""terrain_io_and_query"":0.0},""memory_sample_seconds"":0.01,""process_lifetime_peak_rss_bytes"":18618798080,""sampled_peak_increment_bytes"":20480,""sampled_peak_rss_bytes"":3624648704,""started_monotonic_ns"":200369815776800}}",1,success,,de3567e6ba2f065a30604a163b257aae94bd4f8f398d596484ccf26f1203c878,1801.0,4246fcf1c725906701b4c9424429fee0ab075c4dbf0cf366e7ac836e0644c89d,510.8988,"{""checkpoint_and_input_io"":0.0,""rollout"":510.8573,""terrain_io_and_query"":0.0}",3624648704,18618798080,True,Sampled process RSS is a lower bound; process lifetime peak is not per-trial peak. CPU only.
NEX326-methods,arm-21/crn,58fb19dc7b440d810d8275d9fc03ebaf7f32ffe100de363de127c3d3b0d59f50,runtime_cold,"{""actual_horizon_seconds"":1801.0,""hardware_sha256"":""4246fcf1c725906701b4c9424429fee0ab075c4dbf0cf366e7ac836e0644c89d"",""trial"":{""baseline_rss_bytes"":3624628224,""end_to_end_ms"":529.586,""ended_monotonic_ns"":200371712294800,""gpu_memory"":{""reason"":""CPU-only timed workload"",""status"":""not_applicable""},""inclusive_stage_ms"":{""checkpoint_and_input_io"":0.0,""rollout"":529.5528,""terrain_io_and_query"":0.0},""memory_sample_seconds"":0.01,""process_lifetime_peak_rss_bytes"":18618798080,""sampled_peak_increment_bytes"":20480,""sampled_peak_rss_bytes"":3624648704,""started_monotonic_ns"":200371182708800}}",2,success,,e34685cd41cbea180c0994ef5067015d09b23c037acc9e5ad837cb31e187e8e7,1801.0,4246fcf1c725906701b4c9424429fee0ab075c4dbf0cf366e7ac836e0644c89d,529.586,"{""checkpoint_and_input_io"":0.0,""rollout"":529.5528,""terrain_io_and_query"":0.0}",3624648704,18618798080,True,Sampled process RSS is a lower bound; process lifetime peak is not per-trial peak. CPU only.
NEX326-methods,arm-21/crn,47e9c24359da3d7652636e8f8d0c91cab2452834219c025c6d5789a18b00cd59,runtime_cold,"{""actual_horizon_seconds"":1801.0,""hardware_sha256"":""4246fcf1c725906701b4c9424429fee0ab075c4dbf0cf366e7ac836e0644c89d"",""trial"":{""baseline_rss_bytes"":3624628224,""end_to_end_ms"":530.884,""ended_monotonic_ns"":200373026874800,""gpu_memory"":{""reason"":""CPU-only timed workload"",""status"":""not_applicable""},""inclusive_stage_ms"":{""checkpoint_and_input_io"":0.0,""rollout"":530.8527,""terrain_io_and_query"":0.0},""memory_sample_seconds"":0.01,""process_lifetime_peak_rss_bytes"":18618798080,""sampled_peak_increment_bytes"":32768,""sampled_peak_rss_bytes"":3624660992,""started_monotonic_ns"":200372495990800}}",3,success,,c34fd520aea896946ea68536449ce6e860cc6acf8ebea420214ec4824a96b47f,1801.0,4246fcf1c725906701b4c9424429fee0ab075c4dbf0cf366e7ac836e0644c89d,530.884,"{""checkpoint_and_input_io"":0.0,""rollout"":530.8527,""terrain_io_and_query"":0.0}",3624660992,18618798080,True,Sampled process RSS is a lower bound; process lifetime peak is not per-trial peak. CPU only.
NEX326-methods,arm-21/crn,690018b7350ba6e8bf518e07a0eabcb9444ac4ce0abf59e0d73f05409c8935e5,runtime_cold,"{""actual_horizon_seconds"":1801.0,""hardware_sha256"":""4246fcf1c725906701b4c9424429fee0ab075c4dbf0cf366e7ac836e0644c89d"",""trial"":{""baseline_rss_bytes"":3624640512,""end_to_end_ms"":633.3302,""ended_monotonic_ns"":200374452594900,""gpu_memory"":{""reason"":""CPU-only timed workload"",""status"":""not_applicable""},""inclusive_stage_ms"":{""checkpoint_and_input_io"":0.0,""rollout"":633.2963,""terrain_io_and_query"":0.0},""memory_sample_seconds"":0.01,""process_lifetime_peak_rss_bytes"":18618798080,""sampled_peak_increment_bytes"":32768,""sampled_peak_rss_bytes"":3624673280,""started_monotonic_ns"":200373819264700}}",4,success,,1e91651d4d0e0fdda7106166a1f4d3d0bd901687add43d1c9c0eeae688cc8b10,1801.0,4246fcf1c725906701b4c9424429fee0ab075c4dbf0cf366e7ac836e0644c89d,633.3302,"{""checkpoint_and_input_io"":0.0,""rollout"":633.2963,""terrain_io_and_query"":0.0}",3624673280,18618798080,True,Sampled process RSS is a lower bound; process lifetime peak is not per-trial peak. CPU only.
NEX326-methods,arm-21/crn,eeead99dba74fdf75fcfc98e703e2475bd41e87b3631f6bc534d3b324b06dc09,runtime_warm,"{""actual_horizon_seconds"":1801.0,""hardware_sha256"":""4246fcf1c725906701b4c9424429fee0ab075c4dbf0cf366e7ac836e0644c89d"",""trial"":{""baseline_rss_bytes"":3624652800,""end_to_end_ms"":529.0273,""ended_monotonic_ns"":200377170193000,""gpu_memory"":{""reason"":""CPU-only timed workload"",""status"":""not_applicable""},""inclusive_stage_ms"":{""checkpoint_and_input_io"":0.0,""rollout"":528.9969,""terrain_io_and_query"":0.0},""memory_sample_seconds"":0.01,""process_lifetime_peak_rss_bytes"":18618798080,""sampled_peak_increment_bytes"":20480,""sampled_peak_rss_bytes"":3624673280,""started_monotonic_ns"":200376641165700}}",0,success,True,dc3b407cc269000e737c1b9df6fd9ed9945d92cbaf2e89882dbba8dbd0bec8ff,1801.0,4246fcf1c725906701b4c9424429fee0ab075c4dbf0cf366e7ac836e0644c89d,529.0273,"{""checkpoint_and_input_io"":0.0,""rollout"":528.9969,""terrain_io_and_query"":0.0}",3624673280,18618798080,True,Sampled process RSS is a lower bound; process lifetime peak is not per-trial peak. CPU only.
NEX326-methods,arm-21/crn,351540937794931e80c4ef15c83d8d74aa6061a28f82c08c2faedbf6118cb6d1,runtime_warm,"{""actual_horizon_seconds"":1801.0,""hardware_sha256"":""4246fcf1c725906701b4c9424429fee0ab075c4dbf0cf366e7ac836e0644c89d"",""trial"":{""baseline_rss_bytes"":3624652800,""end_to_end_ms"":546.2491,""ended_monotonic_ns"":200378512707800,""gpu_memory"":{""reason"":""CPU-only timed workload"",""status"":""not_applicable""},""inclusive_stage_ms"":{""checkpoint_and_input_io"":0.0,""rollout"":546.2194,""terrain_io_and_query"":0.0},""memory_sample_seconds"":0.01,""process_lifetime_peak_rss_bytes"":18618798080,""sampled_peak_increment_bytes"":20480,""sampled_peak_rss_bytes"":3624673280,""started_monotonic_ns"":200377966458700}}",1,success,True,7223ce10f4fd735e7bc31bca4ffe4818f04b2072c48666cce927778e145b2daa,1801.0,4246fcf1c725906701b4c9424429fee0ab075c4dbf0cf366e7ac836e0644c89d,546.2491,"{""checkpoint_and_input_io"":0.0,""rollout"":546.2194,""terrain_io_and_query"":0.0}",3624673280,18618798080,True,Sampled process RSS is a lower bound; process lifetime peak is not per-trial peak. CPU only.
NEX326-methods,arm-21/crn,a085cca407fcad1917717b6d099de419fbc29ecce0b547be7850dcf0a20e879e,runtime_warm,"{""actual_horizon_seconds"":1801.0,""hardware_sha256"":""4246fcf1c725906701b4c9424429fee0ab075c4dbf0cf366e7ac836e0644c89d"",""trial"":{""baseline_rss_bytes"":3624652800,""end_to_end_ms"":543.0639,""ended_monotonic_ns"":200379861051100,""gpu_memory"":{""reason"":""CPU-only timed workload"",""status"":""not_applicable""},""inclusive_stage_ms"":{""checkpoint_and_input_io"":0.0,""rollout"":543.0323,""terrain_io_and_query"":0.0},""memory_sample_seconds"":0.01,""process_lifetime_peak_rss_bytes"":18618798080,""sampled_peak_increment_bytes"":24576,""sampled_peak_rss_bytes"":3624677376,""started_monotonic_ns"":200379317987200}}",2,success,True,729e5d6f8807e6b4c674287ce8fcdda60b039aa88d9864763f2a1d0911e7f72c,1801.0,4246fcf1c725906701b4c9424429fee0ab075c4dbf0cf366e7ac836e0644c89d,543.0639,"{""checkpoint_and_input_io"":0.0,""rollout"":543.0323,""terrain_io_and_query"":0.0}",3624677376,18618798080,True,Sampled process RSS is a lower bound; process lifetime peak is not per-trial peak. CPU only.
NEX326-methods,arm-21/crn,74f13d67970d766c04b307b30329671605338631fc93bdb2807f95022b3b9eb6,runtime_warm,"{""actual_horizon_seconds"":1801.0,""hardware_sha256"":""4246fcf1c725906701b4c9424429fee0ab075c4dbf0cf366e7ac836e0644c89d"",""trial"":{""baseline_rss_bytes"":3624656896,""end_to_end_ms"":531.7368,""ended_monotonic_ns"":200381233726100,""gpu_memory"":{""reason"":""CPU-only timed workload"",""status"":""not_applicable""},""inclusive_stage_ms"":{""checkpoint_and_input_io"":0.0,""rollout"":531.7036,""terrain_io_and_query"":0.0},""memory_sample_seconds"":0.01,""process_lifetime_peak_rss_bytes"":18618798080,""sampled_peak_increment_bytes"":24576,""sampled_peak_rss_bytes"":3624681472,""started_monotonic_ns"":200380701989300}}",3,success,True,3541e6b6cd6e2a5d7c72e4ff10a1883b30f5c8e60e08d5c6df43c201b18f00aa,1801.0,4246fcf1c725906701b4c9424429fee0ab075c4dbf0cf366e7ac836e0644c89d,531.7368,"{""checkpoint_and_input_io"":0.0,""rollout"":531.7036,""terrain_io_and_query"":0.0}",3624681472,18618798080,True,Sampled process RSS is a lower bound; process lifetime peak is not per-trial peak. CPU only.
NEX326-methods,arm-21/crn,4d75ddb2693cc1202e3dda528f595370e9b8d5b9f71922a7343fe07ca5a8e3a9,runtime_warm,"{""actual_horizon_seconds"":1801.0,""hardware_sha256"":""4246fcf1c725906701b4c9424429fee0ab075c4dbf0cf366e7ac836e0644c89d"",""trial"":{""baseline_rss_bytes"":3624660992,""end_to_end_ms"":538.2094,""ended_monotonic_ns"":200382564030500,""gpu_memory"":{""reason"":""CPU-only timed workload"",""status"":""not_applicable""},""inclusive_stage_ms"":{""checkpoint_and_input_io"":0.0,""rollout"":538.1764,""terrain_io_and_query"":0.0},""memory_sample_seconds"":0.01,""process_lifetime_peak_rss_bytes"":18618798080,""sampled_peak_increment_bytes"":20480,""sampled_peak_rss_bytes"":3624681472,""started_monotonic_ns"":200382025821100}}",4,success,True,0959d8a37626f8a67b89f6b9fe3e7cbb8e71a30d3e1cbfc39c542cac20b980ad,1801.0,4246fcf1c725906701b4c9424429fee0ab075c4dbf0cf366e7ac836e0644c89d,538.2094,"{""checkpoint_and_input_io"":0.0,""rollout"":538.1764,""terrain_io_and_query"":0.0}",3624681472,18618798080,True,Sampled process RSS is a lower bound; process lifetime peak is not per-trial peak. CPU only.
NEX326-methods,arm-21/crn,75536ffd05b2dc41bdf313ae4666b250caf4ef3a94008944a75ff4f4a5c8873d,runtime_warmup,"{""actual_horizon_seconds"":1801.0,""hardware_sha256"":""4246fcf1c725906701b4c9424429fee0ab075c4dbf0cf366e7ac836e0644c89d"",""trial"":{""baseline_rss_bytes"":3624652800,""end_to_end_ms"":507.4091,""ended_monotonic_ns"":200375801823800,""gpu_memory"":{""reason"":""CPU-only timed workload"",""status"":""not_applicable""},""inclusive_stage_ms"":{""checkpoint_and_input_io"":0.0,""rollout"":507.3725,""terrain_io_and_query"":0.0},""memory_sample_seconds"":0.01,""process_lifetime_peak_rss_bytes"":18618798080,""sampled_peak_increment_bytes"":20480,""sampled_peak_rss_bytes"":3624673280,""started_monotonic_ns"":200375294414700}}",0,success,,2abf9a93bc751d734f7510d3691dd533e8d69a5e80211251463dc62f0e924284,1801.0,4246fcf1c725906701b4c9424429fee0ab075c4dbf0cf366e7ac836e0644c89d,507.4091,"{""checkpoint_and_input_io"":0.0,""rollout"":507.3725,""terrain_io_and_query"":0.0}",3624673280,18618798080,False,Sampled process RSS is a lower bound; process lifetime peak is not per-trial peak. CPU only.
NEX326-methods,arm-21/mc,60452647d33348d6b8aa4bfb4bcb863c11a802715cfbc1c04173d5163d1601f9,runtime_cold,"{""actual_horizon_seconds"":1801.0,""hardware_sha256"":""4246fcf1c725906701b4c9424429fee0ab075c4dbf0cf366e7ac836e0644c89d"",""trial"":{""baseline_rss_bytes"":3624660992,""end_to_end_ms"":517.3418,""ended_monotonic_ns"":200385320209600,""gpu_memory"":{""reason"":""CPU-only timed workload"",""status"":""not_applicable""},""inclusive_stage_ms"":{""checkpoint_and_input_io"":0.0,""rollout"":517.3112,""terrain_io_and_query"":0.0},""memory_sample_seconds"":0.01,""process_lifetime_peak_rss_bytes"":18618798080,""sampled_peak_increment_bytes"":20480,""sampled_peak_rss_bytes"":3624681472,""started_monotonic_ns"":200384802867800}}",0,success,,9931910ea6b74bbf495ee771e9d955267c89b56ca3eff91d6ddb450d94a46348,1801.0,4246fcf1c725906701b4c9424429fee0ab075c4dbf0cf366e7ac836e0644c89d,517.3418,"{""checkpoint_and_input_io"":0.0,""rollout"":517.3112,""terrain_io_and_query"":0.0}",3624681472,18618798080,True,Sampled process RSS is a lower bound; process lifetime peak is not per-trial peak. CPU only.
NEX326-methods,arm-21/mc,22e478a3a9b23419cf3aed71c1d7ad53be14e74424bbba7214e0f2e6c3c0e68c,runtime_cold,"{""actual_horizon_seconds"":1801.0,""hardware_sha256"":""4246fcf1c725906701b4c9424429fee0ab075c4dbf0cf366e7ac836e0644c89d"",""trial"":{""baseline_rss_bytes"":3624660992,""end_to_end_ms"":497.0972,""ended_monotonic_ns"":200386622797800,""gpu_memory"":{""reason"":""CPU-only timed workload"",""status"":""not_applicable""},""inclusive_stage_ms"":{""checkpoint_and_input_io"":0.0,""rollout"":497.0635,""terrain_io_and_query"":0.0},""memory_sample_seconds"":0.01,""process_lifetime_peak_rss_bytes"":18618798080,""sampled_peak_increment_bytes"":20480,""sampled_peak_rss_bytes"":3624681472,""started_monotonic_ns"":200386125700600}}",1,success,,bb7feb737968f2cdd809de0e58548b9fae83240f33fb7570a60868b4d81f175e,1801.0,4246fcf1c725906701b4c9424429fee0ab075c4dbf0cf366e7ac836e0644c89d,497.0972,"{""checkpoint_and_input_io"":0.0,""rollout"":497.0635,""terrain_io_and_query"":0.0}",3624681472,18618798080,True,Sampled process RSS is a lower bound; process lifetime peak is not per-trial peak. CPU only.
NEX326-methods,arm-21/mc,42171293821fdbfa34e9f1666cfae0dc1c2e1888fcd1d6a768e9b6e8fc76fa89,runtime_cold,"{""actual_horizon_seconds"":1801.0,""hardware_sha256"":""4246fcf1c725906701b4c9424429fee0ab075c4dbf0cf366e7ac836e0644c89d"",""trial"":{""baseline_rss_bytes"":3624660992,""end_to_end_ms"":528.706,""ended_monotonic_ns"":200388050413200,""gpu_memory"":{""reason"":""CPU-only timed workload"",""status"":""not_applicable""},""inclusive_stage_ms"":{""checkpoint_and_input_io"":0.0,""rollout"":528.6766,""terrain_io_and_query"":0.0},""memory_sample_seconds"":0.01,""process_lifetime_peak_rss_bytes"":18618798080,""sampled_peak_increment_bytes"":20480,""sampled_peak_rss_bytes"":3624681472,""started_monotonic_ns"":200387521707200}}",2,success,,ce1b1b1621c7bcc09373ec051c61305fda387915cc118417960815fdc22dda51,1801.0,4246fcf1c725906701b4c9424429fee0ab075c4dbf0cf366e7ac836e0644c89d,528.706,"{""checkpoint_and_input_io"":0.0,""rollout"":528.6766,""terrain_io_and_query"":0.0}",3624681472,18618798080,True,Sampled process RSS is a lower bound; process lifetime peak is not per-trial peak. CPU only.
NEX326-methods,arm-21/mc,378125e45d8840a9a8683c4cc3eb384775f826bf04708cef7ed6956fdbc003c0,runtime_cold,"{""actual_horizon_seconds"":1801.0,""hardware_sha256"":""4246fcf1c725906701b4c9424429fee0ab075c4dbf0cf366e7ac836e0644c89d"",""trial"":{""baseline_rss_bytes"":3624660992,""end_to_end_ms"":524.0362,""ended_monotonic_ns"":200389449976400,""gpu_memory"":{""reason"":""CPU-only timed workload"",""status"":""not_applicable""},""inclusive_stage_ms"":{""checkpoint_and_input_io"":0.0,""rollout"":524.0048,""terrain_io_and_query"":0.0},""memory_sample_seconds"":0.01,""process_lifetime_peak_rss_bytes"":18618798080,""sampled_peak_increment_bytes"":20480,""sampled_peak_rss_bytes"":3624681472,""started_monotonic_ns"":200388925940200}}",3,success,,9bfe396ae64f40c087dd580dc93a611afbe52f631bb2232c8f3d7fd498199c3d,1801.0,4246fcf1c725906701b4c9424429fee0ab075c4dbf0cf366e7ac836e0644c89d,524.0362,"{""checkpoint_and_input_io"":0.0,""rollout"":524.0048,""terrain_io_and_query"":0.0}",3624681472,18618798080,True,Sampled process RSS is a lower bound; process lifetime peak is not per-trial peak. CPU only.
NEX326-methods,arm-21/mc,77f256712f79a28f8a48497713b69d19eb50513c3973bc4b00aef12db118e392,runtime_cold,"{""actual_horizon_seconds"":1801.0,""hardware_sha256"":""4246fcf1c725906701b4c9424429fee0ab075c4dbf0cf366e7ac836e0644c89d"",""trial"":{""baseline_rss_bytes"":3624660992,""end_to_end_ms"":551.9881,""ended_monotonic_ns"":200390828240700,""gpu_memory"":{""reason"":""CPU-only timed workload"",""status"":""not_applicable""},""inclusive_stage_ms"":{""checkpoint_and_input_io"":0.0,""rollout"":551.9585,""terrain_io_and_query"":0.0},""memory_sample_seconds"":0.01,""process_lifetime_peak_rss_bytes"":18618798080,""sampled_peak_increment_bytes"":20480,""sampled_peak_rss_bytes"":3624681472,""started_monotonic_ns"":200390276252600}}",4,success,,96e165cca3cf3e0bd97e660fc616b8d985da04625b8558c265b2b375198ff70a,1801.0,4246fcf1c725906701b4c9424429fee0ab075c4dbf0cf366e7ac836e0644c89d,551.9881,"{""checkpoint_and_input_io"":0.0,""rollout"":551.9585,""terrain_io_and_query"":0.0}",3624681472,18618798080,True,Sampled process RSS is a lower bound; process lifetime peak is not per-trial peak. CPU only.
NEX326-methods,arm-21/mc,66b02ade7e3f3ce22b6fea987b541af353b9e96fc6a85d447c9151bb78fc65d8,runtime_warm,"{""actual_horizon_seconds"":1801.0,""hardware_sha256"":""4246fcf1c725906701b4c9424429fee0ab075c4dbf0cf366e7ac836e0644c89d"",""trial"":{""baseline_rss_bytes"":3624660992,""end_to_end_ms"":551.4022,""ended_monotonic_ns"":200393679171500,""gpu_memory"":{""reason"":""CPU-only timed workload"",""status"":""not_applicable""},""inclusive_stage_ms"":{""checkpoint_and_input_io"":0.0,""rollout"":551.3688,""terrain_io_and_query"":0.0},""memory_sample_seconds"":0.01,""process_lifetime_peak_rss_bytes"":18618798080,""sampled_peak_increment_bytes"":20480,""sampled_peak_rss_bytes"":3624681472,""started_monotonic_ns"":200393127769300}}",0,success,True,a63894666bef13285e9cbe927c6ca1c29ac672d3d7b7d7d411feed7aaeadb826,1801.0,4246fcf1c725906701b4c9424429fee0ab075c4dbf0cf366e7ac836e0644c89d,551.4022,"{""checkpoint_and_input_io"":0.0,""rollout"":551.3688,""terrain_io_and_query"":0.0}",3624681472,18618798080,True,Sampled process RSS is a lower bound; process lifetime peak is not per-trial peak. CPU only.
NEX326-methods,arm-21/mc,582db232f962013a1a365b89324f4d85890619b989ef284b97ba8874b326971d,runtime_warm,"{""actual_horizon_seconds"":1801.0,""hardware_sha256"":""4246fcf1c725906701b4c9424429fee0ab075c4dbf0cf366e7ac836e0644c89d"",""trial"":{""baseline_rss_bytes"":3624660992,""end_to_end_ms"":571.2002,""ended_monotonic_ns"":200395036796700,""gpu_memory"":{""reason"":""CPU-only timed workload"",""status"":""not_applicable""},""inclusive_stage_ms"":{""checkpoint_and_input_io"":0.0,""rollout"":571.1603,""terrain_io_and_query"":0.0},""memory_sample_seconds"":0.01,""process_lifetime_peak_rss_bytes"":18618798080,""sampled_peak_increment_bytes"":20480,""sampled_peak_rss_bytes"":3624681472,""started_monotonic_ns"":200394465596500}}",1,success,True,7829447628223a91ca4cf0345f535ee5ba3c0f144477327c5ebe959132ad43f1,1801.0,4246fcf1c725906701b4c9424429fee0ab075c4dbf0cf366e7ac836e0644c89d,571.2002,"{""checkpoint_and_input_io"":0.0,""rollout"":571.1603,""terrain_io_and_query"":0.0}",3624681472,18618798080,True,Sampled process RSS is a lower bound; process lifetime peak is not per-trial peak. CPU only.
NEX326-methods,arm-21/mc,85c46ee917e94ca59484540bc4f3810a6ada2b4aefbe16b800c21b29a4717719,runtime_warm,"{""actual_horizon_seconds"":1801.0,""hardware_sha256"":""4246fcf1c725906701b4c9424429fee0ab075c4dbf0cf366e7ac836e0644c89d"",""trial"":{""baseline_rss_bytes"":3624660992,""end_to_end_ms"":518.4782,""ended_monotonic_ns"":200396497069300,""gpu_memory"":{""reason"":""CPU-only timed workload"",""status"":""not_applicable""},""inclusive_stage_ms"":{""checkpoint_and_input_io"":0.0,""rollout"":518.4454,""terrain_io_and_query"":0.0},""memory_sample_seconds"":0.01,""process_lifetime_peak_rss_bytes"":18618798080,""sampled_peak_increment_bytes"":20480,""sampled_peak_rss_bytes"":3624681472,""started_monotonic_ns"":200395978591100}}",2,success,True,cddc2ceafc6ed4f920cca34cd13153830753c1ea637450b6157625dfd21bdb2f,1801.0,4246fcf1c725906701b4c9424429fee0ab075c4dbf0cf366e7ac836e0644c89d,518.4782,"{""checkpoint_and_input_io"":0.0,""rollout"":518.4454,""terrain_io_and_query"":0.0}",3624681472,18618798080,True,Sampled process RSS is a lower bound; process lifetime peak is not per-trial peak. CPU only.
NEX326-methods,arm-21/mc,50d786aebbb64100e0f96f704d00610e240702349c2ade47266bdb7c3a8e3694,runtime_warm,"{""actual_horizon_seconds"":1801.0,""hardware_sha256"":""4246fcf1c725906701b4c9424429fee0ab075c4dbf0cf366e7ac836e0644c89d"",""trial"":{""baseline_rss_bytes"":3624660992,""end_to_end_ms"":564.6185,""ended_monotonic_ns"":200397940321800,""gpu_memory"":{""reason"":""CPU-only timed workload"",""status"":""not_applicable""},""inclusive_stage_ms"":{""checkpoint_and_input_io"":0.0,""rollout"":564.5804,""terrain_io_and_query"":0.0},""memory_sample_seconds"":0.01,""process_lifetime_peak_rss_bytes"":18618798080,""sampled_peak_increment_bytes"":20480,""sampled_peak_rss_bytes"":3624681472,""started_monotonic_ns"":200397375703300}}",3,success,True,e283bf6c790d50e345aed5f7bcb5dbfbbfe5ade4224fcbcab24eee41248d3039,1801.0,4246fcf1c725906701b4c9424429fee0ab075c4dbf0cf366e7ac836e0644c89d,564.6185,"{""checkpoint_and_input_io"":0.0,""rollout"":564.5804,""terrain_io_and_query"":0.0}",3624681472,18618798080,True,Sampled process RSS is a lower bound; process lifetime peak is not per-trial peak. CPU only.
NEX326-methods,arm-21/mc,fa9531f5540b221b66745d2d0d91734ae8595a7c673fda0a32732855a738ebf3,runtime_warm,"{""actual_horizon_seconds"":1801.0,""hardware_sha256"":""4246fcf1c725906701b4c9424429fee0ab075c4dbf0cf366e7ac836e0644c89d"",""trial"":{""baseline_rss_bytes"":3624660992,""end_to_end_ms"":536.1155,""ended_monotonic_ns"":200399344625100,""gpu_memory"":{""reason"":""CPU-only timed workload"",""status"":""not_applicable""},""inclusive_stage_ms"":{""checkpoint_and_input_io"":0.0,""rollout"":536.0783,""terrain_io_and_query"":0.0},""memory_sample_seconds"":0.01,""process_lifetime_peak_rss_bytes"":18618798080,""sampled_peak_increment_bytes"":20480,""sampled_peak_rss_bytes"":3624681472,""started_monotonic_ns"":200398808509600}}",4,success,True,72d526ac960cf3a525e50f45b5aa31b36b3f2f715acb3c4a38a54f4f1ff1151a,1801.0,4246fcf1c725906701b4c9424429fee0ab075c4dbf0cf366e7ac836e0644c89d,536.1155,"{""checkpoint_and_input_io"":0.0,""rollout"":536.0783,""terrain_io_and_query"":0.0}",3624681472,18618798080,True,Sampled process RSS is a lower bound; process lifetime peak is not per-trial peak. CPU only.
NEX326-methods,arm-21/mc,3940181ec769675958d0fee3e1a4b4cf978bca5150520728613ebe2f79eb2075,runtime_warmup,"{""actual_horizon_seconds"":1801.0,""hardware_sha256"":""4246fcf1c725906701b4c9424429fee0ab075c4dbf0cf366e7ac836e0644c89d"",""trial"":{""baseline_rss_bytes"":3624660992,""end_to_end_ms"":529.2883,""ended_monotonic_ns"":200392265253700,""gpu_memory"":{""reason"":""CPU-only timed workload"",""status"":""not_applicable""},""inclusive_stage_ms"":{""checkpoint_and_input_io"":0.0,""rollout"":529.2557,""terrain_io_and_query"":0.0},""memory_sample_seconds"":0.01,""process_lifetime_peak_rss_bytes"":18618798080,""sampled_peak_increment_bytes"":20480,""sampled_peak_rss_bytes"":3624681472,""started_monotonic_ns"":200391735965400}}",0,success,,3ad83986aa676c039ca859c3b2a1d5d77a5af67cb92bd748d52b6bb62498d778,1801.0,4246fcf1c725906701b4c9424429fee0ab075c4dbf0cf366e7ac836e0644c89d,529.2883,"{""checkpoint_and_input_io"":0.0,""rollout"":529.2557,""terrain_io_and_query"":0.0}",3624681472,18618798080,False,Sampled process RSS is a lower bound; process lifetime peak is not per-trial peak. CPU only.
terrain,all-terrain,2d8c6faea3bec8e4811daeecc0585526fba4a5ca43c2660ea47cfe98398cec10,runtime_cold,"{""actual_horizon_seconds"":1801.0,""hardware_sha256"":""4246fcf1c725906701b4c9424429fee0ab075c4dbf0cf366e7ac836e0644c89d"",""trial"":{""baseline_rss_bytes"":3616899072,""end_to_end_ms"":403957.7597,""ended_monotonic_ns"":201096916197800,""gpu_memory"":{""reason"":""CPU-only timed workload"",""status"":""not_applicable""},""inclusive_stage_ms"":{""checkpoint_and_input_io"":1618.8082,""rollout"":402338.8664,""terrain_io_and_query"":382868.80350000015},""memory_sample_seconds"":0.01,""process_lifetime_peak_rss_bytes"":18618798080,""sampled_peak_increment_bytes"":1429794816,""sampled_peak_rss_bytes"":5046693888,""started_monotonic_ns"":200692958438100}}",0,success,,c889e99bcbe9b49ad09403a74acdb5ff516f5a63d70ce57639f82b73962acb8b,1801.0,4246fcf1c725906701b4c9424429fee0ab075c4dbf0cf366e7ac836e0644c89d,403957.7597,"{""checkpoint_and_input_io"":1618.8082,""rollout"":402338.8664,""terrain_io_and_query"":382868.80350000015}",5046693888,18618798080,True,Sampled process RSS is a lower bound; process lifetime peak is not per-trial peak. CPU only.
terrain,all-terrain,159b85e365cc6d3b82ac6b0c7604063b5b36bfd974e30ac6a94e95643ab8c893,runtime_cold,"{""actual_horizon_seconds"":1801.0,""hardware_sha256"":""4246fcf1c725906701b4c9424429fee0ab075c4dbf0cf366e7ac836e0644c89d"",""trial"":{""baseline_rss_bytes"":4122476544,""end_to_end_ms"":544280.3561,""ended_monotonic_ns"":201645697606800,""gpu_memory"":{""reason"":""CPU-only timed workload"",""status"":""not_applicable""},""inclusive_stage_ms"":{""checkpoint_and_input_io"":1180.8547,""rollout"":543099.3812,""terrain_io_and_query"":515732.9964999998},""memory_sample_seconds"":0.01,""process_lifetime_peak_rss_bytes"":18618798080,""sampled_peak_increment_bytes"":1131642880,""sampled_peak_rss_bytes"":5254119424,""started_monotonic_ns"":201101417250700}}",1,success,,ed1ce44fde15a5738e6dc5e136863195a9984cb6644022020c5cfa9c5786876e,1801.0,4246fcf1c725906701b4c9424429fee0ab075c4dbf0cf366e7ac836e0644c89d,544280.3561,"{""checkpoint_and_input_io"":1180.8547,""rollout"":543099.3812,""terrain_io_and_query"":515732.9964999998}",5254119424,18618798080,True,Sampled process RSS is a lower bound; process lifetime peak is not per-trial peak. CPU only.
terrain,all-terrain,b1aa2120801881dd9ba5f920743dc9645f435e4dfcb73f67451102160552bcc9,runtime_cold,"{""actual_horizon_seconds"":1801.0,""hardware_sha256"":""4246fcf1c725906701b4c9424429fee0ab075c4dbf0cf366e7ac836e0644c89d"",""trial"":{""baseline_rss_bytes"":4239388672,""end_to_end_ms"":582214.6695,""ended_monotonic_ns"":202234260359400,""gpu_memory"":{""reason"":""CPU-only timed workload"",""status"":""not_applicable""},""inclusive_stage_ms"":{""checkpoint_and_input_io"":1412.6978,""rollout"":580801.883,""terrain_io_and_query"":552936.2338000003},""memory_sample_seconds"":0.01,""process_lifetime_peak_rss_bytes"":18618798080,""sampled_peak_increment_bytes"":1054359552,""sampled_peak_rss_bytes"":5293748224,""started_monotonic_ns"":201652045689900}}",2,success,,43d77fd21a928c8d0efe0a5b953b8d806c54b04ed7e0dee0f322349103ee0c47,1801.0,4246fcf1c725906701b4c9424429fee0ab075c4dbf0cf366e7ac836e0644c89d,582214.6695,"{""checkpoint_and_input_io"":1412.6978,""rollout"":580801.883,""terrain_io_and_query"":552936.2338000003}",5293748224,18618798080,True,Sampled process RSS is a lower bound; process lifetime peak is not per-trial peak. CPU only.
terrain,all-terrain,50f49474aa4f18d7405641fb42c32442def43b95dbb46ae035f8a8c18dfca95f,runtime_cold,"{""actual_horizon_seconds"":1801.0,""hardware_sha256"":""4246fcf1c725906701b4c9424429fee0ab075c4dbf0cf366e7ac836e0644c89d"",""trial"":{""baseline_rss_bytes"":4314681344,""end_to_end_ms"":3000463.8613,""ended_monotonic_ns"":205241726040100,""gpu_memory"":{""reason"":""CPU-only timed workload"",""status"":""not_applicable""},""inclusive_stage_ms"":{""checkpoint_and_input_io"":1393.9163,""rollout"":2999069.8579,""terrain_io_and_query"":510773.7220999996},""memory_sample_seconds"":0.01,""process_lifetime_peak_rss_bytes"":18618798080,""sampled_peak_increment_bytes"":1016696832,""sampled_peak_rss_bytes"":5331378176,""started_monotonic_ns"":202241262178800}}",3,success,,88838a7dc8a8fe7f2cb70937d530222cffd86b98e6d9b1e24b03933157970f49,1801.0,4246fcf1c725906701b4c9424429fee0ab075c4dbf0cf366e7ac836e0644c89d,3000463.8613,"{""checkpoint_and_input_io"":1393.9163,""rollout"":2999069.8579,""terrain_io_and_query"":510773.7220999996}",5331378176,18618798080,True,Sampled process RSS is a lower bound; process lifetime peak is not per-trial peak. CPU only.
terrain,all-terrain,f78b2b6b641d48e1db0f0cc13e9fbc42f2e973fd74c83ae5421863630b9d9c55,runtime_cold,"{""actual_horizon_seconds"":1801.0,""hardware_sha256"":""4246fcf1c725906701b4c9424429fee0ab075c4dbf0cf366e7ac836e0644c89d"",""trial"":{""baseline_rss_bytes"":4353396736,""end_to_end_ms"":485192.8585,""ended_monotonic_ns"":205731973985600,""gpu_memory"":{""reason"":""CPU-only timed workload"",""status"":""not_applicable""},""inclusive_stage_ms"":{""checkpoint_and_input_io"":1266.9025,""rollout"":483925.8777,""terrain_io_and_query"":459332.99070000014},""memory_sample_seconds"":0.01,""process_lifetime_peak_rss_bytes"":18618798080,""sampled_peak_increment_bytes"":1033703424,""sampled_peak_rss_bytes"":5387100160,""started_monotonic_ns"":205246781127100}}",4,success,,83d9ba3705499a4da062272ae392ebcc5f29873b995f3c4fdef6dafd9299a68d,1801.0,4246fcf1c725906701b4c9424429fee0ab075c4dbf0cf366e7ac836e0644c89d,485192.8585,"{""checkpoint_and_input_io"":1266.9025,""rollout"":483925.8777,""terrain_io_and_query"":459332.99070000014}",5387100160,18618798080,True,Sampled process RSS is a lower bound; process lifetime peak is not per-trial peak. CPU only.
terrain,all-terrain,c59db08fb369dbf3b7eb8914a0015c4f3f775090cea21702896df307b2f67da3,runtime_warm,"{""actual_horizon_seconds"":1801.0,""hardware_sha256"":""4246fcf1c725906701b4c9424429fee0ab075c4dbf0cf366e7ac836e0644c89d"",""trial"":{""baseline_rss_bytes"":5365178368,""end_to_end_ms"":318229.1292,""ended_monotonic_ns"":206466954291400,""gpu_memory"":{""reason"":""CPU-only timed workload"",""status"":""not_applicable""},""inclusive_stage_ms"":{""checkpoint_and_input_io"":0.0,""rollout"":318229.0814,""terrain_io_and_query"":299911.5550999999},""memory_sample_seconds"":0.01,""process_lifetime_peak_rss_bytes"":18618798080,""sampled_peak_increment_bytes"":8970240,""sampled_peak_rss_bytes"":5374148608,""started_monotonic_ns"":206148725162200}}",0,success,True,0c3baf320f2c90d9eacc7f1d821932c758ca4aa256a67b2ad4788fda4684be6b,1801.0,4246fcf1c725906701b4c9424429fee0ab075c4dbf0cf366e7ac836e0644c89d,318229.1292,"{""checkpoint_and_input_io"":0.0,""rollout"":318229.0814,""terrain_io_and_query"":299911.5550999999}",5374148608,18618798080,True,Sampled process RSS is a lower bound; process lifetime peak is not per-trial peak. CPU only.
terrain,all-terrain,487059e8ee43a0c0d319d15f815190e2a30ffd809f954eb3e211c2a465413e56,runtime_warm,"{""actual_horizon_seconds"":1801.0,""hardware_sha256"":""4246fcf1c725906701b4c9424429fee0ab075c4dbf0cf366e7ac836e0644c89d"",""trial"":{""baseline_rss_bytes"":4395683840,""end_to_end_ms"":337873.3961,""ended_monotonic_ns"":206805784319400,""gpu_memory"":{""reason"":""CPU-only timed workload"",""status"":""not_applicable""},""inclusive_stage_ms"":{""checkpoint_and_input_io"":0.0,""rollout"":337873.3577,""terrain_io_and_query"":318233.8390999998},""memory_sample_seconds"":0.01,""process_lifetime_peak_rss_bytes"":18618798080,""sampled_peak_increment_bytes"":8970240,""sampled_peak_rss_bytes"":4404654080,""started_monotonic_ns"":206467910923300}}",1,success,True,89c587fa68019b7b5a78793cff27dee7d51be241855e293dfa2e4dd3e33ee3df,1801.0,4246fcf1c725906701b4c9424429fee0ab075c4dbf0cf366e7ac836e0644c89d,337873.3961,"{""checkpoint_and_input_io"":0.0,""rollout"":337873.3577,""terrain_io_and_query"":318233.8390999998}",4404654080,18618798080,True,Sampled process RSS is a lower bound; process lifetime peak is not per-trial peak. CPU only.
terrain,all-terrain,13dcc337479213cd1f354b70973d6891cb72756fb061642f5c3e4c7c44dce09a,runtime_warm,"{""actual_horizon_seconds"":1801.0,""hardware_sha256"":""4246fcf1c725906701b4c9424429fee0ab075c4dbf0cf366e7ac836e0644c89d"",""trial"":{""baseline_rss_bytes"":4396339200,""end_to_end_ms"":363794.1419,""ended_monotonic_ns"":207170450666400,""gpu_memory"":{""reason"":""CPU-only timed workload"",""status"":""not_applicable""},""inclusive_stage_ms"":{""checkpoint_and_input_io"":0.0,""rollout"":363794.0808,""terrain_io_and_query"":343838.7529999999},""memory_sample_seconds"":0.01,""process_lifetime_peak_rss_bytes"":18618798080,""sampled_peak_increment_bytes"":8855552,""sampled_peak_rss_bytes"":4405194752,""started_monotonic_ns"":206806656524500}}",2,success,True,1129fc87f9152734bc6fb6f87076b0314cf8395c682ecc8b9f47dd79627a3604,1801.0,4246fcf1c725906701b4c9424429fee0ab075c4dbf0cf366e7ac836e0644c89d,363794.1419,"{""checkpoint_and_input_io"":0.0,""rollout"":363794.0808,""terrain_io_and_query"":343838.7529999999}",4405194752,18618798080,True,Sampled process RSS is a lower bound; process lifetime peak is not per-trial peak. CPU only.
terrain,all-terrain,20bc46506bc271612f71ab64f4c5eaf6e73dfd496362db3eabfb3f67cc0e3afd,runtime_warm,"{""actual_horizon_seconds"":1801.0,""hardware_sha256"":""4246fcf1c725906701b4c9424429fee0ab075c4dbf0cf366e7ac836e0644c89d"",""trial"":{""baseline_rss_bytes"":3441946624,""end_to_end_ms"":461420.6386,""ended_monotonic_ns"":207633129399400,""gpu_memory"":{""reason"":""CPU-only timed workload"",""status"":""not_applicable""},""inclusive_stage_ms"":{""checkpoint_and_input_io"":0.0,""rollout"":461420.6001,""terrain_io_and_query"":436666.1504000001},""memory_sample_seconds"":0.01,""process_lifetime_peak_rss_bytes"":18618798080,""sampled_peak_increment_bytes"":8970240,""sampled_peak_rss_bytes"":3450916864,""started_monotonic_ns"":207171708760800}}",3,success,True,30bee6dbcc2cd886162ebe513e9136cf049a8376cd95a79edecbcb7cce4fc373,1801.0,4246fcf1c725906701b4c9424429fee0ab075c4dbf0cf366e7ac836e0644c89d,461420.6386,"{""checkpoint_and_input_io"":0.0,""rollout"":461420.6001,""terrain_io_and_query"":436666.1504000001}",3450916864,18618798080,True,Sampled process RSS is a lower bound; process lifetime peak is not per-trial peak. CPU only.
terrain,all-terrain,aa116a61b211e2c46d9a293703bd83782acd9e968c2fc1f5dd74c53dd32ee30f,runtime_warm,"{""actual_horizon_seconds"":1801.0,""hardware_sha256"":""4246fcf1c725906701b4c9424429fee0ab075c4dbf0cf366e7ac836e0644c89d"",""trial"":{""baseline_rss_bytes"":2449625088,""end_to_end_ms"":456727.9327,""ended_monotonic_ns"":208091069202300,""gpu_memory"":{""reason"":""CPU-only timed workload"",""status"":""not_applicable""},""inclusive_stage_ms"":{""checkpoint_and_input_io"":0.0,""rollout"":456727.8868,""terrain_io_and_query"":432118.3692999998},""memory_sample_seconds"":0.01,""process_lifetime_peak_rss_bytes"":18618798080,""sampled_peak_increment_bytes"":8970240,""sampled_peak_rss_bytes"":2458595328,""started_monotonic_ns"":207634341269600}}",4,success,True,d6bfe2182ad0e87751bc8adde9220bbaba188777bc0998c94f59364d144398a1,1801.0,4246fcf1c725906701b4c9424429fee0ab075c4dbf0cf366e7ac836e0644c89d,456727.9327,"{""checkpoint_and_input_io"":0.0,""rollout"":456727.8868,""terrain_io_and_query"":432118.3692999998}",2458595328,18618798080,True,Sampled process RSS is a lower bound; process lifetime peak is not per-trial peak. CPU only.
terrain,all-terrain,a09859675ea6e79fcdb1f6fe48ae1d3154d17f1ae5aa526d03f53be738ce8209,runtime_warmup,"{""actual_horizon_seconds"":1801.0,""hardware_sha256"":""4246fcf1c725906701b4c9424429fee0ab075c4dbf0cf366e7ac836e0644c89d"",""trial"":{""baseline_rss_bytes"":4434001920,""end_to_end_ms"":410012.2046,""ended_monotonic_ns"":206147744297100,""gpu_memory"":{""reason"":""CPU-only timed workload"",""status"":""not_applicable""},""inclusive_stage_ms"":{""checkpoint_and_input_io"":1601.739,""rollout"":408410.3711,""terrain_io_and_query"":389285.2546000004},""memory_sample_seconds"":0.01,""process_lifetime_peak_rss_bytes"":18618798080,""sampled_peak_increment_bytes"":954576896,""sampled_peak_rss_bytes"":5388578816,""started_monotonic_ns"":205737732092500}}",0,success,,c17894e1d93542584e655f94356e9e17e742743e057e897d4fc5f69bd11ad025,1801.0,4246fcf1c725906701b4c9424429fee0ab075c4dbf0cf366e7ac836e0644c89d,410012.2046,"{""checkpoint_and_input_io"":1601.739,""rollout"":408410.3711,""terrain_io_and_query"":389285.2546000004}",5388578816,18618798080,False,Sampled process RSS is a lower bound; process lifetime peak is not per-trial peak. CPU only.
terrain,base,55f6e5d1e60904bae242aa501595a6849112074ffc561e192f4802e22e3deec0,runtime_cold,"{""actual_horizon_seconds"":1801.0,""hardware_sha256"":""4246fcf1c725906701b4c9424429fee0ab075c4dbf0cf366e7ac836e0644c89d"",""trial"":{""baseline_rss_bytes"":1242386432,""end_to_end_ms"":3916.1946,""ended_monotonic_ns"":208106522040900,""gpu_memory"":{""reason"":""CPU-only timed workload"",""status"":""not_applicable""},""inclusive_stage_ms"":{""checkpoint_and_input_io"":1181.389,""rollout"":2734.7274,""terrain_io_and_query"":0.0},""memory_sample_seconds"":0.01,""process_lifetime_peak_rss_bytes"":18618798080,""sampled_peak_increment_bytes"":4866048,""sampled_peak_rss_bytes"":1247252480,""started_monotonic_ns"":208102605846300}}",0,success,,270a0b45237358c8b7527cd8cabec2bb6b8fbb3b4c8ce16cb50eab8f1d970488,1801.0,4246fcf1c725906701b4c9424429fee0ab075c4dbf0cf366e7ac836e0644c89d,3916.1946,"{""checkpoint_and_input_io"":1181.389,""rollout"":2734.7274,""terrain_io_and_query"":0.0}",1247252480,18618798080,True,Sampled process RSS is a lower bound; process lifetime peak is not per-trial peak. CPU only.
terrain,base,e9b9223b408f1b19589ce176d464ced6a6dccd809bf724c76e72b8da3b17d838,runtime_cold,"{""actual_horizon_seconds"":1801.0,""hardware_sha256"":""4246fcf1c725906701b4c9424429fee0ab075c4dbf0cf366e7ac836e0644c89d"",""trial"":{""baseline_rss_bytes"":1244164096,""end_to_end_ms"":3208.2437,""ended_monotonic_ns"":208110789623100,""gpu_memory"":{""reason"":""CPU-only timed workload"",""status"":""not_applicable""},""inclusive_stage_ms"":{""checkpoint_and_input_io"":956.6998,""rollout"":2251.4877,""terrain_io_and_query"":0.0},""memory_sample_seconds"":0.01,""process_lifetime_peak_rss_bytes"":18618798080,""sampled_peak_increment_bytes"":9089024,""sampled_peak_rss_bytes"":1253253120,""started_monotonic_ns"":208107581379400}}",1,success,,0f7e3b73ee0193788f12072624cebe7b3ba417385d5d1921732934a93bb8477f,1801.0,4246fcf1c725906701b4c9424429fee0ab075c4dbf0cf366e7ac836e0644c89d,3208.2437,"{""checkpoint_and_input_io"":956.6998,""rollout"":2251.4877,""terrain_io_and_query"":0.0}",1253253120,18618798080,True,Sampled process RSS is a lower bound; process lifetime peak is not per-trial peak. CPU only.
terrain,base,1688345c7aeebae0b5dd84f85558bba6e9fc0b4f3668bd88f5c03d8ed6bbfb68,runtime_cold,"{""actual_horizon_seconds"":1801.0,""hardware_sha256"":""4246fcf1c725906701b4c9424429fee0ab075c4dbf0cf366e7ac836e0644c89d"",""trial"":{""baseline_rss_bytes"":1243267072,""end_to_end_ms"":3291.8976,""ended_monotonic_ns"":208115175466700,""gpu_memory"":{""reason"":""CPU-only timed workload"",""status"":""not_applicable""},""inclusive_stage_ms"":{""checkpoint_and_input_io"":1001.56,""rollout"":2290.2712,""terrain_io_and_query"":0.0},""memory_sample_seconds"":0.01,""process_lifetime_peak_rss_bytes"":18618798080,""sampled_peak_increment_bytes"":9072640,""sampled_peak_rss_bytes"":1252339712,""started_monotonic_ns"":208111883569100}}",2,success,,85e8d9650134cd0871be1397ea53a90316ae9909eaee2361ca48ad6d8f069930,1801.0,4246fcf1c725906701b4c9424429fee0ab075c4dbf0cf366e7ac836e0644c89d,3291.8976,"{""checkpoint_and_input_io"":1001.56,""rollout"":2290.2712,""terrain_io_and_query"":0.0}",1252339712,18618798080,True,Sampled process RSS is a lower bound; process lifetime peak is not per-trial peak. CPU only.
terrain,base,c41598e7a8a60afc4aeefc870e39e80da8cfe51309ea9a3460101dba9b1404e2,runtime_cold,"{""actual_horizon_seconds"":1801.0,""hardware_sha256"":""4246fcf1c725906701b4c9424429fee0ab075c4dbf0cf366e7ac836e0644c89d"",""trial"":{""baseline_rss_bytes"":1243381760,""end_to_end_ms"":3220.8707,""ended_monotonic_ns"":208119490313000,""gpu_memory"":{""reason"":""CPU-only timed workload"",""status"":""not_applicable""},""inclusive_stage_ms"":{""checkpoint_and_input_io"":973.8921,""rollout"":2246.9147,""terrain_io_and_query"":0.0},""memory_sample_seconds"":0.01,""process_lifetime_peak_rss_bytes"":18618798080,""sampled_peak_increment_bytes"":6844416,""sampled_peak_rss_bytes"":1250226176,""started_monotonic_ns"":208116269442300}}",3,success,,eabb9f20f48de1d3cde29cd360696614fa53d134bd33b2739ba07ff205eb3ff8,1801.0,4246fcf1c725906701b4c9424429fee0ab075c4dbf0cf366e7ac836e0644c89d,3220.8707,"{""checkpoint_and_input_io"":973.8921,""rollout"":2246.9147,""terrain_io_and_query"":0.0}",1250226176,18618798080,True,Sampled process RSS is a lower bound; process lifetime peak is not per-trial peak. CPU only.
terrain,base,e66b497b30e169ef7c996e695a08d8f3161303b84a844e7e5b95e0d997df8620,runtime_cold,"{""actual_horizon_seconds"":1801.0,""hardware_sha256"":""4246fcf1c725906701b4c9424429fee0ab075c4dbf0cf366e7ac836e0644c89d"",""trial"":{""baseline_rss_bytes"":1243537408,""end_to_end_ms"":3135.9236,""ended_monotonic_ns"":208123688699800,""gpu_memory"":{""reason"":""CPU-only timed workload"",""status"":""not_applicable""},""inclusive_stage_ms"":{""checkpoint_and_input_io"":958.8074,""rollout"":2177.0505,""terrain_io_and_query"":0.0},""memory_sample_seconds"":0.01,""process_lifetime_peak_rss_bytes"":18618798080,""sampled_peak_increment_bytes"":9138176,""sampled_peak_rss_bytes"":1252675584,""started_monotonic_ns"":208120552776200}}",4,success,,6a9b0714257ce683ca9d0501fa0bea04c39468e02bd64e7f723e382f71e20eb6,1801.0,4246fcf1c725906701b4c9424429fee0ab075c4dbf0cf366e7ac836e0644c89d,3135.9236,"{""checkpoint_and_input_io"":958.8074,""rollout"":2177.0505,""terrain_io_and_query"":0.0}",1252675584,18618798080,True,Sampled process RSS is a lower bound; process lifetime peak is not per-trial peak. CPU only.
terrain,base,bb8647c834b02620492a236714525c1e3c4270d8bac4ee0b6944663590f310ee,runtime_warm,"{""actual_horizon_seconds"":1801.0,""hardware_sha256"":""4246fcf1c725906701b4c9424429fee0ab075c4dbf0cf366e7ac836e0644c89d"",""trial"":{""baseline_rss_bytes"":1241743360,""end_to_end_ms"":1924.9472,""ended_monotonic_ns"":208131483518800,""gpu_memory"":{""reason"":""CPU-only timed workload"",""status"":""not_applicable""},""inclusive_stage_ms"":{""checkpoint_and_input_io"":0.0,""rollout"":1924.8978,""terrain_io_and_query"":0.0},""memory_sample_seconds"":0.01,""process_lifetime_peak_rss_bytes"":18618798080,""sampled_peak_increment_bytes"":3014656,""sampled_peak_rss_bytes"":1244758016,""started_monotonic_ns"":208129558571600}}",0,success,True,f5362ba128f0fada4c803cc9cb5312114e1d7ee02b432a5594114c17964ec1d8,1801.0,4246fcf1c725906701b4c9424429fee0ab075c4dbf0cf366e7ac836e0644c89d,1924.9472,"{""checkpoint_and_input_io"":0.0,""rollout"":1924.8978,""terrain_io_and_query"":0.0}",1244758016,18618798080,True,Sampled process RSS is a lower bound; process lifetime peak is not per-trial peak. CPU only.
terrain,base,8d2b3b9652e23439c0cd050607ba292785e0eacbc6c1266b567006098ebb919d,runtime_warm,"{""actual_horizon_seconds"":1801.0,""hardware_sha256"":""4246fcf1c725906701b4c9424429fee0ab075c4dbf0cf366e7ac836e0644c89d"",""trial"":{""baseline_rss_bytes"":1241788416,""end_to_end_ms"":2031.8602,""ended_monotonic_ns"":208134508474900,""gpu_memory"":{""reason"":""CPU-only timed workload"",""status"":""not_applicable""},""inclusive_stage_ms"":{""checkpoint_and_input_io"":0.0,""rollout"":2031.8221,""terrain_io_and_query"":0.0},""memory_sample_seconds"":0.01,""process_lifetime_peak_rss_bytes"":18618798080,""sampled_peak_increment_bytes"":8970240,""sampled_peak_rss_bytes"":1250758656,""started_monotonic_ns"":208132476614700}}",1,success,True,f8a792afdcbd7aa912761bb251304917a237afe57c45169e4ad084726f520258,1801.0,4246fcf1c725906701b4c9424429fee0ab075c4dbf0cf366e7ac836e0644c89d,2031.8602,"{""checkpoint_and_input_io"":0.0,""rollout"":2031.8221,""terrain_io_and_query"":0.0}",1250758656,18618798080,True,Sampled process RSS is a lower bound; process lifetime peak is not per-trial peak. CPU only.
terrain,base,8ff805f0142bd1e7920e4968216dd5b51c21084be2183c99225b831bed4cc0d0,runtime_warm,"{""actual_horizon_seconds"":1801.0,""hardware_sha256"":""4246fcf1c725906701b4c9424429fee0ab075c4dbf0cf366e7ac836e0644c89d"",""trial"":{""baseline_rss_bytes"":1241800704,""end_to_end_ms"":1973.5781,""ended_monotonic_ns"":208137443586500,""gpu_memory"":{""reason"":""CPU-only timed workload"",""status"":""not_applicable""},""inclusive_stage_ms"":{""checkpoint_and_input_io"":0.0,""rollout"":1973.5448,""terrain_io_and_query"":0.0},""memory_sample_seconds"":0.01,""process_lifetime_peak_rss_bytes"":18618798080,""sampled_peak_increment_bytes"":8970240,""sampled_peak_rss_bytes"":1250770944,""started_monotonic_ns"":208135470008400}}",2,success,True,e764a0a44c793cfdc7c0c4393a8f6f63e7a75bb1f58563082b042fae40a7fa43,1801.0,4246fcf1c725906701b4c9424429fee0ab075c4dbf0cf366e7ac836e0644c89d,1973.5781,"{""checkpoint_and_input_io"":0.0,""rollout"":1973.5448,""terrain_io_and_query"":0.0}",1250770944,18618798080,True,Sampled process RSS is a lower bound; process lifetime peak is not per-trial peak. CPU only.
terrain,base,26ab60779fe47b5acf8ade946e98665c5526effd4edc11505fb8743e8c19da16,runtime_warm,"{""actual_horizon_seconds"":1801.0,""hardware_sha256"":""4246fcf1c725906701b4c9424429fee0ab075c4dbf0cf366e7ac836e0644c89d"",""trial"":{""baseline_rss_bytes"":1241808896,""end_to_end_ms"":1821.1457,""ended_monotonic_ns"":208140093597600,""gpu_memory"":{""reason"":""CPU-only timed workload"",""status"":""not_applicable""},""inclusive_stage_ms"":{""checkpoint_and_input_io"":0.0,""rollout"":1821.1165,""terrain_io_and_query"":0.0},""memory_sample_seconds"":0.01,""process_lifetime_peak_rss_bytes"":18618798080,""sampled_peak_increment_bytes"":3063808,""sampled_peak_rss_bytes"":1244872704,""started_monotonic_ns"":208138272451900}}",3,success,True,d46c08716322a0848537db82b476c403dcd080097975c2c7b441bcb1c65540e8,1801.0,4246fcf1c725906701b4c9424429fee0ab075c4dbf0cf366e7ac836e0644c89d,1821.1457,"{""checkpoint_and_input_io"":0.0,""rollout"":1821.1165,""terrain_io_and_query"":0.0}",1244872704,18618798080,True,Sampled process RSS is a lower bound; process lifetime peak is not per-trial peak. CPU only.
terrain,base,a1822fb89a3bb9c957ccb056ad288e20f0ab1b25fbce50bca7f955eb460b900d,runtime_warm,"{""actual_horizon_seconds"":1801.0,""hardware_sha256"":""4246fcf1c725906701b4c9424429fee0ab075c4dbf0cf366e7ac836e0644c89d"",""trial"":{""baseline_rss_bytes"":1241878528,""end_to_end_ms"":1952.8114,""ended_monotonic_ns"":208142959740300,""gpu_memory"":{""reason"":""CPU-only timed workload"",""status"":""not_applicable""},""inclusive_stage_ms"":{""checkpoint_and_input_io"":0.0,""rollout"":1952.7796,""terrain_io_and_query"":0.0},""memory_sample_seconds"":0.01,""process_lifetime_peak_rss_bytes"":18618798080,""sampled_peak_increment_bytes"":3006464,""sampled_peak_rss_bytes"":1244884992,""started_monotonic_ns"":208141006928900}}",4,success,True,bc9a100e33c1e298cf37af6c2a4410516626ce4ce485434b80b7c262f963e59d,1801.0,4246fcf1c725906701b4c9424429fee0ab075c4dbf0cf366e7ac836e0644c89d,1952.8114,"{""checkpoint_and_input_io"":0.0,""rollout"":1952.7796,""terrain_io_and_query"":0.0}",1244884992,18618798080,True,Sampled process RSS is a lower bound; process lifetime peak is not per-trial peak. CPU only.
terrain,base,8ebfe42d26ade316b16b2a9b6f38876d34059a44f4997658ff84ac207797a709,runtime_warmup,"{""actual_horizon_seconds"":1801.0,""hardware_sha256"":""4246fcf1c725906701b4c9424429fee0ab075c4dbf0cf366e7ac836e0644c89d"",""trial"":{""baseline_rss_bytes"":1243709440,""end_to_end_ms"":3743.179,""ended_monotonic_ns"":208128533631700,""gpu_memory"":{""reason"":""CPU-only timed workload"",""status"":""not_applicable""},""inclusive_stage_ms"":{""checkpoint_and_input_io"":1037.9486,""rollout"":2704.963,""terrain_io_and_query"":0.0},""memory_sample_seconds"":0.01,""process_lifetime_peak_rss_bytes"":18618798080,""sampled_peak_increment_bytes"":2068480,""sampled_peak_rss_bytes"":1245777920,""started_monotonic_ns"":208124790452700}}",0,success,,585d32f57ba0301e5e6d98b37f884bc0f55c6fa6f868479849cb56a91d1c85d7,1801.0,4246fcf1c725906701b4c9424429fee0ab075c4dbf0cf366e7ac836e0644c89d,3743.179,"{""checkpoint_and_input_io"":1037.9486,""rollout"":2704.963,""terrain_io_and_query"":0.0}",1245777920,18618798080,False,Sampled process RSS is a lower bound; process lifetime peak is not per-trial peak. CPU only.
terrain,lio-river,ca0ff3f11b2a1bfa7a75a850970bb33f84d36d3f691cf816b9e7c17d6dbbba39,runtime_cold,"{""actual_horizon_seconds"":1801.0,""hardware_sha256"":""4246fcf1c725906701b4c9424429fee0ab075c4dbf0cf366e7ac836e0644c89d"",""trial"":{""baseline_rss_bytes"":1049128960,""end_to_end_ms"":341389.1317,""ended_monotonic_ns"":208725036676100,""gpu_memory"":{""reason"":""CPU-only timed workload"",""status"":""not_applicable""},""inclusive_stage_ms"":{""checkpoint_and_input_io"":903.1176,""rollout"":340485.9636,""terrain_io_and_query"":334888.5405999998},""memory_sample_seconds"":0.01,""process_lifetime_peak_rss_bytes"":18618798080,""sampled_peak_increment_bytes"":2291019776,""sampled_peak_rss_bytes"":3340148736,""started_monotonic_ns"":208383647544400}}",0,success,,537213ce0bb1018a303b8a882597e8fcc02db669fd09d2cc02a98907cc801ca2,1801.0,4246fcf1c725906701b4c9424429fee0ab075c4dbf0cf366e7ac836e0644c89d,341389.1317,"{""checkpoint_and_input_io"":903.1176,""rollout"":340485.9636,""terrain_io_and_query"":334888.5405999998}",3340148736,18618798080,True,Sampled process RSS is a lower bound; process lifetime peak is not per-trial peak. CPU only.
terrain,lio-river,ef57616900a5f6c2e3ed9b70c3a58ac93047e7283a1b2a5fa403d549004f4473,runtime_cold,"{""actual_horizon_seconds"":1801.0,""hardware_sha256"":""4246fcf1c725906701b4c9424429fee0ab075c4dbf0cf366e7ac836e0644c89d"",""trial"":{""baseline_rss_bytes"":2398785536,""end_to_end_ms"":389814.3822,""ended_monotonic_ns"":209118676388800,""gpu_memory"":{""reason"":""CPU-only timed workload"",""status"":""not_applicable""},""inclusive_stage_ms"":{""checkpoint_and_input_io"":899.397,""rollout"":388914.9413,""terrain_io_and_query"":382407.02640000015},""memory_sample_seconds"":0.01,""process_lifetime_peak_rss_bytes"":18618798080,""sampled_peak_increment_bytes"":964259840,""sampled_peak_rss_bytes"":3363045376,""started_monotonic_ns"":208728862006600}}",1,success,,a2270fba26478796c8a3cbb6a6964c5f0645a78321d419393f325121cb7cf110,1801.0,4246fcf1c725906701b4c9424429fee0ab075c4dbf0cf366e7ac836e0644c89d,389814.3822,"{""checkpoint_and_input_io"":899.397,""rollout"":388914.9413,""terrain_io_and_query"":382407.02640000015}",3363045376,18618798080,True,Sampled process RSS is a lower bound; process lifetime peak is not per-trial peak. CPU only.
terrain,lio-river,e2774c2f0894daf046f848ac9701f39b7fb24b837d71dcfc21d4bbee9b845003,runtime_cold,"{""actual_horizon_seconds"":1801.0,""hardware_sha256"":""4246fcf1c725906701b4c9424429fee0ab075c4dbf0cf366e7ac836e0644c89d"",""trial"":{""baseline_rss_bytes"":2430152704,""end_to_end_ms"":384485.5664,""ended_monotonic_ns"":209507462901100,""gpu_memory"":{""reason"":""CPU-only timed workload"",""status"":""not_applicable""},""inclusive_stage_ms"":{""checkpoint_and_input_io"":985.9615,""rollout"":383499.4923,""terrain_io_and_query"":376856.4548000002},""memory_sample_seconds"":0.01,""process_lifetime_peak_rss_bytes"":18618798080,""sampled_peak_increment_bytes"":957997056,""sampled_peak_rss_bytes"":3388149760,""started_monotonic_ns"":209122977334700}}",2,success,,ed31080d425ffb09240985d03504672a5722fe2ca9fd6c761b4accdf13d38d16,1801.0,4246fcf1c725906701b4c9424429fee0ab075c4dbf0cf366e7ac836e0644c89d,384485.5664,"{""checkpoint_and_input_io"":985.9615,""rollout"":383499.4923,""terrain_io_and_query"":376856.4548000002}",3388149760,18618798080,True,Sampled process RSS is a lower bound; process lifetime peak is not per-trial peak. CPU only.
terrain,lio-river,289449c4c7ba52664517f1475f2fa0e130c77ff111b6b22af201c566dde3f550,runtime_cold,"{""actual_horizon_seconds"":1801.0,""hardware_sha256"":""4246fcf1c725906701b4c9424429fee0ab075c4dbf0cf366e7ac836e0644c89d"",""trial"":{""baseline_rss_bytes"":2474983424,""end_to_end_ms"":591560.8716,""ended_monotonic_ns"":210106253841100,""gpu_memory"":{""reason"":""CPU-only timed workload"",""status"":""not_applicable""},""inclusive_stage_ms"":{""checkpoint_and_input_io"":1117.8131,""rollout"":590442.9753,""terrain_io_and_query"":580811.9810999997},""memory_sample_seconds"":0.01,""process_lifetime_peak_rss_bytes"":18618798080,""sampled_peak_increment_bytes"":945524736,""sampled_peak_rss_bytes"":3420508160,""started_monotonic_ns"":209514692969500}}",3,success,,3ee0a85ee3482fcbfafa9b57e6df2c24785b0c185823f180a418a5110baffc2c,1801.0,4246fcf1c725906701b4c9424429fee0ab075c4dbf0cf366e7ac836e0644c89d,591560.8716,"{""checkpoint_and_input_io"":1117.8131,""rollout"":590442.9753,""terrain_io_and_query"":580811.9810999997}",3420508160,18618798080,True,Sampled process RSS is a lower bound; process lifetime peak is not per-trial peak. CPU only.
terrain,lio-river,611ea5ac2c0b0149e1930cd889de6d48b176d045849aa2db789117ea37ed2d59,runtime_cold,"{""actual_horizon_seconds"":1801.0,""hardware_sha256"":""4246fcf1c725906701b4c9424429fee0ab075c4dbf0cf366e7ac836e0644c89d"",""trial"":{""baseline_rss_bytes"":2496647168,""end_to_end_ms"":630109.4652,""ended_monotonic_ns"":210743093009800,""gpu_memory"":{""reason"":""CPU-only timed workload"",""status"":""not_applicable""},""inclusive_stage_ms"":{""checkpoint_and_input_io"":1200.249,""rollout"":628909.1534,""terrain_io_and_query"":619310.8662},""memory_sample_seconds"":0.01,""process_lifetime_peak_rss_bytes"":18618798080,""sampled_peak_increment_bytes"":915582976,""sampled_peak_rss_bytes"":3412230144,""started_monotonic_ns"":210112983544600}}",4,success,,49c9b1d84fb12d12bcbfe51bef97bae2ea2d97ef70cd22536af249d67c26c559,1801.0,4246fcf1c725906701b4c9424429fee0ab075c4dbf0cf366e7ac836e0644c89d,630109.4652,"{""checkpoint_and_input_io"":1200.249,""rollout"":628909.1534,""terrain_io_and_query"":619310.8662}",3412230144,18618798080,True,Sampled process RSS is a lower bound; process lifetime peak is not per-trial peak. CPU only.
terrain,lio-river,1f0f33afef99f2ab20cae81af65e88f61902250f74f97bd38050c2b51852c288,runtime_warm,"{""actual_horizon_seconds"":1801.0,""hardware_sha256"":""4246fcf1c725906701b4c9424429fee0ab075c4dbf0cf366e7ac836e0644c89d"",""trial"":{""baseline_rss_bytes"":3318816768,""end_to_end_ms"":501592.8038,""ended_monotonic_ns"":211847000165500,""gpu_memory"":{""reason"":""CPU-only timed workload"",""status"":""not_applicable""},""inclusive_stage_ms"":{""checkpoint_and_input_io"":0.0,""rollout"":501592.7657,""terrain_io_and_query"":491787.8183000002},""memory_sample_seconds"":0.01,""process_lifetime_peak_rss_bytes"":18618798080,""sampled_peak_increment_bytes"":5984256,""sampled_peak_rss_bytes"":3324801024,""started_monotonic_ns"":211345407361700}}",0,success,True,6f21e2ef7d64c78e5456f091ca6b64d824d9a29225a763661bbbc1cf525fa0b3,1801.0,4246fcf1c725906701b4c9424429fee0ab075c4dbf0cf366e7ac836e0644c89d,501592.8038,"{""checkpoint_and_input_io"":0.0,""rollout"":501592.7657,""terrain_io_and_query"":491787.8183000002}",3324801024,18618798080,True,Sampled process RSS is a lower bound; process lifetime peak is not per-trial peak. CPU only.
terrain,lio-river,bf7ec438def390a994f1195af1a291c540ea937a4605090a7de8593265f9557c,runtime_warm,"{""actual_horizon_seconds"":1801.0,""hardware_sha256"":""4246fcf1c725906701b4c9424429fee0ab075c4dbf0cf366e7ac836e0644c89d"",""trial"":{""baseline_rss_bytes"":3290533888,""end_to_end_ms"":492184.6694,""ended_monotonic_ns"":212340557134200,""gpu_memory"":{""reason"":""CPU-only timed workload"",""status"":""not_applicable""},""inclusive_stage_ms"":{""checkpoint_and_input_io"":0.0,""rollout"":492184.6189,""terrain_io_and_query"":482625.85439999995},""memory_sample_seconds"":0.01,""process_lifetime_peak_rss_bytes"":18618798080,""sampled_peak_increment_bytes"":6230016,""sampled_peak_rss_bytes"":3296763904,""started_monotonic_ns"":211848372464800}}",1,success,True,9d9edffae9d4da8fe13ded03adc274c85388a68f7cfe2aef42928d600338dde3,1801.0,4246fcf1c725906701b4c9424429fee0ab075c4dbf0cf366e7ac836e0644c89d,492184.6694,"{""checkpoint_and_input_io"":0.0,""rollout"":492184.6189,""terrain_io_and_query"":482625.85439999995}",3296763904,18618798080,True,Sampled process RSS is a lower bound; process lifetime peak is not per-trial peak. CPU only.
terrain,lio-river,35fbc103927bc985014ce36ccf8105fbfe6ff4ab1cc73484e6aae18f476257a6,runtime_warm,"{""actual_horizon_seconds"":1801.0,""hardware_sha256"":""4246fcf1c725906701b4c9424429fee0ab075c4dbf0cf366e7ac836e0644c89d"",""trial"":{""baseline_rss_bytes"":3247239168,""end_to_end_ms"":482877.4949,""ended_monotonic_ns"":212824851161100,""gpu_memory"":{""reason"":""CPU-only timed workload"",""status"":""not_applicable""},""inclusive_stage_ms"":{""checkpoint_and_input_io"":0.0,""rollout"":482877.4545,""terrain_io_and_query"":473596.25639999995},""memory_sample_seconds"":0.01,""process_lifetime_peak_rss_bytes"":18618798080,""sampled_peak_increment_bytes"":3125248,""sampled_peak_rss_bytes"":3250364416,""started_monotonic_ns"":212341973666200}}",2,success,True,665a38ee150cdc7364c368037c1db77fd6a3771e88dcc3d6b8286ab5b2fa638b,1801.0,4246fcf1c725906701b4c9424429fee0ab075c4dbf0cf366e7ac836e0644c89d,482877.4949,"{""checkpoint_and_input_io"":0.0,""rollout"":482877.4545,""terrain_io_and_query"":473596.25639999995}",3250364416,18618798080,True,Sampled process RSS is a lower bound; process lifetime peak is not per-trial peak. CPU only.
terrain,lio-river,7400d898b19f30a53f244c6c244a6c3c0919513d48c1f60222fffa08135ef0ec,runtime_warm,"{""actual_horizon_seconds"":1801.0,""hardware_sha256"":""4246fcf1c725906701b4c9424429fee0ab075c4dbf0cf366e7ac836e0644c89d"",""trial"":{""baseline_rss_bytes"":1599692800,""end_to_end_ms"":448904.341,""ended_monotonic_ns"":213275569644600,""gpu_memory"":{""reason"":""CPU-only timed workload"",""status"":""not_applicable""},""inclusive_stage_ms"":{""checkpoint_and_input_io"":0.0,""rollout"":448904.2923,""terrain_io_and_query"":440198.76660000026},""memory_sample_seconds"":0.01,""process_lifetime_peak_rss_bytes"":18618798080,""sampled_peak_increment_bytes"":8904704,""sampled_peak_rss_bytes"":1608597504,""started_monotonic_ns"":212826665303600}}",3,success,True,3afaf3b5cc179ad873f9775eda1f07ccc5650fbb502379e25b914a139dbae4e0,1801.0,4246fcf1c725906701b4c9424429fee0ab075c4dbf0cf366e7ac836e0644c89d,448904.341,"{""checkpoint_and_input_io"":0.0,""rollout"":448904.2923,""terrain_io_and_query"":440198.76660000026}",1608597504,18618798080,True,Sampled process RSS is a lower bound; process lifetime peak is not per-trial peak. CPU only.
terrain,lio-river,f75bb5cc0b34636e346aea6889b87ee7c0653605f19b8d263a1fec8eadd85c38,runtime_warm,"{""actual_horizon_seconds"":1801.0,""hardware_sha256"":""4246fcf1c725906701b4c9424429fee0ab075c4dbf0cf366e7ac836e0644c89d"",""trial"":{""baseline_rss_bytes"":327958528,""end_to_end_ms"":487411.9193,""ended_monotonic_ns"":213764671423300,""gpu_memory"":{""reason"":""CPU-only timed workload"",""status"":""not_applicable""},""inclusive_stage_ms"":{""checkpoint_and_input_io"":0.0,""rollout"":487411.8717,""terrain_io_and_query"":478032.96230000013},""memory_sample_seconds"":0.01,""process_lifetime_peak_rss_bytes"":18618798080,""sampled_peak_increment_bytes"":8859648,""sampled_peak_rss_bytes"":336818176,""started_monotonic_ns"":213277259504000}}",4,success,True,aac708f2badb30f155dc041fc632941adbca28108d4c852bc757decbda21ed97,1801.0,4246fcf1c725906701b4c9424429fee0ab075c4dbf0cf366e7ac836e0644c89d,487411.9193,"{""checkpoint_and_input_io"":0.0,""rollout"":487411.8717,""terrain_io_and_query"":478032.96230000013}",336818176,18618798080,True,Sampled process RSS is a lower bound; process lifetime peak is not per-trial peak. CPU only.
terrain,lio-river,4df7116d6d75e50831873fef76bb0c020259a2db119a4788b727c1fe580b2177,runtime_warmup,"{""actual_horizon_seconds"":1801.0,""hardware_sha256"":""4246fcf1c725906701b4c9424429fee0ab075c4dbf0cf366e7ac836e0644c89d"",""trial"":{""baseline_rss_bytes"":2395222016,""end_to_end_ms"":592870.2229,""ended_monotonic_ns"":211344075709300,""gpu_memory"":{""reason"":""CPU-only timed workload"",""status"":""not_applicable""},""inclusive_stage_ms"":{""checkpoint_and_input_io"":1357.068,""rollout"":591513.0755,""terrain_io_and_query"":582330.6147000003},""memory_sample_seconds"":0.01,""process_lifetime_peak_rss_bytes"":18618798080,""sampled_peak_increment_bytes"":963805184,""sampled_peak_rss_bytes"":3359027200,""started_monotonic_ns"":210751205486400}}",0,success,,4ec84913027ed411d53170f31be4f0850c522c5296ebd287a9b62387e1fbfe45,1801.0,4246fcf1c725906701b4c9424429fee0ab075c4dbf0cf366e7ac836e0644c89d,592870.2229,"{""checkpoint_and_input_io"":1357.068,""rollout"":591513.0755,""terrain_io_and_query"":582330.6147000003}",3359027200,18618798080,False,Sampled process RSS is a lower bound; process lifetime peak is not per-trial peak. CPU only.
terrain,lio-road,b760f60db773cee761e0fb06ea8f687e897480f3b13d81c8adfadf72ef034019,runtime_cold,"{""actual_horizon_seconds"":1801.0,""hardware_sha256"":""4246fcf1c725906701b4c9424429fee0ab075c4dbf0cf366e7ac836e0644c89d"",""trial"":{""baseline_rss_bytes"":1055498240,""end_to_end_ms"":525954.3463,""ended_monotonic_ns"":214645863130600,""gpu_memory"":{""reason"":""CPU-only timed workload"",""status"":""not_applicable""},""inclusive_stage_ms"":{""checkpoint_and_input_io"":1584.2907,""rollout"":524369.9829,""terrain_io_and_query"":516182.92140000005},""memory_sample_seconds"":0.01,""process_lifetime_peak_rss_bytes"":18618798080,""sampled_peak_increment_bytes"":1389150208,""sampled_peak_rss_bytes"":2444648448,""started_monotonic_ns"":214119908784300}}",0,success,,d8fabf2642907d8f9558e6fd5722b4ab5517cc44b04e00064209359cc1b3191d,1801.0,4246fcf1c725906701b4c9424429fee0ab075c4dbf0cf366e7ac836e0644c89d,525954.3463,"{""checkpoint_and_input_io"":1584.2907,""rollout"":524369.9829,""terrain_io_and_query"":516182.92140000005}",2444648448,18618798080,True,Sampled process RSS is a lower bound; process lifetime peak is not per-trial peak. CPU only.
terrain,lio-road,2f77d39bc7722406c3d6f3eb2c1e512d7540c9809d2a6c781c76e3db1e0bb265,runtime_cold,"{""actual_horizon_seconds"":1801.0,""hardware_sha256"":""4246fcf1c725906701b4c9424429fee0ab075c4dbf0cf366e7ac836e0644c89d"",""trial"":{""baseline_rss_bytes"":1567506432,""end_to_end_ms"":447242.0908,""ended_monotonic_ns"":215098255834600,""gpu_memory"":{""reason"":""CPU-only timed workload"",""status"":""not_applicable""},""inclusive_stage_ms"":{""checkpoint_and_input_io"":1041.9821,""rollout"":446200.0377,""terrain_io_and_query"":439218.2385999999},""memory_sample_seconds"":0.01,""process_lifetime_peak_rss_bytes"":18618798080,""sampled_peak_increment_bytes"":951795712,""sampled_peak_rss_bytes"":2519302144,""started_monotonic_ns"":214651013743800}}",1,success,,e427f906f38263132944924749fcd47226cf174bb3d47ebdee953907cc7a0b4a,1801.0,4246fcf1c725906701b4c9424429fee0ab075c4dbf0cf366e7ac836e0644c89d,447242.0908,"{""checkpoint_and_input_io"":1041.9821,""rollout"":446200.0377,""terrain_io_and_query"":439218.2385999999}",2519302144,18618798080,True,Sampled process RSS is a lower bound; process lifetime peak is not per-trial peak. CPU only.
terrain,lio-road,125df319260c4fa213e4241b292d23939e5b31ecafeacd1f7fbbc80290372889,runtime_cold,"{""actual_horizon_seconds"":1801.0,""hardware_sha256"":""4246fcf1c725906701b4c9424429fee0ab075c4dbf0cf366e7ac836e0644c89d"",""trial"":{""baseline_rss_bytes"":1644871680,""end_to_end_ms"":428697.7722,""ended_monotonic_ns"":215532432728700,""gpu_memory"":{""reason"":""CPU-only timed workload"",""status"":""not_applicable""},""inclusive_stage_ms"":{""checkpoint_and_input_io"":1025.3682,""rollout"":427672.3392,""terrain_io_and_query"":420673.4026999999},""memory_sample_seconds"":0.01,""process_lifetime_peak_rss_bytes"":18618798080,""sampled_peak_increment_bytes"":1836609536,""sampled_peak_rss_bytes"":3481481216,""started_monotonic_ns"":215103734956500}}",2,success,,e2ef0e202c4533c2f7952cbf7989fa937f9555ccc75652ae6e105bae8c9e87e7,1801.0,4246fcf1c725906701b4c9424429fee0ab075c4dbf0cf366e7ac836e0644c89d,428697.7722,"{""checkpoint_and_input_io"":1025.3682,""rollout"":427672.3392,""terrain_io_and_query"":420673.4026999999}",3481481216,18618798080,True,Sampled process RSS is a lower bound; process lifetime peak is not per-trial peak. CPU only.
terrain,lio-road,eb5ce7c6c06e721e2c3dde0fc2a00d396d350712138e8388719de41d5a4ec942,runtime_cold,"{""actual_horizon_seconds"":1801.0,""hardware_sha256"":""4246fcf1c725906701b4c9424429fee0ab075c4dbf0cf366e7ac836e0644c89d"",""trial"":{""baseline_rss_bytes"":2601992192,""end_to_end_ms"":420626.653,""ended_monotonic_ns"":215957536027200,""gpu_memory"":{""reason"":""CPU-only timed workload"",""status"":""not_applicable""},""inclusive_stage_ms"":{""checkpoint_and_input_io"":921.4739,""rollout"":419705.1352,""terrain_io_and_query"":412913.05999999994},""memory_sample_seconds"":0.01,""process_lifetime_peak_rss_bytes"":18618798080,""sampled_peak_increment_bytes"":901148672,""sampled_peak_rss_bytes"":3503140864,""started_monotonic_ns"":215536909374200}}",3,success,,c433f6fe3287b873694ed4233729f7cb90b3a138d43b71dececc4caf2f97c1a9,1801.0,4246fcf1c725906701b4c9424429fee0ab075c4dbf0cf366e7ac836e0644c89d,420626.653,"{""checkpoint_and_input_io"":921.4739,""rollout"":419705.1352,""terrain_io_and_query"":412913.05999999994}",3503140864,18618798080,True,Sampled process RSS is a lower bound; process lifetime peak is not per-trial peak. CPU only.
terrain,lio-road,c955dac3040e2a68a2848701741a7bebea310e123ccbab9df19c4d4176725d83,runtime_cold,"{""actual_horizon_seconds"":1801.0,""hardware_sha256"":""4246fcf1c725906701b4c9424429fee0ab075c4dbf0cf366e7ac836e0644c89d"",""trial"":{""baseline_rss_bytes"":2653245440,""end_to_end_ms"":423204.1635,""ended_monotonic_ns"":216385255956400,""gpu_memory"":{""reason"":""CPU-only timed workload"",""status"":""not_applicable""},""inclusive_stage_ms"":{""checkpoint_and_input_io"":944.904,""rollout"":422259.1929,""terrain_io_and_query"":415351.5071999998},""memory_sample_seconds"":0.01,""process_lifetime_peak_rss_bytes"":18618798080,""sampled_peak_increment_bytes"":860250112,""sampled_peak_rss_bytes"":3513495552,""started_monotonic_ns"":215962051792900}}",4,success,,cea3da1d86ef5cf1eddb678173208e922c6e065ac6bfa4e105633fe82f57e7a9,1801.0,4246fcf1c725906701b4c9424429fee0ab075c4dbf0cf366e7ac836e0644c89d,423204.1635,"{""checkpoint_and_input_io"":944.904,""rollout"":422259.1929,""terrain_io_and_query"":415351.5071999998}",3513495552,18618798080,True,Sampled process RSS is a lower bound; process lifetime peak is not per-trial peak. CPU only.
terrain,lio-road,c08906217b7795e7687f9b2adf4d23e361c153577eff6068967ac9ef2c19b747,runtime_warm,"{""actual_horizon_seconds"":1801.0,""hardware_sha256"":""4246fcf1c725906701b4c9424429fee0ab075c4dbf0cf366e7ac836e0644c89d"",""trial"":{""baseline_rss_bytes"":3510657024,""end_to_end_ms"":301961.9472,""ended_monotonic_ns"":217094272294600,""gpu_memory"":{""reason"":""CPU-only timed workload"",""status"":""not_applicable""},""inclusive_stage_ms"":{""checkpoint_and_input_io"":0.0,""rollout"":301961.886,""terrain_io_and_query"":295375.41829999996},""memory_sample_seconds"":0.01,""process_lifetime_peak_rss_bytes"":18618798080,""sampled_peak_increment_bytes"":5390336,""sampled_peak_rss_bytes"":3516047360,""started_monotonic_ns"":216792310347400}}",0,success,True,4bf9d616075d4ead89c975cde44e6971cd986b34bd612a36981209cfd057244d,1801.0,4246fcf1c725906701b4c9424429fee0ab075c4dbf0cf366e7ac836e0644c89d,301961.9472,"{""checkpoint_and_input_io"":0.0,""rollout"":301961.886,""terrain_io_and_query"":295375.41829999996}",3516047360,18618798080,True,Sampled process RSS is a lower bound; process lifetime peak is not per-trial peak. CPU only.
terrain,lio-road,186079fc2ee0e4c4bb7c78a0c5207554be06f2cb7390535787896f09b18c2881,runtime_warm,"{""actual_horizon_seconds"":1801.0,""hardware_sha256"":""4246fcf1c725906701b4c9424429fee0ab075c4dbf0cf366e7ac836e0644c89d"",""trial"":{""baseline_rss_bytes"":3511402496,""end_to_end_ms"":308121.0358,""ended_monotonic_ns"":217403435964100,""gpu_memory"":{""reason"":""CPU-only timed workload"",""status"":""not_applicable""},""inclusive_stage_ms"":{""checkpoint_and_input_io"":0.0,""rollout"":308120.9991,""terrain_io_and_query"":301473.7981000001},""memory_sample_seconds"":0.01,""process_lifetime_peak_rss_bytes"":18618798080,""sampled_peak_increment_bytes"":8970240,""sampled_peak_rss_bytes"":3520372736,""started_monotonic_ns"":217095314928300}}",1,success,True,0cc9c9417893f68d3f271852b4c4b37e1c2903cb14064e2a89acd45b877d6e75,1801.0,4246fcf1c725906701b4c9424429fee0ab075c4dbf0cf366e7ac836e0644c89d,308121.0358,"{""checkpoint_and_input_io"":0.0,""rollout"":308120.9991,""terrain_io_and_query"":301473.7981000001}",3520372736,18618798080,True,Sampled process RSS is a lower bound; process lifetime peak is not per-trial peak. CPU only.
terrain,lio-road,e0c6e67cc1694aa5b4c420da115b55766455e8db042fb7a97eefc12d8d5ed00b,runtime_warm,"{""actual_horizon_seconds"":1801.0,""hardware_sha256"":""4246fcf1c725906701b4c9424429fee0ab075c4dbf0cf366e7ac836e0644c89d"",""trial"":{""baseline_rss_bytes"":3516510208,""end_to_end_ms"":306361.174,""ended_monotonic_ns"":217711500890700,""gpu_memory"":{""reason"":""CPU-only timed workload"",""status"":""not_applicable""},""inclusive_stage_ms"":{""checkpoint_and_input_io"":0.0,""rollout"":306361.1328,""terrain_io_and_query"":299777.3394000002},""memory_sample_seconds"":0.01,""process_lifetime_peak_rss_bytes"":18618798080,""sampled_peak_increment_bytes"":6217728,""sampled_peak_rss_bytes"":3522727936,""started_monotonic_ns"":217405139716700}}",2,success,True,1fd2afa852a84a7a5c5c47201df95d8b5112d6f780add28edb708f805ad0d7a7,1801.0,4246fcf1c725906701b4c9424429fee0ab075c4dbf0cf366e7ac836e0644c89d,306361.174,"{""checkpoint_and_input_io"":0.0,""rollout"":306361.1328,""terrain_io_and_query"":299777.3394000002}",3522727936,18618798080,True,Sampled process RSS is a lower bound; process lifetime peak is not per-trial peak. CPU only.
terrain,lio-road,1205f15b9ff858fdd3fdbd90f7ef2146b416c3becd520c15397bea4b0dc6c870,runtime_warm,"{""actual_horizon_seconds"":1801.0,""hardware_sha256"":""4246fcf1c725906701b4c9424429fee0ab075c4dbf0cf366e7ac836e0644c89d"",""trial"":{""baseline_rss_bytes"":3519750144,""end_to_end_ms"":295901.3449,""ended_monotonic_ns"":218008360979900,""gpu_memory"":{""reason"":""CPU-only timed workload"",""status"":""not_applicable""},""inclusive_stage_ms"":{""checkpoint_and_input_io"":0.0,""rollout"":295901.3098,""terrain_io_and_query"":289658.64610000007},""memory_sample_seconds"":0.01,""process_lifetime_peak_rss_bytes"":18618798080,""sampled_peak_increment_bytes"":5386240,""sampled_peak_rss_bytes"":3525136384,""started_monotonic_ns"":217712459635000}}",3,success,True,8a86434ec7cc3140c2f046677ab2be33ede6a8d040ab5637502692623b4ef5c1,1801.0,4246fcf1c725906701b4c9424429fee0ab075c4dbf0cf366e7ac836e0644c89d,295901.3449,"{""checkpoint_and_input_io"":0.0,""rollout"":295901.3098,""terrain_io_and_query"":289658.64610000007}",3525136384,18618798080,True,Sampled process RSS is a lower bound; process lifetime peak is not per-trial peak. CPU only.
terrain,lio-road,f62c3ff2333b1a3d52deabb880ae46f406eb094cb3edf227069e60a44a0eb4f6,runtime_warm,"{""actual_horizon_seconds"":1801.0,""hardware_sha256"":""4246fcf1c725906701b4c9424429fee0ab075c4dbf0cf366e7ac836e0644c89d"",""trial"":{""baseline_rss_bytes"":3522129920,""end_to_end_ms"":306431.0844,""ended_monotonic_ns"":218315738691200,""gpu_memory"":{""reason"":""CPU-only timed workload"",""status"":""not_applicable""},""inclusive_stage_ms"":{""checkpoint_and_input_io"":0.0,""rollout"":306431.0382,""terrain_io_and_query"":299655.5136999999},""memory_sample_seconds"":0.01,""process_lifetime_peak_rss_bytes"":18618798080,""sampled_peak_increment_bytes"":6172672,""sampled_peak_rss_bytes"":3528302592,""started_monotonic_ns"":218009307606800}}",4,success,True,690d14a3ee5574301688bf0fc51c7ff9a073f64d494f8414217fb26ecec8344f,1801.0,4246fcf1c725906701b4c9424429fee0ab075c4dbf0cf366e7ac836e0644c89d,306431.0844,"{""checkpoint_and_input_io"":0.0,""rollout"":306431.0382,""terrain_io_and_query"":299655.5136999999}",3528302592,18618798080,True,Sampled process RSS is a lower bound; process lifetime peak is not per-trial peak. CPU only.
terrain,lio-road,03c2ba4423cb20dc991af9e363f8d0719aef2c8fcad2c8a8eed110e4cc13a0d4,runtime_warmup,"{""actual_horizon_seconds"":1801.0,""hardware_sha256"":""4246fcf1c725906701b4c9424429fee0ab075c4dbf0cf366e7ac836e0644c89d"",""trial"":{""baseline_rss_bytes"":2651090944,""end_to_end_ms"":401545.2514,""ended_monotonic_ns"":216791314268500,""gpu_memory"":{""reason"":""CPU-only timed workload"",""status"":""not_applicable""},""inclusive_stage_ms"":{""checkpoint_and_input_io"":1072.1601,""rollout"":400472.8276,""terrain_io_and_query"":393685.61339999974},""memory_sample_seconds"":0.01,""process_lifetime_peak_rss_bytes"":18618798080,""sampled_peak_increment_bytes"":880029696,""sampled_peak_rss_bytes"":3531120640,""started_monotonic_ns"":216389769017100}}",0,success,,63bf9e71d7b5fb79deec7b2a3641af4145cba8e99f846c325686e38f6db6a21a,1801.0,4246fcf1c725906701b4c9424429fee0ab075c4dbf0cf366e7ac836e0644c89d,401545.2514,"{""checkpoint_and_input_io"":1072.1601,""rollout"":400472.8276,""terrain_io_and_query"":393685.61339999974}",3531120640,18618798080,False,Sampled process RSS is a lower bound; process lifetime peak is not per-trial peak. CPU only.
terrain,lio-surface,5589ae9dbe70dc0b8398826005bb5584bb76e08959a23f7063d6b74ffe858c47,runtime_cold,"{""actual_horizon_seconds"":1801.0,""hardware_sha256"":""4246fcf1c725906701b4c9424429fee0ab075c4dbf0cf366e7ac836e0644c89d"",""trial"":{""baseline_rss_bytes"":2676547584,""end_to_end_ms"":416777.0479,""ended_monotonic_ns"":218971717547800,""gpu_memory"":{""reason"":""CPU-only timed workload"",""status"":""not_applicable""},""inclusive_stage_ms"":{""checkpoint_and_input_io"":898.1492,""rollout"":415878.8488,""terrain_io_and_query"":405151.2081000001},""memory_sample_seconds"":0.01,""process_lifetime_peak_rss_bytes"":18618798080,""sampled_peak_increment_bytes"":891056128,""sampled_peak_rss_bytes"":3567603712,""started_monotonic_ns"":218554940499900}}",0,success,,76730e36089913776936e93aec7b579d254fe6efe00982513763a6d5294bf98c,1801.0,4246fcf1c725906701b4c9424429fee0ab075c4dbf0cf366e7ac836e0644c89d,416777.0479,"{""checkpoint_and_input_io"":898.1492,""rollout"":415878.8488,""terrain_io_and_query"":405151.2081000001}",3567603712,18618798080,True,Sampled process RSS is a lower bound; process lifetime peak is not per-trial peak. CPU only.
terrain,lio-surface,2cd30e4736dafe3037f246449d1c5a2cc78d318ad1864fa900bf812031e5c571,runtime_cold,"{""actual_horizon_seconds"":1801.0,""hardware_sha256"":""4246fcf1c725906701b4c9424429fee0ab075c4dbf0cf366e7ac836e0644c89d"",""trial"":{""baseline_rss_bytes"":2707492864,""end_to_end_ms"":386900.0913,""ended_monotonic_ns"":219363122968800,""gpu_memory"":{""reason"":""CPU-only timed workload"",""status"":""not_applicable""},""inclusive_stage_ms"":{""checkpoint_and_input_io"":1004.9508,""rollout"":385895.0866,""terrain_io_and_query"":376419.13980000024},""memory_sample_seconds"":0.01,""process_lifetime_peak_rss_bytes"":18618798080,""sampled_peak_increment_bytes"":858742784,""sampled_peak_rss_bytes"":3566235648,""started_monotonic_ns"":218976222877500}}",1,success,,e7f13abfef397438dbf9828cc981b39435ed7cde43bbe0dcc8bd1d76923d28a0,1801.0,4246fcf1c725906701b4c9424429fee0ab075c4dbf0cf366e7ac836e0644c89d,386900.0913,"{""checkpoint_and_input_io"":1004.9508,""rollout"":385895.0866,""terrain_io_and_query"":376419.13980000024}",3566235648,18618798080,True,Sampled process RSS is a lower bound; process lifetime peak is not per-trial peak. CPU only.
terrain,lio-surface,8b9214d66ee214963566fc07983a2f2f0dc045d99bc9a31fc2e4ed8f7ee3f26f,runtime_cold,"{""actual_horizon_seconds"":1801.0,""hardware_sha256"":""4246fcf1c725906701b4c9424429fee0ab075c4dbf0cf366e7ac836e0644c89d"",""trial"":{""baseline_rss_bytes"":2707701760,""end_to_end_ms"":414856.2947,""ended_monotonic_ns"":219782413927100,""gpu_memory"":{""reason"":""CPU-only timed workload"",""status"":""not_applicable""},""inclusive_stage_ms"":{""checkpoint_and_input_io"":1001.9594,""rollout"":413854.2036,""terrain_io_and_query"":404010.5992999998},""memory_sample_seconds"":0.01,""process_lifetime_peak_rss_bytes"":18618798080,""sampled_peak_increment_bytes"":874012672,""sampled_peak_rss_bytes"":3581714432,""started_monotonic_ns"":219367557632400}}",2,success,,94730225733146d3bf6f667bb0d6751aca14a94e0ef039392461d9d2cc17f790,1801.0,4246fcf1c725906701b4c9424429fee0ab075c4dbf0cf366e7ac836e0644c89d,414856.2947,"{""checkpoint_and_input_io"":1001.9594,""rollout"":413854.2036,""terrain_io_and_query"":404010.5992999998}",3581714432,18618798080,True,Sampled process RSS is a lower bound; process lifetime peak is not per-trial peak. CPU only.
terrain,lio-surface,0804d53d4b22bd43d4aa9c400faac43bdac39319c21b73979df4fd27a9c91e1d,runtime_cold,"{""actual_horizon_seconds"":1801.0,""hardware_sha256"":""4246fcf1c725906701b4c9424429fee0ab075c4dbf0cf366e7ac836e0644c89d"",""trial"":{""baseline_rss_bytes"":2754478080,""end_to_end_ms"":430687.832,""ended_monotonic_ns"":220217359118100,""gpu_memory"":{""reason"":""CPU-only timed workload"",""status"":""not_applicable""},""inclusive_stage_ms"":{""checkpoint_and_input_io"":1048.0992,""rollout"":429639.6764,""terrain_io_and_query"":418223.8377999999},""memory_sample_seconds"":0.01,""process_lifetime_peak_rss_bytes"":18618798080,""sampled_peak_increment_bytes"":829886464,""sampled_peak_rss_bytes"":3584364544,""started_monotonic_ns"":219786671286100}}",3,success,,51970feb3b9f7672f508ecef80c45376e31541a3d3791d157f67355591bea174,1801.0,4246fcf1c725906701b4c9424429fee0ab075c4dbf0cf366e7ac836e0644c89d,430687.832,"{""checkpoint_and_input_io"":1048.0992,""rollout"":429639.6764,""terrain_io_and_query"":418223.8377999999}",3584364544,18618798080,True,Sampled process RSS is a lower bound; process lifetime peak is not per-trial peak. CPU only.
terrain,lio-surface,abfc3d08d6bf1f25aa30953bbe03852bc36cd450d97329c8f3fe44db2d9e2d94,runtime_cold,"{""actual_horizon_seconds"":1801.0,""hardware_sha256"":""4246fcf1c725906701b4c9424429fee0ab075c4dbf0cf366e7ac836e0644c89d"",""trial"":{""baseline_rss_bytes"":2675441664,""end_to_end_ms"":577800.6332,""ended_monotonic_ns"":220799780323300,""gpu_memory"":{""reason"":""CPU-only timed workload"",""status"":""not_applicable""},""inclusive_stage_ms"":{""checkpoint_and_input_io"":1013.6984,""rollout"":576786.8697,""terrain_io_and_query"":562538.6319},""memory_sample_seconds"":0.01,""process_lifetime_peak_rss_bytes"":18618798080,""sampled_peak_increment_bytes"":838569984,""sampled_peak_rss_bytes"":3514011648,""started_monotonic_ns"":220221979690100}}",4,success,,88c50dab0a16f997e6777902ada49194c69a66daa9b55042e1e54a3fe89ddfc9,1801.0,4246fcf1c725906701b4c9424429fee0ab075c4dbf0cf366e7ac836e0644c89d,577800.6332,"{""checkpoint_and_input_io"":1013.6984,""rollout"":576786.8697,""terrain_io_and_query"":562538.6319}",3514011648,18618798080,True,Sampled process RSS is a lower bound; process lifetime peak is not per-trial peak. CPU only.
terrain,lio-surface,e305a4a019f3a545dd8cd9d248ab86e5a0222bc3908e6e9170b7a55bce77acab,runtime_warm,"{""actual_horizon_seconds"":1801.0,""hardware_sha256"":""4246fcf1c725906701b4c9424429fee0ab075c4dbf0cf366e7ac836e0644c89d"",""trial"":{""baseline_rss_bytes"":3504463872,""end_to_end_ms"":441633.3373,""ended_monotonic_ns"":221759825325300,""gpu_memory"":{""reason"":""CPU-only timed workload"",""status"":""not_applicable""},""inclusive_stage_ms"":{""checkpoint_and_input_io"":0.0,""rollout"":441633.286,""terrain_io_and_query"":428422.2837999997},""memory_sample_seconds"":0.01,""process_lifetime_peak_rss_bytes"":18618798080,""sampled_peak_increment_bytes"":8970240,""sampled_peak_rss_bytes"":3513434112,""started_monotonic_ns"":221318191988000}}",0,success,True,3715f87d9f62eece054d5d1117452b57cb86a06c7d435599a18de20b00b10249,1801.0,4246fcf1c725906701b4c9424429fee0ab075c4dbf0cf366e7ac836e0644c89d,441633.3373,"{""checkpoint_and_input_io"":0.0,""rollout"":441633.286,""terrain_io_and_query"":428422.2837999997}",3513434112,18618798080,True,Sampled process RSS is a lower bound; process lifetime peak is not per-trial peak. CPU only.
terrain,lio-surface,236d6d62db07c2e5692c523651c2bbb2c4c881f48589da0533e0ac6ff8cac45e,runtime_warm,"{""actual_horizon_seconds"":1801.0,""hardware_sha256"":""4246fcf1c725906701b4c9424429fee0ab075c4dbf0cf366e7ac836e0644c89d"",""trial"":{""baseline_rss_bytes"":3434176512,""end_to_end_ms"":534766.8196,""ended_monotonic_ns"":222295717029600,""gpu_memory"":{""reason"":""CPU-only timed workload"",""status"":""not_applicable""},""inclusive_stage_ms"":{""checkpoint_and_input_io"":0.0,""rollout"":534766.766,""terrain_io_and_query"":518442.0719},""memory_sample_seconds"":0.01,""process_lifetime_peak_rss_bytes"":18618798080,""sampled_peak_increment_bytes"":3321856,""sampled_peak_rss_bytes"":3437498368,""started_monotonic_ns"":221760950210000}}",1,success,True,7e080c9e281c83adb5bbe14893fabfc5539c6b18fa603b549e447bd9b25fd473,1801.0,4246fcf1c725906701b4c9424429fee0ab075c4dbf0cf366e7ac836e0644c89d,534766.8196,"{""checkpoint_and_input_io"":0.0,""rollout"":534766.766,""terrain_io_and_query"":518442.0719}",3437498368,18618798080,True,Sampled process RSS is a lower bound; process lifetime peak is not per-trial peak. CPU only.
terrain,lio-surface,d4abf76c07576d924c22ddb244d9afea9a560aacc3e1a48d03f9455772eecf48,runtime_warm,"{""actual_horizon_seconds"":1801.0,""hardware_sha256"":""4246fcf1c725906701b4c9424429fee0ab075c4dbf0cf366e7ac836e0644c89d"",""trial"":{""baseline_rss_bytes"":3273723904,""end_to_end_ms"":527647.4053,""ended_monotonic_ns"":222825404100000,""gpu_memory"":{""reason"":""CPU-only timed workload"",""status"":""not_applicable""},""inclusive_stage_ms"":{""checkpoint_and_input_io"":0.0,""rollout"":527647.3553,""terrain_io_and_query"":511444.6843000001},""memory_sample_seconds"":0.01,""process_lifetime_peak_rss_bytes"":18618798080,""sampled_peak_increment_bytes"":8974336,""sampled_peak_rss_bytes"":3282698240,""started_monotonic_ns"":222297756694700}}",2,success,True,a3c59651666c51ef9d2659726505943cd3d9611fc254ba0ee5c374718495e8aa,1801.0,4246fcf1c725906701b4c9424429fee0ab075c4dbf0cf366e7ac836e0644c89d,527647.4053,"{""checkpoint_and_input_io"":0.0,""rollout"":527647.3553,""terrain_io_and_query"":511444.6843000001}",3282698240,18618798080,True,Sampled process RSS is a lower bound; process lifetime peak is not per-trial peak. CPU only.
terrain,lio-surface,e8cbb28adba9180dd120dfb95c85051b6515b4793ce5ced7b6961d91f4368684,runtime_warm,"{""actual_horizon_seconds"":1801.0,""hardware_sha256"":""4246fcf1c725906701b4c9424429fee0ab075c4dbf0cf366e7ac836e0644c89d"",""trial"":{""baseline_rss_bytes"":2268639232,""end_to_end_ms"":466872.9119,""ended_monotonic_ns"":223293604620700,""gpu_memory"":{""reason"":""CPU-only timed workload"",""status"":""not_applicable""},""inclusive_stage_ms"":{""checkpoint_and_input_io"":0.0,""rollout"":466872.8684,""terrain_io_and_query"":452744.7651000002},""memory_sample_seconds"":0.01,""process_lifetime_peak_rss_bytes"":18618798080,""sampled_peak_increment_bytes"":8970240,""sampled_peak_rss_bytes"":2277609472,""started_monotonic_ns"":222826731708800}}",3,success,True,75618157903132f084cb1c8d8e3ebc9df1bc215cfb5e6b9a65e9afbab3cbb8b9,1801.0,4246fcf1c725906701b4c9424429fee0ab075c4dbf0cf366e7ac836e0644c89d,466872.9119,"{""checkpoint_and_input_io"":0.0,""rollout"":466872.8684,""terrain_io_and_query"":452744.7651000002}",2277609472,18618798080,True,Sampled process RSS is a lower bound; process lifetime peak is not per-trial peak. CPU only.
terrain,lio-surface,39afecb14d0aa879a5f72b1bd9c8d2c60af3ef955b2782c090494935e28db6f4,runtime_warm,"{""actual_horizon_seconds"":1801.0,""hardware_sha256"":""4246fcf1c725906701b4c9424429fee0ab075c4dbf0cf366e7ac836e0644c89d"",""trial"":{""baseline_rss_bytes"":1329295360,""end_to_end_ms"":499078.103,""ended_monotonic_ns"":223794054254400,""gpu_memory"":{""reason"":""CPU-only timed workload"",""status"":""not_applicable""},""inclusive_stage_ms"":{""checkpoint_and_input_io"":0.0,""rollout"":499078.05,""terrain_io_and_query"":483752.3539999997},""memory_sample_seconds"":0.01,""process_lifetime_peak_rss_bytes"":18618798080,""sampled_peak_increment_bytes"":8572928,""sampled_peak_rss_bytes"":1337868288,""started_monotonic_ns"":223294976151400}}",4,success,True,723f59cebe14bed9b838fb947fe4422cd45cb6a6479e623e379df85bd45846f0,1801.0,4246fcf1c725906701b4c9424429fee0ab075c4dbf0cf366e7ac836e0644c89d,499078.103,"{""checkpoint_and_input_io"":0.0,""rollout"":499078.05,""terrain_io_and_query"":483752.3539999997}",1337868288,18618798080,True,Sampled process RSS is a lower bound; process lifetime peak is not per-trial peak. CPU only.
terrain,lio-surface,f417215ef466a8b06a8ee6cc744e999105c1314d0fe82a1bf36f4b6c72901236,runtime_warmup,"{""actual_horizon_seconds"":1801.0,""hardware_sha256"":""4246fcf1c725906701b4c9424429fee0ab075c4dbf0cf366e7ac836e0644c89d"",""trial"":{""baseline_rss_bytes"":2649800704,""end_to_end_ms"":512416.5808,""ended_monotonic_ns"":221316526500300,""gpu_memory"":{""reason"":""CPU-only timed workload"",""status"":""not_applicable""},""inclusive_stage_ms"":{""checkpoint_and_input_io"":1312.5802,""rollout"":511103.9303,""terrain_io_and_query"":498147.06679999985},""memory_sample_seconds"":0.01,""process_lifetime_peak_rss_bytes"":18618798080,""sampled_peak_increment_bytes"":873500672,""sampled_peak_rss_bytes"":3523301376,""started_monotonic_ns"":220804109919500}}",0,success,,2edb96934bab7f76a563a7a22b0f323cd7f1e6f4633c5858065d4f4b24605928,1801.0,4246fcf1c725906701b4c9424429fee0ab075c4dbf0cf366e7ac836e0644c89d,512416.5808,"{""checkpoint_and_input_io"":1312.5802,""rollout"":511103.9303,""terrain_io_and_query"":498147.06679999985}",3523301376,18618798080,False,Sampled process RSS is a lower bound; process lifetime peak is not per-trial peak. CPU only.
terrain,lio-worldcover,929e504b8e0daa5704b6508b52856bbb0d1513382c83d260c2b98a5ecac2efc7,runtime_cold,"{""actual_horizon_seconds"":1801.0,""hardware_sha256"":""4246fcf1c725906701b4c9424429fee0ab075c4dbf0cf366e7ac836e0644c89d"",""trial"":{""baseline_rss_bytes"":1078427648,""end_to_end_ms"":575517.8101,""ended_monotonic_ns"":224704311775900,""gpu_memory"":{""reason"":""CPU-only timed workload"",""status"":""not_applicable""},""inclusive_stage_ms"":{""checkpoint_and_input_io"":1237.7327,""rollout"":574280.0112,""terrain_io_and_query"":566239.6643000005},""memory_sample_seconds"":0.01,""process_lifetime_peak_rss_bytes"":18618798080,""sampled_peak_increment_bytes"":2308988928,""sampled_peak_rss_bytes"":3387416576,""started_monotonic_ns"":224128793965800}}",0,success,,b2020d172c05fa3164975efd135e6b2fc7cce389db8d56cb6c13bee0b5221c0a,1801.0,4246fcf1c725906701b4c9424429fee0ab075c4dbf0cf366e7ac836e0644c89d,575517.8101,"{""checkpoint_and_input_io"":1237.7327,""rollout"":574280.0112,""terrain_io_and_query"":566239.6643000005}",3387416576,18618798080,True,Sampled process RSS is a lower bound; process lifetime peak is not per-trial peak. CPU only.
terrain,lio-worldcover,38a0f7a5ea43bfc73e01833ed6c06822fd3f628605f0a94e20f94ab37af3a14c,runtime_cold,"{""actual_horizon_seconds"":1801.0,""hardware_sha256"":""4246fcf1c725906701b4c9424429fee0ab075c4dbf0cf366e7ac836e0644c89d"",""trial"":{""baseline_rss_bytes"":2549424128,""end_to_end_ms"":517056.2689,""ended_monotonic_ns"":225226939906600,""gpu_memory"":{""reason"":""CPU-only timed workload"",""status"":""not_applicable""},""inclusive_stage_ms"":{""checkpoint_and_input_io"":1289.066,""rollout"":515767.1399,""terrain_io_and_query"":509020.8541000002},""memory_sample_seconds"":0.01,""process_lifetime_peak_rss_bytes"":18618798080,""sampled_peak_increment_bytes"":931811328,""sampled_peak_rss_bytes"":3481235456,""started_monotonic_ns"":224709883637700}}",1,success,,7864bc4f7afc6639326fa9611927ab20f1b7cf61cea4f2ff8a6e8ffd10cfe3fa,1801.0,4246fcf1c725906701b4c9424429fee0ab075c4dbf0cf366e7ac836e0644c89d,517056.2689,"{""checkpoint_and_input_io"":1289.066,""rollout"":515767.1399,""terrain_io_and_query"":509020.8541000002}",3481235456,18618798080,True,Sampled process RSS is a lower bound; process lifetime peak is not per-trial peak. CPU only.
terrain,lio-worldcover,b4646a4cf70ff51ba953d6feecda7548b78f40cf9fa0f01faa00cb3ea260d764,runtime_cold,"{""actual_horizon_seconds"":1801.0,""hardware_sha256"":""4246fcf1c725906701b4c9424429fee0ab075c4dbf0cf366e7ac836e0644c89d"",""trial"":{""baseline_rss_bytes"":2664787968,""end_to_end_ms"":504803.9289,""ended_monotonic_ns"":225736812229400,""gpu_memory"":{""reason"":""CPU-only timed workload"",""status"":""not_applicable""},""inclusive_stage_ms"":{""checkpoint_and_input_io"":1368.0503,""rollout"":503435.8022,""terrain_io_and_query"":496316.2138999999},""memory_sample_seconds"":0.01,""process_lifetime_peak_rss_bytes"":18618798080,""sampled_peak_increment_bytes"":823791616,""sampled_peak_rss_bytes"":3488579584,""started_monotonic_ns"":225232008300500}}",2,success,,543f97b57d5c8632433a8bbe96b59aa7fa0acad768843d489b84eaa82292ea77,1801.0,4246fcf1c725906701b4c9424429fee0ab075c4dbf0cf366e7ac836e0644c89d,504803.9289,"{""checkpoint_and_input_io"":1368.0503,""rollout"":503435.8022,""terrain_io_and_query"":496316.2138999999}",3488579584,18618798080,True,Sampled process RSS is a lower bound; process lifetime peak is not per-trial peak. CPU only.
terrain,lio-worldcover,90f6e4b9cb6381f5c9ee6ab89f1e1d2328051c48bfdb43c0abdc54960a6f677f,runtime_cold,"{""actual_horizon_seconds"":1801.0,""hardware_sha256"":""4246fcf1c725906701b4c9424429fee0ab075c4dbf0cf366e7ac836e0644c89d"",""trial"":{""baseline_rss_bytes"":2608414720,""end_to_end_ms"":538436.72,""ended_monotonic_ns"":226280756385900,""gpu_memory"":{""reason"":""CPU-only timed workload"",""status"":""not_applicable""},""inclusive_stage_ms"":{""checkpoint_and_input_io"":1378.4669,""rollout"":537058.1822,""terrain_io_and_query"":529939.1045000002},""memory_sample_seconds"":0.01,""process_lifetime_peak_rss_bytes"":18618798080,""sampled_peak_increment_bytes"":818745344,""sampled_peak_rss_bytes"":3427160064,""started_monotonic_ns"":225742319665900}}",3,success,,795661070c7f55779fe420b563535f2d54ff83b763f62248fe14632d97ac744e,1801.0,4246fcf1c725906701b4c9424429fee0ab075c4dbf0cf366e7ac836e0644c89d,538436.72,"{""checkpoint_and_input_io"":1378.4669,""rollout"":537058.1822,""terrain_io_and_query"":529939.1045000002}",3427160064,18618798080,True,Sampled process RSS is a lower bound; process lifetime peak is not per-trial peak. CPU only.
terrain,lio-worldcover,6c50140ed96d15b543d90517c5860f4a67b871f3920bb6ac86e4d0b4ffdb9977,runtime_cold,"{""actual_horizon_seconds"":1801.0,""hardware_sha256"":""4246fcf1c725906701b4c9424429fee0ab075c4dbf0cf366e7ac836e0644c89d"",""trial"":{""baseline_rss_bytes"":2475958272,""end_to_end_ms"":525180.315,""ended_monotonic_ns"":226811110675100,""gpu_memory"":{""reason"":""CPU-only timed workload"",""status"":""not_applicable""},""inclusive_stage_ms"":{""checkpoint_and_input_io"":1416.0722,""rollout"":523764.1741,""terrain_io_and_query"":515756.7738999998},""memory_sample_seconds"":0.01,""process_lifetime_peak_rss_bytes"":18618798080,""sampled_peak_increment_bytes"":818860032,""sampled_peak_rss_bytes"":3294818304,""started_monotonic_ns"":226285930360100}}",4,success,,16f7e1eac1b8dbd046f75233fe20db0a909b79e9965ec99a0afa252103f819e8,1801.0,4246fcf1c725906701b4c9424429fee0ab075c4dbf0cf366e7ac836e0644c89d,525180.315,"{""checkpoint_and_input_io"":1416.0722,""rollout"":523764.1741,""terrain_io_and_query"":515756.7738999998}",3294818304,18618798080,True,Sampled process RSS is a lower bound; process lifetime peak is not per-trial peak. CPU only.
terrain,lio-worldcover,14fb10aa43b6cd355c43f834dc5d0591987dc5e00169ce1c1ea7a4804f9019d3,runtime_warm,"{""actual_horizon_seconds"":1801.0,""hardware_sha256"":""4246fcf1c725906701b4c9424429fee0ab075c4dbf0cf366e7ac836e0644c89d"",""trial"":{""baseline_rss_bytes"":3278770176,""end_to_end_ms"":482197.9432,""ended_monotonic_ns"":227895522011400,""gpu_memory"":{""reason"":""CPU-only timed workload"",""status"":""not_applicable""},""inclusive_stage_ms"":{""checkpoint_and_input_io"":0.0,""rollout"":482197.8881,""terrain_io_and_query"":473637.90140000026},""memory_sample_seconds"":0.01,""process_lifetime_peak_rss_bytes"":18618798080,""sampled_peak_increment_bytes"":3084288,""sampled_peak_rss_bytes"":3281854464,""started_monotonic_ns"":227413324068200}}",0,success,True,97afd88d0bec75b33924f4a960a028e2fd8a4e7286cb7bafe222d3d597ebc489,1801.0,4246fcf1c725906701b4c9424429fee0ab075c4dbf0cf366e7ac836e0644c89d,482197.9432,"{""checkpoint_and_input_io"":0.0,""rollout"":482197.8881,""terrain_io_and_query"":473637.90140000026}",3281854464,18618798080,True,Sampled process RSS is a lower bound; process lifetime peak is not per-trial peak. CPU only.
terrain,lio-worldcover,0c74e2b4e1def16bee2484c8e6d3d27fdd02003a0b4b9999457d51f45e98119b,runtime_warm,"{""actual_horizon_seconds"":1801.0,""hardware_sha256"":""4246fcf1c725906701b4c9424429fee0ab075c4dbf0cf366e7ac836e0644c89d"",""trial"":{""baseline_rss_bytes"":3271602176,""end_to_end_ms"":437682.6865,""ended_monotonic_ns"":228334697842500,""gpu_memory"":{""reason"":""CPU-only timed workload"",""status"":""not_applicable""},""inclusive_stage_ms"":{""checkpoint_and_input_io"":0.0,""rollout"":437682.6287,""terrain_io_and_query"":430172.01200000005},""memory_sample_seconds"":0.01,""process_lifetime_peak_rss_bytes"":18618798080,""sampled_peak_increment_bytes"":8970240,""sampled_peak_rss_bytes"":3280572416,""started_monotonic_ns"":227897015156000}}",1,success,True,db1771e6ae45dca59683c5e1694226489b4116ef9f278dbf1f7e6ee12a720ad5,1801.0,4246fcf1c725906701b4c9424429fee0ab075c4dbf0cf366e7ac836e0644c89d,437682.6865,"{""checkpoint_and_input_io"":0.0,""rollout"":437682.6287,""terrain_io_and_query"":430172.01200000005}",3280572416,18618798080,True,Sampled process RSS is a lower bound; process lifetime peak is not per-trial peak. CPU only.
terrain,lio-worldcover,eab0e80d203e205adf8088aff3949f24b354a519080dc9e2b7ccde7198a4df32,runtime_warm,"{""actual_horizon_seconds"":1801.0,""hardware_sha256"":""4246fcf1c725906701b4c9424429fee0ab075c4dbf0cf366e7ac836e0644c89d"",""trial"":{""baseline_rss_bytes"":3265458176,""end_to_end_ms"":444974.108,""ended_monotonic_ns"":228780922345500,""gpu_memory"":{""reason"":""CPU-only timed workload"",""status"":""not_applicable""},""inclusive_stage_ms"":{""checkpoint_and_input_io"":0.0,""rollout"":444974.0589,""terrain_io_and_query"":437356.3969999997},""memory_sample_seconds"":0.01,""process_lifetime_peak_rss_bytes"":18618798080,""sampled_peak_increment_bytes"":8974336,""sampled_peak_rss_bytes"":3274432512,""started_monotonic_ns"":228335948237500}}",2,success,True,c80268185f2933354e088031e3403709e3757eb774d951e5ace70db4ba06c57e,1801.0,4246fcf1c725906701b4c9424429fee0ab075c4dbf0cf366e7ac836e0644c89d,444974.108,"{""checkpoint_and_input_io"":0.0,""rollout"":444974.0589,""terrain_io_and_query"":437356.3969999997}",3274432512,18618798080,True,Sampled process RSS is a lower bound; process lifetime peak is not per-trial peak. CPU only.
terrain,lio-worldcover,a203e48c93b711abf9178b11616ae65eba4afbdb506f27dfa026f20c9ce05993,runtime_warm,"{""actual_horizon_seconds"":1801.0,""hardware_sha256"":""4246fcf1c725906701b4c9424429fee0ab075c4dbf0cf366e7ac836e0644c89d"",""trial"":{""baseline_rss_bytes"":2289844224,""end_to_end_ms"":499912.6045,""ended_monotonic_ns"":229281969523000,""gpu_memory"":{""reason"":""CPU-only timed workload"",""status"":""not_applicable""},""inclusive_stage_ms"":{""checkpoint_and_input_io"":0.0,""rollout"":499912.5538,""terrain_io_and_query"":491495.6746000001},""memory_sample_seconds"":0.01,""process_lifetime_peak_rss_bytes"":18618798080,""sampled_peak_increment_bytes"":3416064,""sampled_peak_rss_bytes"":2293260288,""started_monotonic_ns"":228782056918500}}",3,success,True,bac3430a2ff60f3ef2878f307511d85ab2b1fc4de68b212eb500102d41ff646e,1801.0,4246fcf1c725906701b4c9424429fee0ab075c4dbf0cf366e7ac836e0644c89d,499912.6045,"{""checkpoint_and_input_io"":0.0,""rollout"":499912.5538,""terrain_io_and_query"":491495.6746000001}",2293260288,18618798080,True,Sampled process RSS is a lower bound; process lifetime peak is not per-trial peak. CPU only.
terrain,lio-worldcover,7854c5e6fe764a852fd54c4f89acbaf8b6e2629ee706fd346e881ef6e7aa2b10,runtime_warm,"{""actual_horizon_seconds"":1801.0,""hardware_sha256"":""4246fcf1c725906701b4c9424429fee0ab075c4dbf0cf366e7ac836e0644c89d"",""trial"":{""baseline_rss_bytes"":1552351232,""end_to_end_ms"":441235.4228,""ended_monotonic_ns"":229724731441600,""gpu_memory"":{""reason"":""CPU-only timed workload"",""status"":""not_applicable""},""inclusive_stage_ms"":{""checkpoint_and_input_io"":0.0,""rollout"":441235.3646,""terrain_io_and_query"":433600.4601},""memory_sample_seconds"":0.01,""process_lifetime_peak_rss_bytes"":18618798080,""sampled_peak_increment_bytes"":8970240,""sampled_peak_rss_bytes"":1561321472,""started_monotonic_ns"":229283496018800}}",4,success,True,52197390551f11f19aa161a12438d7a605fd4b1a2e3cd05ccd34d19f8e1678d9,1801.0,4246fcf1c725906701b4c9424429fee0ab075c4dbf0cf366e7ac836e0644c89d,441235.4228,"{""checkpoint_and_input_io"":0.0,""rollout"":441235.3646,""terrain_io_and_query"":433600.4601}",1561321472,18618798080,True,Sampled process RSS is a lower bound; process lifetime peak is not per-trial peak. CPU only.
terrain,lio-worldcover,6b54a6843879490ff0d92bd9300ed10ac9ae5a122eeb0317b3660252d9066aca,runtime_warmup,"{""actual_horizon_seconds"":1801.0,""hardware_sha256"":""4246fcf1c725906701b4c9424429fee0ab075c4dbf0cf366e7ac836e0644c89d"",""trial"":{""baseline_rss_bytes"":2494504960,""end_to_end_ms"":593679.2782,""ended_monotonic_ns"":227412164407400,""gpu_memory"":{""reason"":""CPU-only timed workload"",""status"":""not_applicable""},""inclusive_stage_ms"":{""checkpoint_and_input_io"":1427.3855,""rollout"":592251.572,""terrain_io_and_query"":583388.2450999998},""memory_sample_seconds"":0.01,""process_lifetime_peak_rss_bytes"":18618798080,""sampled_peak_increment_bytes"":805683200,""sampled_peak_rss_bytes"":3300188160,""started_monotonic_ns"":226818485129200}}",0,success,,4606984e58039029e2cc83c7770cc6d15b4955dd8b617b0a1e3a7eec1747d381,1801.0,4246fcf1c725906701b4c9424429fee0ab075c4dbf0cf366e7ac836e0644c89d,593679.2782,"{""checkpoint_and_input_io"":1427.3855,""rollout"":592251.572,""terrain_io_and_query"":583388.2450999998}",3300188160,18618798080,False,Sampled process RSS is a lower bound; process lifetime peak is not per-trial peak. CPU only.
terrain,loo-river,b3f5dd06400a0677e3906b9194190ba4cced83b8acf6f90fcc0e7f3a2c27ed03,runtime_cold,"{""actual_horizon_seconds"":1801.0,""hardware_sha256"":""4246fcf1c725906701b4c9424429fee0ab075c4dbf0cf366e7ac836e0644c89d"",""trial"":{""baseline_rss_bytes"":1072631808,""end_to_end_ms"":584882.8012,""ended_monotonic_ns"":230627755784500,""gpu_memory"":{""reason"":""CPU-only timed workload"",""status"":""not_applicable""},""inclusive_stage_ms"":{""checkpoint_and_input_io"":1153.2941,""rollout"":583729.4213,""terrain_io_and_query"":560148.2779999997},""memory_sample_seconds"":0.01,""process_lifetime_peak_rss_bytes"":18618798080,""sampled_peak_increment_bytes"":1346301952,""sampled_peak_rss_bytes"":2418933760,""started_monotonic_ns"":230042872983300}}",0,success,,93b49bdc66815d5671aecc67674d76ea4a34c497160c8b4ef72eb2b08de38c60,1801.0,4246fcf1c725906701b4c9424429fee0ab075c4dbf0cf366e7ac836e0644c89d,584882.8012,"{""checkpoint_and_input_io"":1153.2941,""rollout"":583729.4213,""terrain_io_and_query"":560148.2779999997}",2418933760,18618798080,True,Sampled process RSS is a lower bound; process lifetime peak is not per-trial peak. CPU only.
terrain,loo-river,47b8e86bc3b03f9da41c51b18e25766ba6b771c8bd63cb2217ca84f2214fa73e,runtime_cold,"{""actual_horizon_seconds"":1801.0,""hardware_sha256"":""4246fcf1c725906701b4c9424429fee0ab075c4dbf0cf366e7ac836e0644c89d"",""trial"":{""baseline_rss_bytes"":1638543360,""end_to_end_ms"":684207.3506,""ended_monotonic_ns"":231318580327500,""gpu_memory"":{""reason"":""CPU-only timed workload"",""status"":""not_applicable""},""inclusive_stage_ms"":{""checkpoint_and_input_io"":1445.8279,""rollout"":682761.4252,""terrain_io_and_query"":656249.3225000002},""memory_sample_seconds"":0.01,""process_lifetime_peak_rss_bytes"":18618798080,""sampled_peak_increment_bytes"":1773260800,""sampled_peak_rss_bytes"":3411804160,""started_monotonic_ns"":230634372976900}}",1,success,,2305cb43d4049555cbb73f8d4c1369c4e3dd8845fc236f6cdbe9317c8379126b,1801.0,4246fcf1c725906701b4c9424429fee0ab075c4dbf0cf366e7ac836e0644c89d,684207.3506,"{""checkpoint_and_input_io"":1445.8279,""rollout"":682761.4252,""terrain_io_and_query"":656249.3225000002}",3411804160,18618798080,True,Sampled process RSS is a lower bound; process lifetime peak is not per-trial peak. CPU only.
terrain,loo-river,a9eecf2fcfcb9c5ce0e5693b2f31712ba9016ff888c7596deb52be0cb08f5740,runtime_cold,"{""actual_horizon_seconds"":1801.0,""hardware_sha256"":""4246fcf1c725906701b4c9424429fee0ab075c4dbf0cf366e7ac836e0644c89d"",""trial"":{""baseline_rss_bytes"":2633265152,""end_to_end_ms"":771975.6442,""ended_monotonic_ns"":232099656943000,""gpu_memory"":{""reason"":""CPU-only timed workload"",""status"":""not_applicable""},""inclusive_stage_ms"":{""checkpoint_and_input_io"":1798.3911,""rollout"":770177.1802,""terrain_io_and_query"":738573.2707999998},""memory_sample_seconds"":0.01,""process_lifetime_peak_rss_bytes"":18618798080,""sampled_peak_increment_bytes"":829452288,""sampled_peak_rss_bytes"":3462717440,""started_monotonic_ns"":231327681298800}}",2,success,,419c16af0b3ea35f612f5a73f691a6e8178307f6a8c030ecce5bbc3c31ea92ad,1801.0,4246fcf1c725906701b4c9424429fee0ab075c4dbf0cf366e7ac836e0644c89d,771975.6442,"{""checkpoint_and_input_io"":1798.3911,""rollout"":770177.1802,""terrain_io_and_query"":738573.2707999998}",3462717440,18618798080,True,Sampled process RSS is a lower bound; process lifetime peak is not per-trial peak. CPU only.
terrain,loo-river,b06aa18fe7daa7a955c1728ca5d51f7ba967a8f0e2e84edb3fa7b2e72d3c5cf2,runtime_cold,"{""actual_horizon_seconds"":1801.0,""hardware_sha256"":""4246fcf1c725906701b4c9424429fee0ab075c4dbf0cf366e7ac836e0644c89d"",""trial"":{""baseline_rss_bytes"":2581827584,""end_to_end_ms"":650146.1273,""ended_monotonic_ns"":232756823845400,""gpu_memory"":{""reason"":""CPU-only timed workload"",""status"":""not_applicable""},""inclusive_stage_ms"":{""checkpoint_and_input_io"":1903.0694,""rollout"":648242.9812,""terrain_io_and_query"":620323.8924000001},""memory_sample_seconds"":0.01,""process_lifetime_peak_rss_bytes"":18618798080,""sampled_peak_increment_bytes"":867586048,""sampled_peak_rss_bytes"":3449413632,""started_monotonic_ns"":232106677718100}}",3,success,,f016a54da8965ec362c124ef816bd20effb03f19e7a0acdf4c4987437abcd72d,1801.0,4246fcf1c725906701b4c9424429fee0ab075c4dbf0cf366e7ac836e0644c89d,650146.1273,"{""checkpoint_and_input_io"":1903.0694,""rollout"":648242.9812,""terrain_io_and_query"":620323.8924000001}",3449413632,18618798080,True,Sampled process RSS is a lower bound; process lifetime peak is not per-trial peak. CPU only.
terrain,loo-river,b794f7b38f436bf0696a1b03374b886cf5b4a65469bc8f591aad31b3e79b7cee,runtime_cold,"{""actual_horizon_seconds"":1801.0,""hardware_sha256"":""4246fcf1c725906701b4c9424429fee0ab075c4dbf0cf366e7ac836e0644c89d"",""trial"":{""baseline_rss_bytes"":2554392576,""end_to_end_ms"":520876.3014,""ended_monotonic_ns"":233284224767900,""gpu_memory"":{""reason"":""CPU-only timed workload"",""status"":""not_applicable""},""inclusive_stage_ms"":{""checkpoint_and_input_io"":1611.2752,""rollout"":519264.9533,""terrain_io_and_query"":498222.3637000003},""memory_sample_seconds"":0.01,""process_lifetime_peak_rss_bytes"":18618798080,""sampled_peak_increment_bytes"":804065280,""sampled_peak_rss_bytes"":3358457856,""started_monotonic_ns"":232763348466500}}",4,success,,e2a6c0f64515026a50a591adddad76ba204d6556b5f8dc8fe5e90b83fbf1ceda,1801.0,4246fcf1c725906701b4c9424429fee0ab075c4dbf0cf366e7ac836e0644c89d,520876.3014,"{""checkpoint_and_input_io"":1611.2752,""rollout"":519264.9533,""terrain_io_and_query"":498222.3637000003}",3358457856,18618798080,True,Sampled process RSS is a lower bound; process lifetime peak is not per-trial peak. CPU only.
terrain,loo-river,fc29b0ab2196e5f1b2eb66942ed364722b942718309aaa4e0da024850e0d345e,runtime_warm,"{""actual_horizon_seconds"":1801.0,""hardware_sha256"":""4246fcf1c725906701b4c9424429fee0ab075c4dbf0cf366e7ac836e0644c89d"",""trial"":{""baseline_rss_bytes"":3347283968,""end_to_end_ms"":606910.9208,""ended_monotonic_ns"":234676993963400,""gpu_memory"":{""reason"":""CPU-only timed workload"",""status"":""not_applicable""},""inclusive_stage_ms"":{""checkpoint_and_input_io"":0.0,""rollout"":606910.872,""terrain_io_and_query"":578038.4283},""memory_sample_seconds"":0.01,""process_lifetime_peak_rss_bytes"":18618798080,""sampled_peak_increment_bytes"":8970240,""sampled_peak_rss_bytes"":3356254208,""started_monotonic_ns"":234070083042600}}",0,success,True,c25a40d128f670952f71dd0f3238814050806a150c8fff290d47f605c3ec273c,1801.0,4246fcf1c725906701b4c9424429fee0ab075c4dbf0cf366e7ac836e0644c89d,606910.9208,"{""checkpoint_and_input_io"":0.0,""rollout"":606910.872,""terrain_io_and_query"":578038.4283}",3356254208,18618798080,True,Sampled process RSS is a lower bound; process lifetime peak is not per-trial peak. CPU only.
terrain,loo-river,1882f0ea614e57dab22ce636d35d8a30e76e93eb8e0b35e1c9ed2e88daae8c1c,runtime_warm,"{""actual_horizon_seconds"":1801.0,""hardware_sha256"":""4246fcf1c725906701b4c9424429fee0ab075c4dbf0cf366e7ac836e0644c89d"",""trial"":{""baseline_rss_bytes"":2757332992,""end_to_end_ms"":536506.6248,""ended_monotonic_ns"":235214871534900,""gpu_memory"":{""reason"":""CPU-only timed workload"",""status"":""not_applicable""},""inclusive_stage_ms"":{""checkpoint_and_input_io"":0.0,""rollout"":536506.5731,""terrain_io_and_query"":511182.80220000027},""memory_sample_seconds"":0.01,""process_lifetime_peak_rss_bytes"":18618798080,""sampled_peak_increment_bytes"":6533120,""sampled_peak_rss_bytes"":2763866112,""started_monotonic_ns"":234678364910100}}",1,success,True,ccfab505f0fa633e1c0c287b82372e929a70fd1dab55ba42a6c19497fc6c775c,1801.0,4246fcf1c725906701b4c9424429fee0ab075c4dbf0cf366e7ac836e0644c89d,536506.6248,"{""checkpoint_and_input_io"":0.0,""rollout"":536506.5731,""terrain_io_and_query"":511182.80220000027}",2763866112,18618798080,True,Sampled process RSS is a lower bound; process lifetime peak is not per-trial peak. CPU only.
terrain,loo-river,7752622972263796bb3d90f77f3333b1fb996e0b0da2054e7f72d37661b1d870,runtime_warm,"{""actual_horizon_seconds"":1801.0,""hardware_sha256"":""4246fcf1c725906701b4c9424429fee0ab075c4dbf0cf366e7ac836e0644c89d"",""trial"":{""baseline_rss_bytes"":2320773120,""end_to_end_ms"":577273.4257,""ended_monotonic_ns"":235793548645800,""gpu_memory"":{""reason"":""CPU-only timed workload"",""status"":""not_applicable""},""inclusive_stage_ms"":{""checkpoint_and_input_io"":0.0,""rollout"":577273.2483,""terrain_io_and_query"":549965.3110999998},""memory_sample_seconds"":0.01,""process_lifetime_peak_rss_bytes"":18618798080,""sampled_peak_increment_bytes"":8970240,""sampled_peak_rss_bytes"":2329743360,""started_monotonic_ns"":235216275220100}}",2,success,True,ecda396f43a5cda92c8467cbc54ed9e5541d4302e5eafb02363b6d32f7695db9,1801.0,4246fcf1c725906701b4c9424429fee0ab075c4dbf0cf366e7ac836e0644c89d,577273.4257,"{""checkpoint_and_input_io"":0.0,""rollout"":577273.2483,""terrain_io_and_query"":549965.3110999998}",2329743360,18618798080,True,Sampled process RSS is a lower bound; process lifetime peak is not per-trial peak. CPU only.
terrain,loo-river,99e187b1ff70df78c2da82721db25d929f33724d619ea0bd8ed165c2b200ddd3,runtime_warm,"{""actual_horizon_seconds"":1801.0,""hardware_sha256"":""4246fcf1c725906701b4c9424429fee0ab075c4dbf0cf366e7ac836e0644c89d"",""trial"":{""baseline_rss_bytes"":317009920,""end_to_end_ms"":442054.3368,""ended_monotonic_ns"":236237322767600,""gpu_memory"":{""reason"":""CPU-only timed workload"",""status"":""not_applicable""},""inclusive_stage_ms"":{""checkpoint_and_input_io"":0.0,""rollout"":442054.2762,""terrain_io_and_query"":421320.8668},""memory_sample_seconds"":0.01,""process_lifetime_peak_rss_bytes"":18618798080,""sampled_peak_increment_bytes"":3751936,""sampled_peak_rss_bytes"":320761856,""started_monotonic_ns"":235795268430800}}",3,success,True,f21febe654d87225e47fc2315983326141e0a56368555f56a136852539062834,1801.0,4246fcf1c725906701b4c9424429fee0ab075c4dbf0cf366e7ac836e0644c89d,442054.3368,"{""checkpoint_and_input_io"":0.0,""rollout"":442054.2762,""terrain_io_and_query"":421320.8668}",320761856,18618798080,True,Sampled process RSS is a lower bound; process lifetime peak is not per-trial peak. CPU only.
terrain,loo-river,07753541c62864c5583da9b655e2e0078db3de5f13ee44151b08e69592885b59,runtime_warm,"{""actual_horizon_seconds"":1801.0,""hardware_sha256"":""4246fcf1c725906701b4c9424429fee0ab075c4dbf0cf366e7ac836e0644c89d"",""trial"":{""baseline_rss_bytes"":313716736,""end_to_end_ms"":408205.7268,""ended_monotonic_ns"":236646625089100,""gpu_memory"":{""reason"":""CPU-only timed workload"",""status"":""not_applicable""},""inclusive_stage_ms"":{""checkpoint_and_input_io"":0.0,""rollout"":408205.6818,""terrain_io_and_query"":389180.9161999998},""memory_sample_seconds"":0.01,""process_lifetime_peak_rss_bytes"":18618798080,""sampled_peak_increment_bytes"":8060928,""sampled_peak_rss_bytes"":321777664,""started_monotonic_ns"":236238419362300}}",4,success,True,c82c85aa836f5d8919fbbebce1836ded56b3809b69f4c9eef62749a447e61e81,1801.0,4246fcf1c725906701b4c9424429fee0ab075c4dbf0cf366e7ac836e0644c89d,408205.7268,"{""checkpoint_and_input_io"":0.0,""rollout"":408205.6818,""terrain_io_and_query"":389180.9161999998}",321777664,18618798080,True,Sampled process RSS is a lower bound; process lifetime peak is not per-trial peak. CPU only.
terrain,loo-river,667b34b1b7807f695bb6be4570aa132b6d050d41cebca4b578e7b4900836aa95,runtime_warmup,"{""actual_horizon_seconds"":1801.0,""hardware_sha256"":""4246fcf1c725906701b4c9424429fee0ab075c4dbf0cf366e7ac836e0644c89d"",""trial"":{""baseline_rss_bytes"":2536419328,""end_to_end_ms"":778817.9765,""ended_monotonic_ns"":234068379521200,""gpu_memory"":{""reason"":""CPU-only timed workload"",""status"":""not_applicable""},""inclusive_stage_ms"":{""checkpoint_and_input_io"":1454.4234,""rollout"":777363.4795,""terrain_io_and_query"":745554.6754000004},""memory_sample_seconds"":0.01,""process_lifetime_peak_rss_bytes"":18618798080,""sampled_peak_increment_bytes"":832733184,""sampled_peak_rss_bytes"":3369152512,""started_monotonic_ns"":233289561544700}}",0,success,,3e6b550d11749ffaeb3095b89a98be2ef7ffb87a3d6d945c01cca1ab009789f9,1801.0,4246fcf1c725906701b4c9424429fee0ab075c4dbf0cf366e7ac836e0644c89d,778817.9765,"{""checkpoint_and_input_io"":1454.4234,""rollout"":777363.4795,""terrain_io_and_query"":745554.6754000004}",3369152512,18618798080,False,Sampled process RSS is a lower bound; process lifetime peak is not per-trial peak. CPU only.
terrain,loo-road,f56cba134afcc2f6a74cbdf8f79053ea113b75d107dc6931c218de258f72d532,runtime_cold,"{""actual_horizon_seconds"":1801.0,""hardware_sha256"":""4246fcf1c725906701b4c9424429fee0ab075c4dbf0cf366e7ac836e0644c89d"",""trial"":{""baseline_rss_bytes"":1049899008,""end_to_end_ms"":479256.4705,""ended_monotonic_ns"":237426194072200,""gpu_memory"":{""reason"":""CPU-only timed workload"",""status"":""not_applicable""},""inclusive_stage_ms"":{""checkpoint_and_input_io"":1247.8407,""rollout"":478008.5439,""terrain_io_and_query"":459156.2378000003},""memory_sample_seconds"":0.01,""process_lifetime_peak_rss_bytes"":18618798080,""sampled_peak_increment_bytes"":2261782528,""sampled_peak_rss_bytes"":3311681536,""started_monotonic_ns"":236946937601700}}",0,success,,5b26744ab656d24eca6989053a57908a2495d6a43cb473f6cbba6d6a066a3b3a,1801.0,4246fcf1c725906701b4c9424429fee0ab075c4dbf0cf366e7ac836e0644c89d,479256.4705,"{""checkpoint_and_input_io"":1247.8407,""rollout"":478008.5439,""terrain_io_and_query"":459156.2378000003}",3311681536,18618798080,True,Sampled process RSS is a lower bound; process lifetime peak is not per-trial peak. CPU only.
terrain,loo-road,d3eef16e6c47fe1a04d35c2a31230ac7ea6d2d4b6de750e153ca9f4b046c00d4,runtime_cold,"{""actual_horizon_seconds"":1801.0,""hardware_sha256"":""4246fcf1c725906701b4c9424429fee0ab075c4dbf0cf366e7ac836e0644c89d"",""trial"":{""baseline_rss_bytes"":2523455488,""end_to_end_ms"":558594.3928,""ended_monotonic_ns"":237989820046300,""gpu_memory"":{""reason"":""CPU-only timed workload"",""status"":""not_applicable""},""inclusive_stage_ms"":{""checkpoint_and_input_io"":1226.6869,""rollout"":557367.6344,""terrain_io_and_query"":532156.5442000006},""memory_sample_seconds"":0.01,""process_lifetime_peak_rss_bytes"":18618798080,""sampled_peak_increment_bytes"":801267712,""sampled_peak_rss_bytes"":3324723200,""started_monotonic_ns"":237431225653500}}",1,success,,638aaea31c0c148374dad506df781901507b672a3550a9f5bf4c91810946d971,1801.0,4246fcf1c725906701b4c9424429fee0ab075c4dbf0cf366e7ac836e0644c89d,558594.3928,"{""checkpoint_and_input_io"":1226.6869,""rollout"":557367.6344,""terrain_io_and_query"":532156.5442000006}",3324723200,18618798080,True,Sampled process RSS is a lower bound; process lifetime peak is not per-trial peak. CPU only.
terrain,loo-road,6762a98ecdbebaa9525e033e1f8cb70af76d1f793512f526e461f63eed3c9209,runtime_cold,"{""actual_horizon_seconds"":1801.0,""hardware_sha256"":""4246fcf1c725906701b4c9424429fee0ab075c4dbf0cf366e7ac836e0644c89d"",""trial"":{""baseline_rss_bytes"":2567073792,""end_to_end_ms"":752376.9119,""ended_monotonic_ns"":238752208010600,""gpu_memory"":{""reason"":""CPU-only timed workload"",""status"":""not_applicable""},""inclusive_stage_ms"":{""checkpoint_and_input_io"":2316.0702,""rollout"":750060.7569,""terrain_io_and_query"":720889.4838000006},""memory_sample_seconds"":0.01,""process_lifetime_peak_rss_bytes"":18618798080,""sampled_peak_increment_bytes"":809017344,""sampled_peak_rss_bytes"":3376091136,""started_monotonic_ns"":237999831098700}}",2,success,,9baa395323041c75e3efab1b120c421cff15ef0866341ea3caec2fdc4b21738e,1801.0,4246fcf1c725906701b4c9424429fee0ab075c4dbf0cf366e7ac836e0644c89d,752376.9119,"{""checkpoint_and_input_io"":2316.0702,""rollout"":750060.7569,""terrain_io_and_query"":720889.4838000006}",3376091136,18618798080,True,Sampled process RSS is a lower bound; process lifetime peak is not per-trial peak. CPU only.
terrain,loo-road,d5807dc798c88dbc9ec2cae7bc2ae88f19974dd7db449e34e2193091270b2c14,runtime_cold,"{""actual_horizon_seconds"":1801.0,""hardware_sha256"":""4246fcf1c725906701b4c9424429fee0ab075c4dbf0cf366e7ac836e0644c89d"",""trial"":{""baseline_rss_bytes"":2599636992,""end_to_end_ms"":683785.7479,""ended_monotonic_ns"":239442064122000,""gpu_memory"":{""reason"":""CPU-only timed workload"",""status"":""not_applicable""},""inclusive_stage_ms"":{""checkpoint_and_input_io"":1539.1667,""rollout"":682246.5071,""terrain_io_and_query"":654173.9209999999},""memory_sample_seconds"":0.01,""process_lifetime_peak_rss_bytes"":18618798080,""sampled_peak_increment_bytes"":842194944,""sampled_peak_rss_bytes"":3441831936,""started_monotonic_ns"":238758278374100}}",3,success,,04eca0269a745fe69e6c94f0c5d0be78f2a8301a43a758548dadfd238908534e,1801.0,4246fcf1c725906701b4c9424429fee0ab075c4dbf0cf366e7ac836e0644c89d,683785.7479,"{""checkpoint_and_input_io"":1539.1667,""rollout"":682246.5071,""terrain_io_and_query"":654173.9209999999}",3441831936,18618798080,True,Sampled process RSS is a lower bound; process lifetime peak is not per-trial peak. CPU only.
terrain,loo-road,873e7e1a61cefeac6abd62067a292d2378de1868bdf28f8ebbbe1cbf20ac51aa,runtime_cold,"{""actual_horizon_seconds"":1801.0,""hardware_sha256"":""4246fcf1c725906701b4c9424429fee0ab075c4dbf0cf366e7ac836e0644c89d"",""trial"":{""baseline_rss_bytes"":2682150912,""end_to_end_ms"":590770.2116,""ended_monotonic_ns"":240040749427500,""gpu_memory"":{""reason"":""CPU-only timed workload"",""status"":""not_applicable""},""inclusive_stage_ms"":{""checkpoint_and_input_io"":1909.3744,""rollout"":588860.7586,""terrain_io_and_query"":564701.9219000002},""memory_sample_seconds"":0.01,""process_lifetime_peak_rss_bytes"":18618798080,""sampled_peak_increment_bytes"":771125248,""sampled_peak_rss_bytes"":3453276160,""started_monotonic_ns"":239449979215900}}",4,success,,19592925ba19fd3b59bba1e9675fb076e6605d296c5c785e5386d34c83b49cdf,1801.0,4246fcf1c725906701b4c9424429fee0ab075c4dbf0cf366e7ac836e0644c89d,590770.2116,"{""checkpoint_and_input_io"":1909.3744,""rollout"":588860.7586,""terrain_io_and_query"":564701.9219000002}",3453276160,18618798080,True,Sampled process RSS is a lower bound; process lifetime peak is not per-trial peak. CPU only.
terrain,loo-road,ad47d331afbb1be54fb02c4f2aee6d5068947277a80fd91fce3673249bd30422,runtime_warm,"{""actual_horizon_seconds"":1801.0,""hardware_sha256"":""4246fcf1c725906701b4c9424429fee0ab075c4dbf0cf366e7ac836e0644c89d"",""trial"":{""baseline_rss_bytes"":3301662720,""end_to_end_ms"":459157.5968,""ended_monotonic_ns"":241090705845900,""gpu_memory"":{""reason"":""CPU-only timed workload"",""status"":""not_applicable""},""inclusive_stage_ms"":{""checkpoint_and_input_io"":0.0,""rollout"":459157.5497,""terrain_io_and_query"":436815.4881999998},""memory_sample_seconds"":0.01,""process_lifetime_peak_rss_bytes"":18618798080,""sampled_peak_increment_bytes"":8970240,""sampled_peak_rss_bytes"":3310632960,""started_monotonic_ns"":240631548249100}}",0,success,True,00972a019c00ae615e1aa8bd2c5fad17aec6ae4cfdd28d99cb428ac60307f7d1,1801.0,4246fcf1c725906701b4c9424429fee0ab075c4dbf0cf366e7ac836e0644c89d,459157.5968,"{""checkpoint_and_input_io"":0.0,""rollout"":459157.5497,""terrain_io_and_query"":436815.4881999998}",3310632960,18618798080,True,Sampled process RSS is a lower bound; process lifetime peak is not per-trial peak. CPU only.
terrain,loo-road,940cf3e77e60e62ad154a94bb38be406b2765ba78751b6d3e8159f277abbf4d6,runtime_warm,"{""actual_horizon_seconds"":1801.0,""hardware_sha256"":""4246fcf1c725906701b4c9424429fee0ab075c4dbf0cf366e7ac836e0644c89d"",""trial"":{""baseline_rss_bytes"":3285458944,""end_to_end_ms"":536330.6654,""ended_monotonic_ns"":241628171088000,""gpu_memory"":{""reason"":""CPU-only timed workload"",""status"":""not_applicable""},""inclusive_stage_ms"":{""checkpoint_and_input_io"":0.0,""rollout"":536330.616,""terrain_io_and_query"":509794.8131999999},""memory_sample_seconds"":0.01,""process_lifetime_peak_rss_bytes"":18618798080,""sampled_peak_increment_bytes"":4517888,""sampled_peak_rss_bytes"":3289976832,""started_monotonic_ns"":241091840422600}}",1,success,True,b1329b0ca07f06ce24edd558b833955d797000b9f7319f06308ddacd0e2e75c4,1801.0,4246fcf1c725906701b4c9424429fee0ab075c4dbf0cf366e7ac836e0644c89d,536330.6654,"{""checkpoint_and_input_io"":0.0,""rollout"":536330.616,""terrain_io_and_query"":509794.8131999999}",3289976832,18618798080,True,Sampled process RSS is a lower bound; process lifetime peak is not per-trial peak. CPU only.
terrain,loo-road,854a16fc2a32456f7d4b8168a5ccae24b460c941a8d968293e4ce66b21b238f8,runtime_warm,"{""actual_horizon_seconds"":1801.0,""hardware_sha256"":""4246fcf1c725906701b4c9424429fee0ab075c4dbf0cf366e7ac836e0644c89d"",""trial"":{""baseline_rss_bytes"":2595303424,""end_to_end_ms"":519432.2103,""ended_monotonic_ns"":242148666409500,""gpu_memory"":{""reason"":""CPU-only timed workload"",""status"":""not_applicable""},""inclusive_stage_ms"":{""checkpoint_and_input_io"":0.0,""rollout"":519432.1467,""terrain_io_and_query"":493697.9696999999},""memory_sample_seconds"":0.01,""process_lifetime_peak_rss_bytes"":18618798080,""sampled_peak_increment_bytes"":3104768,""sampled_peak_rss_bytes"":2598408192,""started_monotonic_ns"":241629234199200}}",2,success,True,e29a2343e0977798e99d9bfc778125f0f94f4402d332d83fc4d8164a47d98931,1801.0,4246fcf1c725906701b4c9424429fee0ab075c4dbf0cf366e7ac836e0644c89d,519432.2103,"{""checkpoint_and_input_io"":0.0,""rollout"":519432.1467,""terrain_io_and_query"":493697.9696999999}",2598408192,18618798080,True,Sampled process RSS is a lower bound; process lifetime peak is not per-trial peak. CPU only.
terrain,loo-road,fe39799b8c4aba6939ad9b5822d0f5edd26c0c7c197662367eee26d363fab6a2,runtime_warm,"{""actual_horizon_seconds"":1801.0,""hardware_sha256"":""4246fcf1c725906701b4c9424429fee0ab075c4dbf0cf366e7ac836e0644c89d"",""trial"":{""baseline_rss_bytes"":1264504832,""end_to_end_ms"":453043.7709,""ended_monotonic_ns"":242603228801700,""gpu_memory"":{""reason"":""CPU-only timed workload"",""status"":""not_applicable""},""inclusive_stage_ms"":{""checkpoint_and_input_io"":0.0,""rollout"":453043.7196,""terrain_io_and_query"":431429.5830999999},""memory_sample_seconds"":0.01,""process_lifetime_peak_rss_bytes"":18618798080,""sampled_peak_increment_bytes"":3502080,""sampled_peak_rss_bytes"":1268006912,""started_monotonic_ns"":242150185030800}}",3,success,True,d4adb51fdee6f407d2f21f798d5618e52e24da6076aa4b53fedea9b017d37808,1801.0,4246fcf1c725906701b4c9424429fee0ab075c4dbf0cf366e7ac836e0644c89d,453043.7709,"{""checkpoint_and_input_io"":0.0,""rollout"":453043.7196,""terrain_io_and_query"":431429.5830999999}",1268006912,18618798080,True,Sampled process RSS is a lower bound; process lifetime peak is not per-trial peak. CPU only.
terrain,loo-road,887b74921341b02576b8ebab8c24965599b35e98f46f901e6c910ebad3fb06c4,runtime_warm,"{""actual_horizon_seconds"":1801.0,""hardware_sha256"":""4246fcf1c725906701b4c9424429fee0ab075c4dbf0cf366e7ac836e0644c89d"",""trial"":{""baseline_rss_bytes"":301142016,""end_to_end_ms"":447570.4379,""ended_monotonic_ns"":243051881397400,""gpu_memory"":{""reason"":""CPU-only timed workload"",""status"":""not_applicable""},""inclusive_stage_ms"":{""checkpoint_and_input_io"":0.0,""rollout"":447570.3844,""terrain_io_and_query"":425924.97109999956},""memory_sample_seconds"":0.01,""process_lifetime_peak_rss_bytes"":18618798080,""sampled_peak_increment_bytes"":5562368,""sampled_peak_rss_bytes"":306704384,""started_monotonic_ns"":242604310959500}}",4,success,True,73f959cb2a466bf8aa53683cfa90dc48235d19fa6362bd9bbe80b646c4083c5c,1801.0,4246fcf1c725906701b4c9424429fee0ab075c4dbf0cf366e7ac836e0644c89d,447570.4379,"{""checkpoint_and_input_io"":0.0,""rollout"":447570.3844,""terrain_io_and_query"":425924.97109999956}",306704384,18618798080,True,Sampled process RSS is a lower bound; process lifetime peak is not per-trial peak. CPU only.
terrain,loo-road,24acabbb9870997ce549ed7e3d35df14bbc17c4d0b29894eff52cc282ea8d992,runtime_warmup,"{""actual_horizon_seconds"":1801.0,""hardware_sha256"":""4246fcf1c725906701b4c9424429fee0ab075c4dbf0cf366e7ac836e0644c89d"",""trial"":{""baseline_rss_bytes"":2671710208,""end_to_end_ms"":584249.16,""ended_monotonic_ns"":240630308433300,""gpu_memory"":{""reason"":""CPU-only timed workload"",""status"":""not_applicable""},""inclusive_stage_ms"":{""checkpoint_and_input_io"":1334.4292,""rollout"":582914.6533,""terrain_io_and_query"":559104.1475000002},""memory_sample_seconds"":0.01,""process_lifetime_peak_rss_bytes"":18618798080,""sampled_peak_increment_bytes"":762785792,""sampled_peak_rss_bytes"":3434496000,""started_monotonic_ns"":240046059273300}}",0,success,,80067aeb15972d301aa86b66aba91b4549f21fae772390a522b5f39b9e52b9d4,1801.0,4246fcf1c725906701b4c9424429fee0ab075c4dbf0cf366e7ac836e0644c89d,584249.16,"{""checkpoint_and_input_io"":1334.4292,""rollout"":582914.6533,""terrain_io_and_query"":559104.1475000002}",3434496000,18618798080,False,Sampled process RSS is a lower bound; process lifetime peak is not per-trial peak. CPU only.
terrain,loo-surface,7c2325f975990c06ddb2c1ac28685f8aa7f78e65ab33f88ad580403861e55b66,runtime_cold,"{""actual_horizon_seconds"":1801.0,""hardware_sha256"":""4246fcf1c725906701b4c9424429fee0ab075c4dbf0cf366e7ac836e0644c89d"",""trial"":{""baseline_rss_bytes"":1082658816,""end_to_end_ms"":2315996.3217,""ended_monotonic_ns"":245747896785200,""gpu_memory"":{""reason"":""CPU-only timed workload"",""status"":""not_applicable""},""inclusive_stage_ms"":{""checkpoint_and_input_io"":1651.0027,""rollout"":2314345.2324,""terrain_io_and_query"":2295073.071799998},""memory_sample_seconds"":0.01,""process_lifetime_peak_rss_bytes"":18618798080,""sampled_peak_increment_bytes"":1361227776,""sampled_peak_rss_bytes"":2443886592,""started_monotonic_ns"":243431900463500}}",0,success,,ec8657336f88577b3adc085c953be0de3c502371f35b136b641c24f33f5c87a0,1801.0,4246fcf1c725906701b4c9424429fee0ab075c4dbf0cf366e7ac836e0644c89d,2315996.3217,"{""checkpoint_and_input_io"":1651.0027,""rollout"":2314345.2324,""terrain_io_and_query"":2295073.071799998}",2443886592,18618798080,True,Sampled process RSS is a lower bound; process lifetime peak is not per-trial peak. CPU only.
terrain,loo-surface,9b3091ba008ecccf896bbec3a794d422836df0c69cd1c225c6fa6ade14f3986b,runtime_cold,"{""actual_horizon_seconds"":1801.0,""hardware_sha256"":""4246fcf1c725906701b4c9424429fee0ab075c4dbf0cf366e7ac836e0644c89d"",""trial"":{""baseline_rss_bytes"":1709494272,""end_to_end_ms"":411812.3497,""ended_monotonic_ns"":246163950933400,""gpu_memory"":{""reason"":""CPU-only timed workload"",""status"":""not_applicable""},""inclusive_stage_ms"":{""checkpoint_and_input_io"":944.3567,""rollout"":410867.8999,""terrain_io_and_query"":395378.24779999966},""memory_sample_seconds"":0.01,""process_lifetime_peak_rss_bytes"":18618798080,""sampled_peak_increment_bytes"":1718554624,""sampled_peak_rss_bytes"":3428048896,""started_monotonic_ns"":245752138583700}}",1,success,,41ec0fdfb0ae4c218937517b682b7ff08266e97fdffbdb084699071133a70777,1801.0,4246fcf1c725906701b4c9424429fee0ab075c4dbf0cf366e7ac836e0644c89d,411812.3497,"{""checkpoint_and_input_io"":944.3567,""rollout"":410867.8999,""terrain_io_and_query"":395378.24779999966}",3428048896,18618798080,True,Sampled process RSS is a lower bound; process lifetime peak is not per-trial peak. CPU only.
terrain,loo-surface,6e7963df86604387121a198fa8205a9fa196098c6935fc994d446da7c40829e1,runtime_cold,"{""actual_horizon_seconds"":1801.0,""hardware_sha256"":""4246fcf1c725906701b4c9424429fee0ab075c4dbf0cf366e7ac836e0644c89d"",""trial"":{""baseline_rss_bytes"":2710433792,""end_to_end_ms"":424371.7022,""ended_monotonic_ns"":246592317343500,""gpu_memory"":{""reason"":""CPU-only timed workload"",""status"":""not_applicable""},""inclusive_stage_ms"":{""checkpoint_and_input_io"":930.9752,""rollout"":423440.6675,""terrain_io_and_query"":407561.5406000004},""memory_sample_seconds"":0.01,""process_lifetime_peak_rss_bytes"":18618798080,""sampled_peak_increment_bytes"":735510528,""sampled_peak_rss_bytes"":3445944320,""started_monotonic_ns"":246167945641300}}",2,success,,ea354776ca978f0972b4db6d2179e267716b29b23f6343d145a4ee13dba3c8db,1801.0,4246fcf1c725906701b4c9424429fee0ab075c4dbf0cf366e7ac836e0644c89d,424371.7022,"{""checkpoint_and_input_io"":930.9752,""rollout"":423440.6675,""terrain_io_and_query"":407561.5406000004}",3445944320,18618798080,True,Sampled process RSS is a lower bound; process lifetime peak is not per-trial peak. CPU only.
terrain,loo-surface,f84f7250ea6542c93b2db45a22ff6bdf57f3298dab2f3f0b94d7fd8f60142544,runtime_cold,"{""actual_horizon_seconds"":1801.0,""hardware_sha256"":""4246fcf1c725906701b4c9424429fee0ab075c4dbf0cf366e7ac836e0644c89d"",""trial"":{""baseline_rss_bytes"":2724814848,""end_to_end_ms"":383299.5443,""ended_monotonic_ns"":246979549387300,""gpu_memory"":{""reason"":""CPU-only timed workload"",""status"":""not_applicable""},""inclusive_stage_ms"":{""checkpoint_and_input_io"":844.2389,""rollout"":382455.2291,""terrain_io_and_query"":368048.4393999999},""memory_sample_seconds"":0.01,""process_lifetime_peak_rss_bytes"":18618798080,""sampled_peak_increment_bytes"":769994752,""sampled_peak_rss_bytes"":3494809600,""started_monotonic_ns"":246596249843000}}",3,success,,de42fbd3475122ed0411e1df62101762cc4f26d9abb045c695bd72c77ea54970,1801.0,4246fcf1c725906701b4c9424429fee0ab075c4dbf0cf366e7ac836e0644c89d,383299.5443,"{""checkpoint_and_input_io"":844.2389,""rollout"":382455.2291,""terrain_io_and_query"":368048.4393999999}",3494809600,18618798080,True,Sampled process RSS is a lower bound; process lifetime peak is not per-trial peak. CPU only.
terrain,loo-surface,9a065537df40440dcab7d93b7f18732dd609f8acd1812768f56393abba0fa9f2,runtime_cold,"{""actual_horizon_seconds"":1801.0,""hardware_sha256"":""4246fcf1c725906701b4c9424429fee0ab075c4dbf0cf366e7ac836e0644c89d"",""trial"":{""baseline_rss_bytes"":2770644992,""end_to_end_ms"":427087.6301,""ended_monotonic_ns"":247411677168900,""gpu_memory"":{""reason"":""CPU-only timed workload"",""status"":""not_applicable""},""inclusive_stage_ms"":{""checkpoint_and_input_io"":1091.546,""rollout"":425996.0352,""terrain_io_and_query"":409696.6378999995},""memory_sample_seconds"":0.01,""process_lifetime_peak_rss_bytes"":18618798080,""sampled_peak_increment_bytes"":763273216,""sampled_peak_rss_bytes"":3533918208,""started_monotonic_ns"":246984589538800}}",4,success,,d5a61967ab7f67cbfbe36f4af85661597e9f0eedaad9b880a8898e1ed70782b9,1801.0,4246fcf1c725906701b4c9424429fee0ab075c4dbf0cf366e7ac836e0644c89d,427087.6301,"{""checkpoint_and_input_io"":1091.546,""rollout"":425996.0352,""terrain_io_and_query"":409696.6378999995}",3533918208,18618798080,True,Sampled process RSS is a lower bound; process lifetime peak is not per-trial peak. CPU only.
terrain,loo-surface,41e38828becc4d27b34d1757b9f8ae47e7fe78ac6d1f1c3b0e61d20534638990,runtime_warm,"{""actual_horizon_seconds"":1801.0,""hardware_sha256"":""4246fcf1c725906701b4c9424429fee0ab075c4dbf0cf366e7ac836e0644c89d"",""trial"":{""baseline_rss_bytes"":3514912768,""end_to_end_ms"":322221.8419,""ended_monotonic_ns"":248141909603400,""gpu_memory"":{""reason"":""CPU-only timed workload"",""status"":""not_applicable""},""inclusive_stage_ms"":{""checkpoint_and_input_io"":0.0,""rollout"":322221.7924,""terrain_io_and_query"":306350.1953000001},""memory_sample_seconds"":0.01,""process_lifetime_peak_rss_bytes"":18618798080,""sampled_peak_increment_bytes"":4210688,""sampled_peak_rss_bytes"":3519123456,""started_monotonic_ns"":247819687761500}}",0,success,True,24a421ef4428d52e8ce03fdc080b4685906c1d0bf9d8b7dbe8714c85fe29ee7c,1801.0,4246fcf1c725906701b4c9424429fee0ab075c4dbf0cf366e7ac836e0644c89d,322221.8419,"{""checkpoint_and_input_io"":0.0,""rollout"":322221.7924,""terrain_io_and_query"":306350.1953000001}",3519123456,18618798080,True,Sampled process RSS is a lower bound; process lifetime peak is not per-trial peak. CPU only.
terrain,loo-surface,0c81c3a17463dd6b0194828f05fc024a92248b31cade1f4a96fa784ab7421795,runtime_warm,"{""actual_horizon_seconds"":1801.0,""hardware_sha256"":""4246fcf1c725906701b4c9424429fee0ab075c4dbf0cf366e7ac836e0644c89d"",""trial"":{""baseline_rss_bytes"":3446935552,""end_to_end_ms"":300810.0378,""ended_monotonic_ns"":248443575173800,""gpu_memory"":{""reason"":""CPU-only timed workload"",""status"":""not_applicable""},""inclusive_stage_ms"":{""checkpoint_and_input_io"":0.0,""rollout"":300809.9582,""terrain_io_and_query"":286007.51220000023},""memory_sample_seconds"":0.01,""process_lifetime_peak_rss_bytes"":18618798080,""sampled_peak_increment_bytes"":8953856,""sampled_peak_rss_bytes"":3455889408,""started_monotonic_ns"":248142765136000}}",1,success,True,44f5b9d8f3e272a04e440207b38bd5e4a82482be06b32bf1a9be512d8edf070f,1801.0,4246fcf1c725906701b4c9424429fee0ab075c4dbf0cf366e7ac836e0644c89d,300810.0378,"{""checkpoint_and_input_io"":0.0,""rollout"":300809.9582,""terrain_io_and_query"":286007.51220000023}",3455889408,18618798080,True,Sampled process RSS is a lower bound; process lifetime peak is not per-trial peak. CPU only.
terrain,loo-surface,744053ce1f8a3f9e2931dac6730c1ae03981e99ecceee646fbe263ac9021ef7c,runtime_warm,"{""actual_horizon_seconds"":1801.0,""hardware_sha256"":""4246fcf1c725906701b4c9424429fee0ab075c4dbf0cf366e7ac836e0644c89d"",""trial"":{""baseline_rss_bytes"":3367464960,""end_to_end_ms"":336230.7375,""ended_monotonic_ns"":248780695082400,""gpu_memory"":{""reason"":""CPU-only timed workload"",""status"":""not_applicable""},""inclusive_stage_ms"":{""checkpoint_and_input_io"":0.0,""rollout"":336230.698,""terrain_io_and_query"":319942.66350000014},""memory_sample_seconds"":0.01,""process_lifetime_peak_rss_bytes"":18618798080,""sampled_peak_increment_bytes"":8970240,""sampled_peak_rss_bytes"":3376435200,""started_monotonic_ns"":248444464344900}}",2,success,True,a5071b271ada8e95c653e8696427c52420981d8c4b1f894c74809b9f943add64,1801.0,4246fcf1c725906701b4c9424429fee0ab075c4dbf0cf366e7ac836e0644c89d,336230.7375,"{""checkpoint_and_input_io"":0.0,""rollout"":336230.698,""terrain_io_and_query"":319942.66350000014}",3376435200,18618798080,True,Sampled process RSS is a lower bound; process lifetime peak is not per-trial peak. CPU only.
terrain,loo-surface,9697e6d744369c52a5906800d4c04139ad4469d1c75c9681219b37d96d010d00,runtime_warm,"{""actual_horizon_seconds"":1801.0,""hardware_sha256"":""4246fcf1c725906701b4c9424429fee0ab075c4dbf0cf366e7ac836e0644c89d"",""trial"":{""baseline_rss_bytes"":3367469056,""end_to_end_ms"":348074.1947,""ended_monotonic_ns"":249129603358000,""gpu_memory"":{""reason"":""CPU-only timed workload"",""status"":""not_applicable""},""inclusive_stage_ms"":{""checkpoint_and_input_io"":0.0,""rollout"":348074.1537,""terrain_io_and_query"":331336.69099999993},""memory_sample_seconds"":0.01,""process_lifetime_peak_rss_bytes"":18618798080,""sampled_peak_increment_bytes"":3043328,""sampled_peak_rss_bytes"":3370512384,""started_monotonic_ns"":248781529163300}}",3,success,True,4847d4f492fcdbe8c806ffea62023dd52456680b245eb9bcda310da8be040352,1801.0,4246fcf1c725906701b4c9424429fee0ab075c4dbf0cf366e7ac836e0644c89d,348074.1947,"{""checkpoint_and_input_io"":0.0,""rollout"":348074.1537,""terrain_io_and_query"":331336.69099999993}",3370512384,18618798080,True,Sampled process RSS is a lower bound; process lifetime peak is not per-trial peak. CPU only.
terrain,loo-surface,67106e918800c5399505f3a345408d3fb726a6520045d1b8ccdad28fea037edc,runtime_warm,"{""actual_horizon_seconds"":1801.0,""hardware_sha256"":""4246fcf1c725906701b4c9424429fee0ab075c4dbf0cf366e7ac836e0644c89d"",""trial"":{""baseline_rss_bytes"":3298439168,""end_to_end_ms"":339721.4352,""ended_monotonic_ns"":249470711332600,""gpu_memory"":{""reason"":""CPU-only timed workload"",""status"":""not_applicable""},""inclusive_stage_ms"":{""checkpoint_and_input_io"":0.0,""rollout"":339721.3954,""terrain_io_and_query"":323268.6057},""memory_sample_seconds"":0.01,""process_lifetime_peak_rss_bytes"":18618798080,""sampled_peak_increment_bytes"":8970240,""sampled_peak_rss_bytes"":3307409408,""started_monotonic_ns"":249130989897400}}",4,success,True,df9a66bb6d0c6f57e7c1af336fc92f64c605d04765e2315095f0906297ba1415,1801.0,4246fcf1c725906701b4c9424429fee0ab075c4dbf0cf366e7ac836e0644c89d,339721.4352,"{""checkpoint_and_input_io"":0.0,""rollout"":339721.3954,""terrain_io_and_query"":323268.6057}",3307409408,18618798080,True,Sampled process RSS is a lower bound; process lifetime peak is not per-trial peak. CPU only.
terrain,loo-surface,f6c29fe1fcb1918f4e0ba2e81e9a11829601e3ef395ac94d6b1e176ef68f84ae,runtime_warmup,"{""actual_horizon_seconds"":1801.0,""hardware_sha256"":""4246fcf1c725906701b4c9424429fee0ab075c4dbf0cf366e7ac836e0644c89d"",""trial"":{""baseline_rss_bytes"":2805854208,""end_to_end_ms"":403098.6426,""ended_monotonic_ns"":247818705372800,""gpu_memory"":{""reason"":""CPU-only timed workload"",""status"":""not_applicable""},""inclusive_stage_ms"":{""checkpoint_and_input_io"":964.4427,""rollout"":402134.1069,""terrain_io_and_query"":386227.18090000027},""memory_sample_seconds"":0.01,""process_lifetime_peak_rss_bytes"":18618798080,""sampled_peak_increment_bytes"":729276416,""sampled_peak_rss_bytes"":3535130624,""started_monotonic_ns"":247415606730200}}",0,success,,95e04f9223b1f7989b892b6e8551b03679960a693909415da02ea65f3e488dd3,1801.0,4246fcf1c725906701b4c9424429fee0ab075c4dbf0cf366e7ac836e0644c89d,403098.6426,"{""checkpoint_and_input_io"":964.4427,""rollout"":402134.1069,""terrain_io_and_query"":386227.18090000027}",3535130624,18618798080,False,Sampled process RSS is a lower bound; process lifetime peak is not per-trial peak. CPU only.
terrain,loo-worldcover,92d582bb626f4805e0da723fdbab2b2b66f56bcd9ff03900a666916ad59c346b,runtime_cold,"{""actual_horizon_seconds"":1801.0,""hardware_sha256"":""4246fcf1c725906701b4c9424429fee0ab075c4dbf0cf366e7ac836e0644c89d"",""trial"":{""baseline_rss_bytes"":1124872192,""end_to_end_ms"":460928.4126,""ended_monotonic_ns"":250254769351600,""gpu_memory"":{""reason"":""CPU-only timed workload"",""status"":""not_applicable""},""inclusive_stage_ms"":{""checkpoint_and_input_io"":1054.6072,""rollout"":459873.7369,""terrain_io_and_query"":438914.4332000002},""memory_sample_seconds"":0.01,""process_lifetime_peak_rss_bytes"":18618798080,""sampled_peak_increment_bytes"":2198478848,""sampled_peak_rss_bytes"":3323351040,""started_monotonic_ns"":249793840939000}}",0,success,,346950c1401b5196f49804b557f2fbb6bd06f3678744eda73471112a411259c8,1801.0,4246fcf1c725906701b4c9424429fee0ab075c4dbf0cf366e7ac836e0644c89d,460928.4126,"{""checkpoint_and_input_io"":1054.6072,""rollout"":459873.7369,""terrain_io_and_query"":438914.4332000002}",3323351040,18618798080,True,Sampled process RSS is a lower bound; process lifetime peak is not per-trial peak. CPU only.
terrain,loo-worldcover,1ec7b408f77add52f206d2e3be35e3644148f6f1f5a5703461938210aac8676a,runtime_cold,"{""actual_horizon_seconds"":1801.0,""hardware_sha256"":""4246fcf1c725906701b4c9424429fee0ab075c4dbf0cf366e7ac836e0644c89d"",""trial"":{""baseline_rss_bytes"":2594136064,""end_to_end_ms"":586222.0389,""ended_monotonic_ns"":250846769350200,""gpu_memory"":{""reason"":""CPU-only timed workload"",""status"":""not_applicable""},""inclusive_stage_ms"":{""checkpoint_and_input_io"":1397.8538,""rollout"":584824.1046,""terrain_io_and_query"":558289.6381},""memory_sample_seconds"":0.01,""process_lifetime_peak_rss_bytes"":18618798080,""sampled_peak_increment_bytes"":749494272,""sampled_peak_rss_bytes"":3343630336,""started_monotonic_ns"":250260547311300}}",1,success,,4f7d043dacf83affe10763d0da9fc92e81ed52f6c1ceffa24f4145311d10c146,1801.0,4246fcf1c725906701b4c9424429fee0ab075c4dbf0cf366e7ac836e0644c89d,586222.0389,"{""checkpoint_and_input_io"":1397.8538,""rollout"":584824.1046,""terrain_io_and_query"":558289.6381}",3343630336,18618798080,True,Sampled process RSS is a lower bound; process lifetime peak is not per-trial peak. CPU only.
terrain,loo-worldcover,a97b910d6fef3276156c2037392295c2dec11030abfd56722dc327c9217a4461,runtime_cold,"{""actual_horizon_seconds"":1801.0,""hardware_sha256"":""4246fcf1c725906701b4c9424429fee0ab075c4dbf0cf366e7ac836e0644c89d"",""trial"":{""baseline_rss_bytes"":2617032704,""end_to_end_ms"":516984.5403,""ended_monotonic_ns"":251369035128400,""gpu_memory"":{""reason"":""CPU-only timed workload"",""status"":""not_applicable""},""inclusive_stage_ms"":{""checkpoint_and_input_io"":1306.398,""rollout"":515678.0452,""terrain_io_and_query"":493040.0061000004},""memory_sample_seconds"":0.01,""process_lifetime_peak_rss_bytes"":18618798080,""sampled_peak_increment_bytes"":745099264,""sampled_peak_rss_bytes"":3362131968,""started_monotonic_ns"":250852050588100}}",2,success,,99a8fb7fbc4092badebba25cc1030eb84f4a1de81374dec68b70169556014fe4,1801.0,4246fcf1c725906701b4c9424429fee0ab075c4dbf0cf366e7ac836e0644c89d,516984.5403,"{""checkpoint_and_input_io"":1306.398,""rollout"":515678.0452,""terrain_io_and_query"":493040.0061000004}",3362131968,18618798080,True,Sampled process RSS is a lower bound; process lifetime peak is not per-trial peak. CPU only.
terrain,loo-worldcover,0922989c30ffb8f47d60e169e2f9c12b9a4c7e3aa7faeb2360ead446a69fa08b,runtime_cold,"{""actual_horizon_seconds"":1801.0,""hardware_sha256"":""4246fcf1c725906701b4c9424429fee0ab075c4dbf0cf366e7ac836e0644c89d"",""trial"":{""baseline_rss_bytes"":2597920768,""end_to_end_ms"":508441.6958,""ended_monotonic_ns"":251883778011200,""gpu_memory"":{""reason"":""CPU-only timed workload"",""status"":""not_applicable""},""inclusive_stage_ms"":{""checkpoint_and_input_io"":1319.931,""rollout"":507121.6923,""terrain_io_and_query"":484559.16790000035},""memory_sample_seconds"":0.01,""process_lifetime_peak_rss_bytes"":18618798080,""sampled_peak_increment_bytes"":796758016,""sampled_peak_rss_bytes"":3394678784,""started_monotonic_ns"":251375336315400}}",3,success,,0aa45b4d430d7f117fd8af1c22a2cab9abd7c1d9c3c28b4a62760f798d6f4b80,1801.0,4246fcf1c725906701b4c9424429fee0ab075c4dbf0cf366e7ac836e0644c89d,508441.6958,"{""checkpoint_and_input_io"":1319.931,""rollout"":507121.6923,""terrain_io_and_query"":484559.16790000035}",3394678784,18618798080,True,Sampled process RSS is a lower bound; process lifetime peak is not per-trial peak. CPU only.
terrain,loo-worldcover,29b4728db6ef38880a6eb64819ac59b7487b3221784f1fedb709108e8f32cf62,runtime_cold,"{""actual_horizon_seconds"":1801.0,""hardware_sha256"":""4246fcf1c725906701b4c9424429fee0ab075c4dbf0cf366e7ac836e0644c89d"",""trial"":{""baseline_rss_bytes"":2578608128,""end_to_end_ms"":512210.797,""ended_monotonic_ns"":252401045389800,""gpu_memory"":{""reason"":""CPU-only timed workload"",""status"":""not_applicable""},""inclusive_stage_ms"":{""checkpoint_and_input_io"":1292.2448,""rollout"":510918.4883,""terrain_io_and_query"":487386.0706000001},""memory_sample_seconds"":0.01,""process_lifetime_peak_rss_bytes"":18618798080,""sampled_peak_increment_bytes"":743424000,""sampled_peak_rss_bytes"":3322032128,""started_monotonic_ns"":251888834592800}}",4,success,,fd3e2eaa6fffe4eb4f51241c8843d098bc154e692dd1fbc86865d66e0717cf5c,1801.0,4246fcf1c725906701b4c9424429fee0ab075c4dbf0cf366e7ac836e0644c89d,512210.797,"{""checkpoint_and_input_io"":1292.2448,""rollout"":510918.4883,""terrain_io_and_query"":487386.0706000001}",3322032128,18618798080,True,Sampled process RSS is a lower bound; process lifetime peak is not per-trial peak. CPU only.
terrain,loo-worldcover,7034e59c68a70de832723e2225cfc55af12da08a9b6df3740a0a97ddf36cf4d5,runtime_warm,"{""actual_horizon_seconds"":1801.0,""hardware_sha256"":""4246fcf1c725906701b4c9424429fee0ab075c4dbf0cf366e7ac836e0644c89d"",""trial"":{""baseline_rss_bytes"":3294674944,""end_to_end_ms"":421085.6799,""ended_monotonic_ns"":253352497218900,""gpu_memory"":{""reason"":""CPU-only timed workload"",""status"":""not_applicable""},""inclusive_stage_ms"":{""checkpoint_and_input_io"":0.0,""rollout"":421085.5904,""terrain_io_and_query"":396995.4988},""memory_sample_seconds"":0.01,""process_lifetime_peak_rss_bytes"":18618798080,""sampled_peak_increment_bytes"":8978432,""sampled_peak_rss_bytes"":3303653376,""started_monotonic_ns"":252931411539000}}",0,success,True,b7a6ad916655a9b6b55d37543d85fa7bd311b3bf0e4125c19c8049e78ce28bb6,1801.0,4246fcf1c725906701b4c9424429fee0ab075c4dbf0cf366e7ac836e0644c89d,421085.6799,"{""checkpoint_and_input_io"":0.0,""rollout"":421085.5904,""terrain_io_and_query"":396995.4988}",3303653376,18618798080,True,Sampled process RSS is a lower bound; process lifetime peak is not per-trial peak. CPU only.
terrain,loo-worldcover,ad91e521889412d140dd47f769e5a17344d158f7611db2962b354da6a03f068f,runtime_warm,"{""actual_horizon_seconds"":1801.0,""hardware_sha256"":""4246fcf1c725906701b4c9424429fee0ab075c4dbf0cf366e7ac836e0644c89d"",""trial"":{""baseline_rss_bytes"":3296030720,""end_to_end_ms"":385863.4295,""ended_monotonic_ns"":253740068320200,""gpu_memory"":{""reason"":""CPU-only timed workload"",""status"":""not_applicable""},""inclusive_stage_ms"":{""checkpoint_and_input_io"":0.0,""rollout"":385863.3445,""terrain_io_and_query"":364044.2351},""memory_sample_seconds"":0.01,""process_lifetime_peak_rss_bytes"":18618798080,""sampled_peak_increment_bytes"":8970240,""sampled_peak_rss_bytes"":3305000960,""started_monotonic_ns"":253354204890700}}",1,success,True,9092fce552102fbe04c45aa2c3aa39ea4255b0cd67e1af1cc08d463ba3f4cefe,1801.0,4246fcf1c725906701b4c9424429fee0ab075c4dbf0cf366e7ac836e0644c89d,385863.4295,"{""checkpoint_and_input_io"":0.0,""rollout"":385863.3445,""terrain_io_and_query"":364044.2351}",3305000960,18618798080,True,Sampled process RSS is a lower bound; process lifetime peak is not per-trial peak. CPU only.
terrain,loo-worldcover,63599d574127a1c01595b4d1ed029483f9eb5c025e2eec9877e5f57fe1e0b1b6,runtime_warm,"{""actual_horizon_seconds"":1801.0,""hardware_sha256"":""4246fcf1c725906701b4c9424429fee0ab075c4dbf0cf366e7ac836e0644c89d"",""trial"":{""baseline_rss_bytes"":3299639296,""end_to_end_ms"":371740.618,""ended_monotonic_ns"":254113020035100,""gpu_memory"":{""reason"":""CPU-only timed workload"",""status"":""not_applicable""},""inclusive_stage_ms"":{""checkpoint_and_input_io"":0.0,""rollout"":371740.5753,""terrain_io_and_query"":350958.30169999995},""memory_sample_seconds"":0.01,""process_lifetime_peak_rss_bytes"":18618798080,""sampled_peak_increment_bytes"":6889472,""sampled_peak_rss_bytes"":3306528768,""started_monotonic_ns"":253741279417100}}",2,success,True,ea3c90e679d3ccd3badd631925e7d2cb3739eec776bfb2525be96993c9807ff9,1801.0,4246fcf1c725906701b4c9424429fee0ab075c4dbf0cf366e7ac836e0644c89d,371740.618,"{""checkpoint_and_input_io"":0.0,""rollout"":371740.5753,""terrain_io_and_query"":350958.30169999995}",3306528768,18618798080,True,Sampled process RSS is a lower bound; process lifetime peak is not per-trial peak. CPU only.
terrain,loo-worldcover,9855713a62f6b0b145823d43f991842047cb04bef43142778754a07d6512c42c,runtime_warm,"{""actual_horizon_seconds"":1801.0,""hardware_sha256"":""4246fcf1c725906701b4c9424429fee0ab075c4dbf0cf366e7ac836e0644c89d"",""trial"":{""baseline_rss_bytes"":3213795328,""end_to_end_ms"":356028.4296,""ended_monotonic_ns"":254470131292100,""gpu_memory"":{""reason"":""CPU-only timed workload"",""status"":""not_applicable""},""inclusive_stage_ms"":{""checkpoint_and_input_io"":0.0,""rollout"":356028.3819,""terrain_io_and_query"":335944.9659999999},""memory_sample_seconds"":0.01,""process_lifetime_peak_rss_bytes"":18618798080,""sampled_peak_increment_bytes"":7307264,""sampled_peak_rss_bytes"":3221102592,""started_monotonic_ns"":254114102862500}}",3,success,True,2aa04a9361b253025561c2c6e672d8aedc9a265ae62fd802d86b6dcc766bef30,1801.0,4246fcf1c725906701b4c9424429fee0ab075c4dbf0cf366e7ac836e0644c89d,356028.4296,"{""checkpoint_and_input_io"":0.0,""rollout"":356028.3819,""terrain_io_and_query"":335944.9659999999}",3221102592,18618798080,True,Sampled process RSS is a lower bound; process lifetime peak is not per-trial peak. CPU only.
terrain,loo-worldcover,cffd8f9e3b25e76ef0b47cec55522b609c5c3b4998f13619f997656ace8a91db,runtime_warm,"{""actual_horizon_seconds"":1801.0,""hardware_sha256"":""4246fcf1c725906701b4c9424429fee0ab075c4dbf0cf366e7ac836e0644c89d"",""trial"":{""baseline_rss_bytes"":3218124800,""end_to_end_ms"":357777.1119,""ended_monotonic_ns"":254828917944600,""gpu_memory"":{""reason"":""CPU-only timed workload"",""status"":""not_applicable""},""inclusive_stage_ms"":{""checkpoint_and_input_io"":0.0,""rollout"":357777.0637,""terrain_io_and_query"":337623.6726999996},""memory_sample_seconds"":0.01,""process_lifetime_peak_rss_bytes"":18618798080,""sampled_peak_increment_bytes"":8978432,""sampled_peak_rss_bytes"":3227103232,""started_monotonic_ns"":254471140832700}}",4,success,True,3b418912df3bd67c519bad0e8df059f53627294db74665c56fd2e85a43c9d5e4,1801.0,4246fcf1c725906701b4c9424429fee0ab075c4dbf0cf366e7ac836e0644c89d,357777.1119,"{""checkpoint_and_input_io"":0.0,""rollout"":357777.0637,""terrain_io_and_query"":337623.6726999996}",3227103232,18618798080,True,Sampled process RSS is a lower bound; process lifetime peak is not per-trial peak. CPU only.
terrain,loo-worldcover,658fea0a867bf0a56a4bb11c58405316e3713d47c585923e5f47800dd3c74c7e,runtime_warmup,"{""actual_horizon_seconds"":1801.0,""hardware_sha256"":""4246fcf1c725906701b4c9424429fee0ab075c4dbf0cf366e7ac836e0644c89d"",""trial"":{""baseline_rss_bytes"":2614349824,""end_to_end_ms"":524381.1367,""ended_monotonic_ns"":252930044681900,""gpu_memory"":{""reason"":""CPU-only timed workload"",""status"":""not_applicable""},""inclusive_stage_ms"":{""checkpoint_and_input_io"":1511.3252,""rollout"":522869.5655,""terrain_io_and_query"":499875.8772999998},""memory_sample_seconds"":0.01,""process_lifetime_peak_rss_bytes"":18618798080,""sampled_peak_increment_bytes"":708218880,""sampled_peak_rss_bytes"":3322568704,""started_monotonic_ns"":252405663545200}}",0,success,,d148428ada83e1e9558aeb5b6f65ebaca9d71b1b4e73026d8216f511aded0572,1801.0,4246fcf1c725906701b4c9424429fee0ab075c4dbf0cf366e7ac836e0644c89d,524381.1367,"{""checkpoint_and_input_io"":1511.3252,""rollout"":522869.5655,""terrain_io_and_query"":499875.8772999998}",3322568704,18618798080,False,Sampled process RSS is a lower bound; process lifetime peak is not per-trial peak. CPU only.
